------------------------------------------------------------------------------
-- New pantheon beliefs
------------------------------------------------------------------------------

INSERT OR IGNORE INTO Types (Type, Kind) VALUES
	('BELIEF_ZYL_LBM_MOON_GODDESS', 'KIND_BELIEF'),
	('BELIEF_ZYL_LBM_CALM_SEA_GODDESS', 'KIND_BELIEF'),
	('BELIEF_ZYL_LBM_COMMERCE_GODDESS', 'KIND_BELIEF'),
	('BELIEF_ZYL_LBM_SUN_GOD', 'KIND_BELIEF'),
	('BELIEF_ZYL_LBM_ORAL_TRADITION', 'KIND_BELIEF');

INSERT OR IGNORE INTO Beliefs (BeliefType, Name, Description, BeliefClassType) VALUES
	('BELIEF_ZYL_LBM_MOON_GODDESS', 'LOC_BELIEF_ZYL_LBM_MOON_GODDESS_NAME', 'LOC_BELIEF_ZYL_LBM_MOON_GODDESS_DESCRIPTION', 'BELIEF_CLASS_PANTHEON'),
	('BELIEF_ZYL_LBM_CALM_SEA_GODDESS', 'LOC_BELIEF_ZYL_LBM_CALM_SEA_GODDESS_NAME', 'LOC_BELIEF_ZYL_LBM_CALM_SEA_GODDESS_DESCRIPTION', 'BELIEF_CLASS_PANTHEON'),
	('BELIEF_ZYL_LBM_COMMERCE_GODDESS', 'LOC_BELIEF_ZYL_LBM_COMMERCE_GODDESS_NAME', 'LOC_BELIEF_ZYL_LBM_COMMERCE_GODDESS_DESCRIPTION', 'BELIEF_CLASS_PANTHEON'),
	('BELIEF_ZYL_LBM_SUN_GOD', 'LOC_BELIEF_ZYL_LBM_SUN_GOD_NAME', 'LOC_BELIEF_ZYL_LBM_SUN_GOD_DESCRIPTION', 'BELIEF_CLASS_PANTHEON'),
	('BELIEF_ZYL_LBM_ORAL_TRADITION', 'LOC_BELIEF_ZYL_LBM_ORAL_TRADITION_NAME', 'LOC_BELIEF_ZYL_LBM_ORAL_TRADITION_DESCRIPTION', 'BELIEF_CLASS_PANTHEON');

UPDATE Beliefs
SET Name = CASE BeliefType
		WHEN 'BELIEF_ZYL_LBM_MOON_GODDESS' THEN 'LOC_BELIEF_ZYL_LBM_MOON_GODDESS_NAME'
		WHEN 'BELIEF_ZYL_LBM_CALM_SEA_GODDESS' THEN 'LOC_BELIEF_ZYL_LBM_CALM_SEA_GODDESS_NAME'
		WHEN 'BELIEF_ZYL_LBM_COMMERCE_GODDESS' THEN 'LOC_BELIEF_ZYL_LBM_COMMERCE_GODDESS_NAME'
		WHEN 'BELIEF_ZYL_LBM_SUN_GOD' THEN 'LOC_BELIEF_ZYL_LBM_SUN_GOD_NAME'
		WHEN 'BELIEF_ZYL_LBM_ORAL_TRADITION' THEN 'LOC_BELIEF_ZYL_LBM_ORAL_TRADITION_NAME'
	END,
	Description = CASE BeliefType
		WHEN 'BELIEF_ZYL_LBM_MOON_GODDESS' THEN 'LOC_BELIEF_ZYL_LBM_MOON_GODDESS_DESCRIPTION'
		WHEN 'BELIEF_ZYL_LBM_CALM_SEA_GODDESS' THEN 'LOC_BELIEF_ZYL_LBM_CALM_SEA_GODDESS_DESCRIPTION'
		WHEN 'BELIEF_ZYL_LBM_COMMERCE_GODDESS' THEN 'LOC_BELIEF_ZYL_LBM_COMMERCE_GODDESS_DESCRIPTION'
		WHEN 'BELIEF_ZYL_LBM_SUN_GOD' THEN 'LOC_BELIEF_ZYL_LBM_SUN_GOD_DESCRIPTION'
		WHEN 'BELIEF_ZYL_LBM_ORAL_TRADITION' THEN 'LOC_BELIEF_ZYL_LBM_ORAL_TRADITION_DESCRIPTION'
	END,
	BeliefClassType = 'BELIEF_CLASS_PANTHEON'
WHERE BeliefType IN (
	'BELIEF_ZYL_LBM_MOON_GODDESS',
	'BELIEF_ZYL_LBM_CALM_SEA_GODDESS',
	'BELIEF_ZYL_LBM_COMMERCE_GODDESS',
	'BELIEF_ZYL_LBM_SUN_GOD',
	'BELIEF_ZYL_LBM_ORAL_TRADITION'
);

-- Moon Goddess: +2 Gold on Coast and Ocean terrain. Lakes use Coast terrain.
INSERT OR IGNORE INTO RequirementSets (RequirementSetId, RequirementSetType) VALUES
	('ZYL_LBM_PLOT_IS_WATER_REQUIREMENTS', 'REQUIREMENTSET_TEST_ANY');

INSERT OR IGNORE INTO Requirements (RequirementId, RequirementType) VALUES
	('ZYL_LBM_REQUIRES_PLOT_TERRAIN_COAST', 'REQUIREMENT_PLOT_TERRAIN_TYPE_MATCHES'),
	('ZYL_LBM_REQUIRES_PLOT_TERRAIN_OCEAN', 'REQUIREMENT_PLOT_TERRAIN_TYPE_MATCHES');

INSERT OR IGNORE INTO RequirementArguments (RequirementId, Name, Value) VALUES
	('ZYL_LBM_REQUIRES_PLOT_TERRAIN_COAST', 'TerrainType', 'TERRAIN_COAST'),
	('ZYL_LBM_REQUIRES_PLOT_TERRAIN_OCEAN', 'TerrainType', 'TERRAIN_OCEAN');

INSERT OR IGNORE INTO RequirementSetRequirements (RequirementSetId, RequirementId) VALUES
	('ZYL_LBM_PLOT_IS_WATER_REQUIREMENTS', 'ZYL_LBM_REQUIRES_PLOT_TERRAIN_COAST'),
	('ZYL_LBM_PLOT_IS_WATER_REQUIREMENTS', 'ZYL_LBM_REQUIRES_PLOT_TERRAIN_OCEAN');

-- Sun God resource tag: Wheat, Rice, and Maize when present in the ruleset.
INSERT OR IGNORE INTO Tags (Tag, Vocabulary) VALUES
	('CLASS_ZYL_LBM_SUN_GOD_FAITH', 'RESOURCE_CLASS');

INSERT OR IGNORE INTO TypeTags (Type, Tag)
	SELECT ResourceType, 'CLASS_ZYL_LBM_SUN_GOD_FAITH'
	FROM Resources
	WHERE ResourceType IN ('RESOURCE_WHEAT', 'RESOURCE_RICE', 'RESOURCE_MAIZE');

INSERT OR IGNORE INTO RequirementSets (RequirementSetId, RequirementSetType) VALUES
	('ZYL_LBM_PLOT_HAS_SUN_GOD_RESOURCE_REQUIREMENTS', 'REQUIREMENTSET_TEST_ALL');

INSERT OR IGNORE INTO Requirements (RequirementId, RequirementType) VALUES
	('ZYL_LBM_REQUIRES_PLOT_HAS_SUN_GOD_RESOURCE', 'REQUIREMENT_PLOT_RESOURCE_TAG_MATCHES');

INSERT OR IGNORE INTO RequirementArguments (RequirementId, Name, Value) VALUES
	('ZYL_LBM_REQUIRES_PLOT_HAS_SUN_GOD_RESOURCE', 'Tag', 'CLASS_ZYL_LBM_SUN_GOD_FAITH');

INSERT OR IGNORE INTO RequirementSetRequirements (RequirementSetId, RequirementId) VALUES
	('ZYL_LBM_PLOT_HAS_SUN_GOD_RESOURCE_REQUIREMENTS', 'ZYL_LBM_REQUIRES_PLOT_HAS_SUN_GOD_RESOURCE');

INSERT OR IGNORE INTO Modifiers
	(ModifierId, ModifierType, RunOnce, Permanent, SubjectRequirementSetId)
VALUES
	('ZYL_LBM_MOON_GODDESS_WATER_GOLD', 'MODIFIER_ALL_CITIES_ATTACH_MODIFIER', 0, 0, 'CITY_FOLLOWS_PANTHEON_REQUIREMENTS'),
	('ZYL_LBM_MOON_GODDESS_WATER_GOLD_MODIFIER', 'MODIFIER_CITY_PLOT_YIELDS_ADJUST_PLOT_YIELD', 0, 0, 'ZYL_LBM_PLOT_IS_WATER_REQUIREMENTS'),
	('ZYL_LBM_CALM_SEA_FISHING_BOATS_CULTURE', 'MODIFIER_ALL_CITIES_ATTACH_MODIFIER', 0, 0, 'CITY_FOLLOWS_PANTHEON_REQUIREMENTS'),
	('ZYL_LBM_CALM_SEA_FISHING_BOATS_CULTURE_MODIFIER', 'MODIFIER_CITY_PLOT_YIELDS_ADJUST_PLOT_YIELD', 0, 0, 'PLOT_HAS_FISHINGBOATS_REQUIREMENTS'),
	('ZYL_LBM_COMMERCE_GODDESS_TRADE_ROUTE_CAPACITY', 'MODIFIER_ALL_PLAYERS_ATTACH_MODIFIER', 0, 0, 'PLAYER_HAS_PANTHEON_REQUIREMENTS'),
	('ZYL_LBM_COMMERCE_GODDESS_TRADE_ROUTE_CAPACITY_MODIFIER', 'MODIFIER_PLAYER_ADJUST_TRADE_ROUTE_CAPACITY', 0, 0, NULL),
	('ZYL_LBM_COMMERCE_GODDESS_TRADE_ROUTE_FAITH', 'MODIFIER_ALL_PLAYERS_ATTACH_MODIFIER', 0, 0, 'PLAYER_HAS_PANTHEON_REQUIREMENTS'),
	('ZYL_LBM_COMMERCE_GODDESS_TRADE_ROUTE_FAITH_MODIFIER', 'MODIFIER_PLAYER_ADJUST_TRADE_ROUTE_YIELD', 0, 0, NULL),
	('ZYL_LBM_SUN_GOD_RESOURCE_FAITH', 'MODIFIER_ALL_CITIES_ATTACH_MODIFIER', 0, 0, 'CITY_FOLLOWS_PANTHEON_REQUIREMENTS'),
	('ZYL_LBM_SUN_GOD_RESOURCE_FAITH_MODIFIER', 'MODIFIER_CITY_PLOT_YIELDS_ADJUST_PLOT_YIELD', 0, 0, 'ZYL_LBM_PLOT_HAS_SUN_GOD_RESOURCE_REQUIREMENTS'),
	('ZYL_LBM_ORAL_TRADITION_PLANTATION_FOOD', 'MODIFIER_ALL_CITIES_ATTACH_MODIFIER', 0, 0, 'CITY_FOLLOWS_PANTHEON_REQUIREMENTS'),
	('ZYL_LBM_ORAL_TRADITION_PLANTATION_FOOD_MODIFIER', 'MODIFIER_CITY_PLOT_YIELDS_ADJUST_PLOT_YIELD', 0, 0, 'PLOT_HAS_PLANTATION_REQUIREMENTS'),
	('ZYL_LBM_ORAL_TRADITION_PLANTATION_GOLD', 'MODIFIER_ALL_CITIES_ATTACH_MODIFIER', 0, 0, 'CITY_FOLLOWS_PANTHEON_REQUIREMENTS'),
	('ZYL_LBM_ORAL_TRADITION_PLANTATION_GOLD_MODIFIER', 'MODIFIER_CITY_PLOT_YIELDS_ADJUST_PLOT_YIELD', 0, 0, 'PLOT_HAS_PLANTATION_REQUIREMENTS');

INSERT OR IGNORE INTO ModifierArguments (ModifierId, Name, Value) VALUES
	('ZYL_LBM_MOON_GODDESS_WATER_GOLD', 'ModifierId', 'ZYL_LBM_MOON_GODDESS_WATER_GOLD_MODIFIER'),
	('ZYL_LBM_MOON_GODDESS_WATER_GOLD_MODIFIER', 'YieldType', 'YIELD_GOLD'),
	('ZYL_LBM_MOON_GODDESS_WATER_GOLD_MODIFIER', 'Amount', 2),
	('ZYL_LBM_CALM_SEA_FISHING_BOATS_CULTURE', 'ModifierId', 'ZYL_LBM_CALM_SEA_FISHING_BOATS_CULTURE_MODIFIER'),
	('ZYL_LBM_CALM_SEA_FISHING_BOATS_CULTURE_MODIFIER', 'YieldType', 'YIELD_CULTURE'),
	('ZYL_LBM_CALM_SEA_FISHING_BOATS_CULTURE_MODIFIER', 'Amount', 1),
	('ZYL_LBM_COMMERCE_GODDESS_TRADE_ROUTE_CAPACITY', 'ModifierId', 'ZYL_LBM_COMMERCE_GODDESS_TRADE_ROUTE_CAPACITY_MODIFIER'),
	('ZYL_LBM_COMMERCE_GODDESS_TRADE_ROUTE_CAPACITY_MODIFIER', 'Amount', 1),
	('ZYL_LBM_COMMERCE_GODDESS_TRADE_ROUTE_FAITH', 'ModifierId', 'ZYL_LBM_COMMERCE_GODDESS_TRADE_ROUTE_FAITH_MODIFIER'),
	('ZYL_LBM_COMMERCE_GODDESS_TRADE_ROUTE_FAITH_MODIFIER', 'YieldType', 'YIELD_FAITH'),
	('ZYL_LBM_COMMERCE_GODDESS_TRADE_ROUTE_FAITH_MODIFIER', 'Amount', 1),
	('ZYL_LBM_SUN_GOD_RESOURCE_FAITH', 'ModifierId', 'ZYL_LBM_SUN_GOD_RESOURCE_FAITH_MODIFIER'),
	('ZYL_LBM_SUN_GOD_RESOURCE_FAITH_MODIFIER', 'YieldType', 'YIELD_FAITH'),
	('ZYL_LBM_SUN_GOD_RESOURCE_FAITH_MODIFIER', 'Amount', 2),
	('ZYL_LBM_ORAL_TRADITION_PLANTATION_FOOD', 'ModifierId', 'ZYL_LBM_ORAL_TRADITION_PLANTATION_FOOD_MODIFIER'),
	('ZYL_LBM_ORAL_TRADITION_PLANTATION_FOOD_MODIFIER', 'YieldType', 'YIELD_FOOD'),
	('ZYL_LBM_ORAL_TRADITION_PLANTATION_FOOD_MODIFIER', 'Amount', 1),
	('ZYL_LBM_ORAL_TRADITION_PLANTATION_GOLD', 'ModifierId', 'ZYL_LBM_ORAL_TRADITION_PLANTATION_GOLD_MODIFIER'),
	('ZYL_LBM_ORAL_TRADITION_PLANTATION_GOLD_MODIFIER', 'YieldType', 'YIELD_GOLD'),
	('ZYL_LBM_ORAL_TRADITION_PLANTATION_GOLD_MODIFIER', 'Amount', 2);

INSERT OR IGNORE INTO BeliefModifiers (BeliefType, ModifierID) VALUES
	('BELIEF_ZYL_LBM_MOON_GODDESS', 'ZYL_LBM_MOON_GODDESS_WATER_GOLD'),
	('BELIEF_ZYL_LBM_CALM_SEA_GODDESS', 'ZYL_LBM_CALM_SEA_FISHING_BOATS_CULTURE'),
	('BELIEF_ZYL_LBM_COMMERCE_GODDESS', 'ZYL_LBM_COMMERCE_GODDESS_TRADE_ROUTE_CAPACITY'),
	('BELIEF_ZYL_LBM_COMMERCE_GODDESS', 'ZYL_LBM_COMMERCE_GODDESS_TRADE_ROUTE_FAITH'),
	('BELIEF_ZYL_LBM_SUN_GOD', 'ZYL_LBM_SUN_GOD_RESOURCE_FAITH'),
	('BELIEF_ZYL_LBM_ORAL_TRADITION', 'ZYL_LBM_ORAL_TRADITION_PLANTATION_FOOD'),
	('BELIEF_ZYL_LBM_ORAL_TRADITION', 'ZYL_LBM_ORAL_TRADITION_PLANTATION_GOLD');
