-- 宣战
--UPDATE GlobalParameters SET Value='1' WHERE Name='DIPLOMACY_PEACE_MIN_TURNS';
UPDATE GlobalParameters SET Value='300' WHERE Name='DIPLOMACY_WAR_MIN_TURNS';
--抗尼战士 25 35 45 55
UPDATE ModifierArguments SET Value='10' WHERE ModifierId='NIHANG_BARRACKS_STRENGTH' and Name='Amount';
UPDATE ModifierArguments SET Value='10' WHERE ModifierId='NIHANG_ARMORY_STRENGTH' and Name='Amount';
UPDATE ModifierArguments SET Value='10' WHERE ModifierId='NIHANG_ACADEMY_STRENGTH' and Name='Amount';
UPDATE Units SET CostProgressionParam1="15",Cost=190 WHERE UnitType='UNIT_LAHORE_NIHANG';


--==============================================================
--******			  C I T Y - S T A T E S				  ******
--==============================================================
-- 南马市中心+1文
/* <Row>
			<ModifierId>MINOR_CIV_NAN_MADOL_DISTRICTS_CULTURE_BONUS</ModifierId>
			<Name>Amount</Name>
			<Value>2</Value>
		</Row>

<Row>
			<ModifierId>MINOR_CIV_NAN_MADOL_DISTRICTS_CULTURE_BONUS</ModifierId>
			<ModifierType>MODIFIER_PLAYER_DISTRICTS_ADJUST_YIELD_CHANGE</ModifierType>
			<SubjectRequirementSetId>PLOT_IS_OR_ADJACENT_TO_COAST</SubjectRequirementSetId>
</Row>

INSERT OR IGNORE INTO Requirements ( RequirementId, RequirementType, Inverse )
	VALUES
		( 'REQUIRES_DISTRICT_IS_NOT_CITY_CENTER_BBG', 'REQUIREMENT_PLOT_DISTRICT_TYPE_MATCHES', 1 ),
		( 'REQUIRES_DISTRICT_IS_NOT_AQUEDUCT_BBG', 'REQUIREMENT_PLOT_DISTRICT_TYPE_MATCHES', 1 ),
		( 'REQUIRES_DISTRICT_IS_NOT_CANAL_BBG', 'REQUIREMENT_PLOT_DISTRICT_TYPE_MATCHES', 1 ),
		( 'REQUIRES_DISTRICT_IS_NOT_DAM_BBG', 'REQUIREMENT_PLOT_DISTRICT_TYPE_MATCHES', 1 ),
		( 'REQUIRES_DISTRICT_IS_NOT_NEIGHBORHOOD_BBG', 'REQUIREMENT_PLOT_DISTRICT_TYPE_MATCHES', 1 ),
		( 'REQUIRES_DISTRICT_IS_NOT_SPACEPORT_BBG', 'REQUIREMENT_PLOT_DISTRICT_TYPE_MATCHES', 1 ),
		( 'REQUIRES_DISTRICT_IS_NOT_WORLD_WONDER_BBG', 'REQUIREMENT_PLOT_DISTRICT_TYPE_MATCHES', 1 );
INSERT OR IGNORE INTO RequirementArguments ( RequirementId, Name, Value )
	VALUES
		( 'REQUIRES_DISTRICT_IS_NOT_CITY_CENTER_BBG', 'DistrictType', 'DISTRICT_CITY_CENTER' ),
		( 'REQUIRES_DISTRICT_IS_NOT_AQUEDUCT_BBG', 'DistrictType', 'DISTRICT_AQUEDUCT' ),
		( 'REQUIRES_DISTRICT_IS_NOT_CANAL_BBG', 'DistrictType', 'DISTRICT_CANAL' ),
		( 'REQUIRES_DISTRICT_IS_NOT_DAM_BBG', 'DistrictType', 'DISTRICT_DAM' ),
		( 'REQUIRES_DISTRICT_IS_NOT_NEIGHBORHOOD_BBG', 'DistrictType', 'DISTRICT_NEIGHBORHOOD' ),
		( 'REQUIRES_DISTRICT_IS_NOT_SPACEPORT_BBG', 'DistrictType', 'DISTRICT_SPACEPORT' ),
		( 'REQUIRES_DISTRICT_IS_NOT_WORLD_WONDER_BBG', 'DistrictType', 'DISTRICT_WONDER' );
INSERT OR IGNORE INTO RequirementSets ( RequirementSetId, RequirementSetType )
	VALUES ( 'SPECIAL_DISTRICT_ON_COAST_BBG', 'REQUIREMENTSET_TEST_ALL' );
INSERT OR IGNORE INTO RequirementSetRequirements ( RequirementSetId, RequirementId )
	VALUES
		( 'SPECIAL_DISTRICT_ON_COAST_BBG', 'REQUIRES_PLOT_IS_ADJACENT_TO_COAST' ),
		( 'SPECIAL_DISTRICT_ON_COAST_BBG', 'REQUIRES_DISTRICT_IS_NOT_CITY_CENTER_BBG' ),
		( 'SPECIAL_DISTRICT_ON_COAST_BBG', 'REQUIRES_DISTRICT_IS_NOT_AQUEDUCT_BBG' ),
		( 'SPECIAL_DISTRICT_ON_COAST_BBG', 'REQUIRES_DISTRICT_IS_NOT_CANAL_BBG' ),
		( 'SPECIAL_DISTRICT_ON_COAST_BBG', 'REQUIRES_DISTRICT_IS_NOT_DAM_BBG' ),
		( 'SPECIAL_DISTRICT_ON_COAST_BBG', 'REQUIRES_DISTRICT_IS_NOT_NEIGHBORHOOD_BBG' ),
		( 'SPECIAL_DISTRICT_ON_COAST_BBG', 'REQUIRES_DISTRICT_IS_NOT_SPACEPORT_BBG' ),
		( 'SPECIAL_DISTRICT_ON_COAST_BBG', 'REQUIRES_DISTRICT_IS_NOT_WORLD_WONDER_BBG' );
UPDATE Modifiers SET SubjectRequirementSetId='SPECIAL_DISTRICT_ON_COAST_BBG' WHERE ModifierId='MINOR_CIV_NAN_MADOL_DISTRICTS_CULTURE_BONUS'; */

--开洞
UPDATE Improvements SET PrereqTech='TECH_MILITARY_ENGINEERING' WHERE ImprovementType='IMPROVEMENT_MOUNTAIN_TUNNEL';

--战略政策
--马铁
UPDATE ModifierArguments SET Value='2' WHERE ModifierId='EQUESTRIAN_ORDERS_ADDITIONAL_HORSES_EXTRACTION' and Name='Amount';
UPDATE ModifierArguments SET Value='2' WHERE ModifierId='EQUESTRIAN_ORDERS_ADDITIONAL_IRON_EXTRACTION' and Name='Amount';
--政策提前
--马铁
update Policies set PrereqCivic="CIVIC_MILITARY_TRADITION" where PolicyType="POLICY_EQUESTRIAN_ORDERS";

--印尼改良
--UPDATE Improvement_YieldChanges SET YieldChange=2 WHERE ImprovementType="IMPROVEMENT_KAMPUNG" and YieldType='YIELD_PRODUCTION';

--苏格兰娱乐区速度
-- +50%娱乐区速度
INSERT INTO TraitModifiers (TraitType , ModifierId)
	VALUES
	('TRAIT_CIVILIZATION_SCOTTISH_ENLIGHTENMENT' , 'TRAIT_BOOST_AQUEDUCT_PRODUCTION_CPLMOD_SUGELAN');
INSERT INTO Modifiers (ModifierId , ModifierType , SubjectRequirementSetId )
	VALUES
	('TRAIT_BOOST_AQUEDUCT_PRODUCTION_CPLMOD_SUGELAN' , 'MODIFIER_PLAYER_CITIES_ADJUST_DISTRICT_PRODUCTION' , NULL );
INSERT INTO ModifierArguments (ModifierId , Name , Value, Extra , SecondExtra)
	VALUES
	('TRAIT_BOOST_AQUEDUCT_PRODUCTION_CPLMOD_SUGELAN' , 'DistrictType' , 'DISTRICT_ENTERTAINMENT_COMPLEX', null , null ),
	('TRAIT_BOOST_AQUEDUCT_PRODUCTION_CPLMOD_SUGELAN' , 'Amount'       , '40'               , null , null );

--伐木工
--左1 +2食物-》+2食物1锤

INSERT INTO GovernorPromotionModifiers (GovernorPromotionType , ModifierId)
    VALUES
	("GOVERNOR_PROMOTION_RESOURCE_MANAGER_SURPLUS_LOGISTICS","SURPLUS_LOGISTICS_TRADE_ROUTE_PRODUCTION");
INSERT INTO	Modifiers (ModifierId , ModifierType)
	VALUES
	("SURPLUS_LOGISTICS_TRADE_ROUTE_PRODUCTION","MODIFIER_SINGLE_CITY_ADJUST_TRADE_ROUTE_YIELD_TO_OTHERS");
INSERT INTO ModifierArguments (ModifierId , Name , Value)
    VALUES
	("SURPLUS_LOGISTICS_TRADE_ROUTE_PRODUCTION","YieldType","YIELD_PRODUCTION");
INSERT INTO ModifierArguments (ModifierId , Name , Value)
    VALUES
	("SURPLUS_LOGISTICS_TRADE_ROUTE_PRODUCTION","Amount","0");
INSERT INTO ModifierArguments (ModifierId , Name , Value)
    VALUES
	("SURPLUS_LOGISTICS_TRADE_ROUTE_PRODUCTION","Domestic","true");

--左2 产能
UPDATE ModifierArguments SET Value='4' WHERE ModifierId='INDUSTRIALIST_COAL_POWER_PLANT_PRODUCTION' AND Name='Amount';
UPDATE ModifierArguments SET Value='4' WHERE ModifierId='INDUSTRIALIST_OIL_POWER_PLANT_PRODUCTION' AND Name='Amount';
UPDATE ModifierArguments SET Value='4' WHERE ModifierId='INDUSTRIALIST_NUCLEAR_POWER_PLANT_PRODUCTION' AND Name='Amount';

--粱
--水产养殖 渔场城市就职+1生产力调整为+2
UPDATE ModifierArguments SET Value='2' WHERE ModifierId='FISHERY_GOVERNOR_PRODUCTION' AND Name='Amount';
--加固材料移至1级
INSERT INTO GovernorPromotionModifiers (GovernorPromotionType , ModifierId)
    VALUES
	("GOVERNOR_PROMOTION_BUILDER_GUILDMASTER","REINFORCED_INFRASTRUCTURE_PREVENET_STRUCTURAL_DAMAGE");
--加固材料
Delete FROM GovernorPromotionModifiers WHERE GovernorPromotionType='GOVERNOR_PROMOTION_REINFORCED_INFRASTRUCTURE' AND ModifierId='REINFORCED_INFRASTRUCTURE_PREVENET_STRUCTURAL_DAMAGE';

INSERT INTO GovernorPromotionModifiers (GovernorPromotionType,ModifierId)
	VALUES ('GOVERNOR_PROMOTION_REINFORCED_INFRASTRUCTURE','INFRASTRUCTURE_FASTER_MONUMENT_CONSTRUCTION1');
INSERT INTO GovernorPromotionModifiers (GovernorPromotionType,ModifierId)
	VALUES ('GOVERNOR_PROMOTION_REINFORCED_INFRASTRUCTURE','INFRASTRUCTURE_FASTER_GRANARY_CONSTRUCTION1');
INSERT INTO GovernorPromotionModifiers (GovernorPromotionType,ModifierId)
	VALUES ('GOVERNOR_PROMOTION_REINFORCED_INFRASTRUCTURE','INFRASTRUCTURE_FASTER_WATER_MILL_CONSTRUCTION1');
INSERT INTO GovernorPromotionModifiers (GovernorPromotionType,ModifierId)
	VALUES ('GOVERNOR_PROMOTION_REINFORCED_INFRASTRUCTURE','INFRASTRUCTURE_FASTER_SEWER_CONSTRUCTION1');
INSERT INTO GovernorPromotionModifiers (GovernorPromotionType,ModifierId)
	VALUES ('GOVERNOR_PROMOTION_REINFORCED_INFRASTRUCTURE','INFRASTRUCTURE_FASTER_GOVERNMENT_BUILDING_CONSTRUCTION1');
INSERT INTO Modifiers (ModifierId,ModifierType)
	VALUES ('INFRASTRUCTURE_FASTER_MONUMENT_CONSTRUCTION1','MODIFIER_SINGLE_CITY_ADJUST_BUILDING_PRODUCTION');
INSERT INTO Modifiers (ModifierId,ModifierType)
	VALUES ('INFRASTRUCTURE_FASTER_GRANARY_CONSTRUCTION1','MODIFIER_SINGLE_CITY_ADJUST_BUILDING_PRODUCTION');
INSERT INTO Modifiers (ModifierId,ModifierType)
	VALUES ('INFRASTRUCTURE_FASTER_WATER_MILL_CONSTRUCTION1','MODIFIER_SINGLE_CITY_ADJUST_BUILDING_PRODUCTION');
INSERT INTO Modifiers (ModifierId,ModifierType)
	VALUES ('INFRASTRUCTURE_FASTER_SEWER_CONSTRUCTION1','MODIFIER_SINGLE_CITY_ADJUST_BUILDING_PRODUCTION');
INSERT INTO Modifiers (ModifierId,ModifierType)
	VALUES ('INFRASTRUCTURE_FASTER_GOVERNMENT_BUILDING_CONSTRUCTION1','MODIFIER_SINGLE_CITY_ADJUST_BUILDING_PRODUCTION');
INSERT INTO ModifierArguments (ModifierId,Name,Value)
	VALUES ('INFRASTRUCTURE_FASTER_MONUMENT_CONSTRUCTION1','BuildingType','BUILDING_MONUMENT');
INSERT INTO ModifierArguments (ModifierId,Name,Value)
	VALUES ('INFRASTRUCTURE_FASTER_MONUMENT_CONSTRUCTION1','Amount','80');
INSERT INTO ModifierArguments (ModifierId,Name,Value)
	VALUES ('INFRASTRUCTURE_FASTER_GRANARY_CONSTRUCTION1','BuildingType','BUILDING_GRANARY');
INSERT INTO ModifierArguments (ModifierId,Name,Value)
	VALUES ('INFRASTRUCTURE_FASTER_GRANARY_CONSTRUCTION1','Amount','80');
INSERT INTO ModifierArguments (ModifierId,Name,Value)
	VALUES ('INFRASTRUCTURE_FASTER_WATER_MILL_CONSTRUCTION1','BuildingType','BUILDING_WATER_MILL');
INSERT INTO ModifierArguments (ModifierId,Name,Value)
	VALUES ('INFRASTRUCTURE_FASTER_WATER_MILL_CONSTRUCTION1','Amount','80');
INSERT INTO ModifierArguments (ModifierId,Name,Value)
	VALUES ('INFRASTRUCTURE_FASTER_SEWER_CONSTRUCTION1','BuildingType','BUILDING_SEWER');
INSERT INTO ModifierArguments (ModifierId,Name,Value)
	VALUES ('INFRASTRUCTURE_FASTER_SEWER_CONSTRUCTION1','Amount','80');
INSERT INTO ModifierArguments (ModifierId,Name,Value)
	VALUES ('INFRASTRUCTURE_FASTER_GOVERNMENT_BUILDING_CONSTRUCTION1','DistrictType','DISTRICT_GOVERNMENT');
INSERT INTO ModifierArguments (ModifierId,Name,Value)
	VALUES ('INFRASTRUCTURE_FASTER_GOVERNMENT_BUILDING_CONSTRUCTION1','Amount','80');

--荷兰UI
--行政加锤
INSERT INTO Improvement_BonusYieldChanges (Id,ImprovementType,YieldType,BonusYieldChange,PrereqCivic)
	VALUES ('IMPROVEMENT_POLDER_PRODUCTION','IMPROVEMENT_POLDER','YIELD_PRODUCTION',"1","CIVIC_CIVIL_SERVICE");

--苏美尔UI
--INSERT INTO Improvement_BonusYieldChanges (Id , ImprovementType , YieldType , BonusYieldChange , PrereqCivic)
--	VALUES ('IMPROVEMENT_ZIGGURAT_2' , 'IMPROVEMENT_ZIGGURAT' , 'YIELD_FOOD' , '1' , 'CIVIC_FEUDALISM');
INSERT INTO Improvement_BonusYieldChanges (Id , ImprovementType , YieldType , BonusYieldChange , PrereqCivic)
	VALUES ('IMPROVEMENT_ZIGGURAT_3' , 'IMPROVEMENT_ZIGGURAT' , 'YIELD_PRODUCTION' , '1' , 'CIVIC_CONSERVATION');
--INSERT INTO Improvement_BonusYieldChanges (Id , ImprovementType , YieldType , BonusYieldChange , PrereqCivic)
--	VALUES ('IMPROVEMENT_ZIGGURAT_4' , 'IMPROVEMENT_ZIGGURAT' , 'YIELD_CULTURE' , '1' , 'CIVIC_HUMANISM');
--可以修在草原平原丘陵
--INSERT INTO Improvement_ValidTerrains (ImprovementType, TerrainType)
--	VALUES ('IMPROVEMENT_ZIGGURAT' , 'TERRAIN_GRASS_HILLS');
--INSERT INTO Improvement_ValidTerrains (ImprovementType, TerrainType)
--	VALUES ('IMPROVEMENT_ZIGGURAT' , 'TERRAIN_PLAINS_HILLS');	
--克里UI
--INSERT INTO Improvement_BonusYieldChanges (ID, ImprovementType, YieldType, BonusYieldChange, PrereqCivic)
--	VALUES ('IMPROVEMENT_MEKEWAP_25', 'IMPROVEMENT_MEKEWAP', 'YIELD_GOLD', 2, 'CIVIC_GUILDS');	
INSERT INTO Improvement_BonusYieldChanges (ID, ImprovementType, YieldType, BonusYieldChange, PrereqCivic)
	VALUES ('IMPROVEMENT_MEKEWAP_26', 'IMPROVEMENT_MEKEWAP', 'YIELD_PRODUCTION', 1, 'CIVIC_MERCANTILISM');	
INSERT INTO Improvement_BonusYieldChanges (ID, ImprovementType, YieldType, BonusYieldChange, PrereqCivic)
	VALUES ('IMPROVEMENT_MEKEWAP_27', 'IMPROVEMENT_MEKEWAP', 'YIELD_GOLD', 2, 'CIVIC_CONSERVATION');	
	
--瑞娜
UPDATE ModifierArguments SET Value='4' WHERE ModifierId='FOREIGN_EXCHANGE_GOLD_FROM_FOREIGN_TRADE_PASSING_THROUGH' AND Name='Amount';
--守备官
--左1-4力
UPDATE ModifierArguments SET Value='4' WHERE ModifierId='GARRISON_COMMANDER_ADJUST_CITY_COMBAT_BONUS' AND Name='Amount';
--1级-4力
UPDATE ModifierArguments SET Value='4' WHERE ModifierId='DEFENDER_ADJUST_CITY_DEFENSE_STRENGTH' AND Name='Amount';

--荷兰85%
INSERT INTO TraitModifiers (TraitType , ModifierId)
	VALUES
	('TRAIT_CIVILIZATION_GROTE_RIVIEREN' , 'TRAIT_GANGKOU_AQUEDUCT_PRODUCTION_');
INSERT INTO Modifiers (ModifierId , ModifierType , SubjectRequirementSetId , OwnerRequirementSetId)
	VALUES
	('TRAIT_GANGKOU_AQUEDUCT_PRODUCTION_' , 'MODIFIER_PLAYER_CITIES_ADJUST_DISTRICT_PRODUCTION' , NULL , NULL);
INSERT INTO ModifierArguments (ModifierId , Name , Value)
	VALUES
	('TRAIT_GANGKOU_AQUEDUCT_PRODUCTION_' , 'DistrictType' , 'DISTRICT_HARBOR' ),
	('TRAIT_GANGKOU_AQUEDUCT_PRODUCTION_' , 'Amount'       , '85'               );
	
--挪威UU
UPDATE Units SET Combat=32 WHERE UnitType='UNIT_NORWEGIAN_LONGSHIP';
--挪威圣地相邻树增加信仰
/*INSERT INTO TraitModifiers (TraitType, ModifierId)
	VALUES ('TRAIT_CIVILIZATION_EARLY_OCEAN_NAVIGATION', 'TRAIT_HOLY_SITE_SHU_FAITH');
INSERT INTO Modifiers (ModifierId, ModifierType)
	VALUES ('TRAIT_HOLY_SITE_SHU_FAITH', 'MODIFIER_PLAYER_CITIES_FEATURE_ADJACENCY');
INSERT INTO ModifierArguments (ModifierId, Name, Value)
	VALUES ('TRAIT_HOLY_SITE_SHU_FAITH','Amount', 1);
INSERT INTO ModifierArguments (ModifierId, Name, Value)
	VALUES ('TRAIT_HOLY_SITE_SHU_FAITH','FeatureType', 'FEATURE_FOREST');
INSERT INTO ModifierArguments (ModifierId, Name, Value)
	VALUES ('TRAIT_HOLY_SITE_SHU_FAITH', 'Description', 'LOC_DISTRICT_NUOWEI_FAITH');
INSERT INTO ModifierArguments (ModifierId, Name, Value)
	VALUES ('TRAIT_HOLY_SITE_SHU_FAITH', 'YieldType', 'YIELD_FAITH');	
INSERT INTO ModifierArguments (ModifierId, Name, Value)
	VALUES ('TRAIT_HOLY_SITE_SHU_FAITH', 'DistrictType', 'DISTRICT_HOLY_SITE');
INSERT INTO ModifierArguments(ModifierId , Name, Value)
	VALUES ('TRAIT_HOLY_SITE_SHU_FAITH', 'TilesRequired',2);*/
--移除挪威基础相邻
/*INSERT INTO ExcludedAdjacencies (YieldChangeId, TraitType)
	VALUES ('Forest_Faith', 'TRAIT_CIVILIZATION_EARLY_OCEAN_NAVIGATION');*/
	
--迦太基UU
UPDATE Units SET Combat=31,Cost=65 WHERE UnitType='UNIT_PHOENICIA_BIREME';

--娱乐区
UPDATE Districts SET Entertainment=2 where DistrictType="DISTRICT_ENTERTAINMENT_COMPLEX";
UPDATE Districts SET Entertainment=2 where DistrictType="DISTRICT_WATER_ENTERTAINMENT_COMPLEX";


--战争之神

UPDATE ModifierArguments SET Value='GOD_OF_WAR_FATH' WHERE Value='GOD_OF_WAR_FAITH_KILLS_MODIFIER' AND ModifierId='GOD_OF_WAR_FAITH_KILLS';
INSERT INTO Modifiers (ModifierId , ModifierType)
	VALUES ('GOD_OF_WAR_FATH' , 'MODIFIER_PLAYER_UNITS_ADJUST_POST_COMBAT_YIELD');
INSERT INTO ModifierArguments (ModifierId , Name , Value) 
	VALUES ('GOD_OF_WAR_FATH' , 'YieldType' , 'YIELD_GOLD');
INSERT INTO ModifierArguments (ModifierId , Name , Value) 
	VALUES ('GOD_OF_WAR_FATH' , 'PercentDefeatedStrength' , '0');

--丰产
UPDATE ModifierArguments SET Value='0' WHERE Name='Amount' AND ModifierId='FERTILITY_RITES_GROWTH';

--启蒙会 BELIEF_INITIATION_RITES
INSERT OR REPLACE INTO Types (Type, Kind)
    VALUES ('MODIFIER_ALL_CITIES_ADJUST_BUILDING_YIELD_CHANGE', 'KIND_MODIFIER');
INSERT OR REPLACE INTO DynamicModifiers (ModifierType, CollectionType, EffectType)
    VALUES ('MODIFIER_ALL_CITIES_ADJUST_BUILDING_YIELD_CHANGE', 'COLLECTION_ALL_CITIES', 'EFFECT_ADJUST_BUILDING_YIELD_CHANGE');
	
--UPDATE ModifierArguments SET Value='RELIGIOUS_SETTLEMENTS_PALACE_YIELD_FAITH' WHERE Name='ModifierId' AND ModifierId='INITIATION_RITES_FAITH_DISPERSAL';

--INSERT INTO BeliefModifiers (BeliefType, ModifierId) VALUES
--('BELIEF_INITIATION_RITES', 'RELIGIOUS_SETTLEMENTS_PALACE_YIELD_FAITH');

INSERT INTO Modifiers(ModifierId, ModifierType, SubjectRequirementSetId) VALUES
('RELIGIOUS_SETTLEMENTS_PALACE_YIELD_FAITH', 'MODIFIER_ALL_CITIES_ADJUST_BUILDING_YIELD_CHANGE', 'CITY_FOLLOWS_PANTHEON_REQUIREMENTS');

INSERT INTO ModifierArguments (ModifierId, Name, Value) VALUES
('RELIGIOUS_SETTLEMENTS_PALACE_YIELD_FAITH', 'BuildingType', 'BUILDING_MONUMENT'),
('RELIGIOUS_SETTLEMENTS_PALACE_YIELD_FAITH', 'YieldType',    'YIELD_FAITH'),
('RELIGIOUS_SETTLEMENTS_PALACE_YIELD_FAITH', 'Amount',       '3');
--大地
UPDATE ModifierArguments SET Value='1' WHERE ModifierId='EARTH_GODDESS_APPEAL_FAITH_MODIFIER' AND Name='Amount';
UPDATE RequirementArguments SET Value='3' WHERE RequirementId='REQUIRES_PLOT_BREATHTAKING_APPEAL' AND Name='MinimumAppeal';


--梁 实力公园 +1食物
INSERT INTO Improvement_YieldChanges (ImprovementType, YieldType, YieldChange) VALUES
('IMPROVEMENT_CITY_PARK', 'YIELD_FOOD', '1');
INSERT INTO Improvement_YieldChanges (ImprovementType, YieldType, YieldChange) VALUES
('IMPROVEMENT_CITY_PARK', 'YIELD_GOLD', '2');

--大主教回血
UPDATE ModifierArguments SET Value='80' WHERE ModifierId='CARDINAL_LAYING_ON_OF_HANDS_RELIGIOUS_HEAL' AND Name='Amount';
UPDATE ModifierArguments SET Value='80' WHERE ModifierId='CARDINAL_LAYING_ON_OF_HANDS_HEAL' AND Name='Amount';

--克里
UPDATE Units SET Combat=14, Cost=35 WHERE UnitType='UNIT_CREE_OKIHTCITAW';

--毛利UU
--DELETE FROM	UnitReplaces WHERE CivUniqueUnitType="UNIT_MAORI_TOA"  and  ReplacesUnitType="UNIT_SWORDSMAN";
UPDATE Units SET StrategicResource="RESOURCE_IRON" WHERE UnitType="UNIT_MAORI_TOA";
--UPDATE Units_XP2 SET ResourceCost="10" WHERE UnitType="UNIT_MAORI_TOA";
UPDATE Units_XP2 SET ResourceCost=20 WHERE UnitType="UNIT_MAORI_TOA";
--法国锤间谍

INSERT INTO TraitModifiers (TraitType, ModifierId) VALUES
("FLYING_SQUADRON_TRAIT","COTHON_SPY_PRODUCTION_FRANCE");
INSERT INTO Modifiers (ModifierId, ModifierType) VALUES
('COTHON_SPY_PRODUCTION_FRANCE', 'MODIFIER_PLAYER_UNITS_ADJUST_UNIT_PRODUCTION');
INSERT INTO ModifierArguments (ModifierId, Name , Value) VALUES
('COTHON_SPY_PRODUCTION_FRANCE', 'UnitType','UNIT_SPY');
INSERT INTO ModifierArguments (ModifierId, Name , Value) VALUES
('COTHON_SPY_PRODUCTION_FRANCE', 'Amount','100');

--波斯庭院
INSERT INTO Improvement_YieldChanges (ImprovementType , YieldType,YieldChange)
 VALUES ("IMPROVEMENT_PAIRIDAEZA" , "YIELD_FOOD" , "1");

--蒙古UB
INSERT INTO Building_YieldChanges (BuildingType , YieldType,YieldChange)
 VALUES ("BUILDING_ORDU" , "YIELD_FOOD" , "1");

--拜占庭
--圣城+1
UPDATE ModifierArguments SET Value=1 WHERE ModifierId='BYZANTIUM_COMBAT_HOLY_CITIES' and Name="Amount";
UPDATE ModifierArguments SET Value=1 WHERE ModifierId='BYZANTIUM_RELIGIOUS_COMBAT_HOLY_CITIES' and Name="Amount";
--自己宗教额外+1
INSERT INTO TraitModifiers
	(TraitType, ModifierId)
	VALUES
	('TRAIT_LEADER_BASIL','TRAIT_FALLBABYLON_COMBAT_BONUS_BYZANTIUM_COMBAT');
--
INSERT INTO Modifiers
	(ModifierId, ModifierType, OwnerRequirementSetId)
	VALUES
	('TRAIT_FALLBABYLON_COMBAT_BONUS_BYZANTIUM_COMBAT', 'MODIFIER_PLAYER_UNITS_ADJUST_COMBAT_STRENGTH', 'PLAYER_FOUNDED_RELIGION_RELIC_CPLMOD_BYZANTIUM');
INSERT INTO ModifierArguments
	(ModifierId, Name, Value)
	VALUES
	('TRAIT_FALLBABYLON_COMBAT_BONUS_BYZANTIUM_COMBAT', 'Amount', '1');
INSERT INTO ModifierStrings
	(ModifierId, Context, Text)
	VALUES
	('TRAIT_FALLBABYLON_COMBAT_BONUS_BYZANTIUM_COMBAT', 'Preview', 'LOC_TRAIT_FALLBABYLON_COMBAT_BONUS_BYZANTIUM_COMBAT_DESCRIPTION');
INSERT INTO RequirementSets (RequirementSetId , RequirementSetType)
	VALUES ('PLAYER_FOUNDED_RELIGION_RELIC_CPLMOD_BYZANTIUM' , 'REQUIREMENTSET_TEST_ALL');	
INSERT INTO RequirementSetRequirements (RequirementSetId , RequirementId)
	VALUES ('PLAYER_FOUNDED_RELIGION_RELIC_CPLMOD_BYZANTIUM' , 'REQUIRES_PLAYER_HAS_FOUNDED_A_RELIGION'); 
--靖扶骑兵
UPDATE Units SET Cost=200,Combat=50 WHERE UnitType='UNIT_BYZANTINE_TAGMA';
--相邻军事单位+2力
UPDATE ModifierArguments SET Value=1 WHERE ModifierId='TAGMA_COMBAT_STRENGTH' and Name="Amount";
--喷火船+3
UPDATE ModifierArguments SET Value=3 WHERE ModifierId='DROMON_COMBAT_STRENGTH_AGAINST_UNITS' and Name="Amount";

--高炉
--人文主义--工会
INSERT INTO Requirements (RequirementId, RequirementType)
	VALUES ('REQUIRES_PLAYER_HAS_POLITICAL_PHILOSOPHY_MINE_CULTURE', 'REQUIREMENT_PLAYER_HAS_CIVIC');
INSERT INTO RequirementArguments (RequirementId, Name, Value)
	VALUES ('REQUIRES_PLAYER_HAS_POLITICAL_PHILOSOPHY_MINE_CULTURE', 'CivicType', 'CIVIC_HUMANISM');--CIVIC_HUMANISM
INSERT INTO RequirementSetRequirements (RequirementSetId, RequirementId)
	VALUES ('PLAYER_HAS_POLITICAL_PHILOSOPHY_MINE_CULTURE', 'REQUIRES_PLAYER_HAS_POLITICAL_PHILOSOPHY_MINE_CULTURE');
INSERT INTO RequirementSets (RequirementSetId, RequirementSetType)
	VALUES ('PLAYER_HAS_POLITICAL_PHILOSOPHY_MINE_CULTURE', 'REQUIREMENTSET_TEST_ALL');
--需要人文主义解锁
UPDATE Modifiers SET OwnerRequirementSetId='PLAYER_HAS_POLITICAL_PHILOSOPHY_MINE_CULTURE' WHERE ModifierId='GAUL_MINE_CULTURE';
	
--文化比例
UPDATE ModifierArguments SET Value=8 WHERE ModifierId='TRAIT_GRANT_CULTURE_UNIT_TRAINED' and Name="UnitProductionPercent";

--相邻+1力
--UPDATE ModifierArguments SET Value=0 WHERE ModifierId='AMBIORIX_NEIGHBOR_COMBAT' and Name="Amount";
DELETE FROM TraitModifiers WHERE TraitType="TRAIT_LEADER_AMBIORIX" and ModifierId="TRAIT_NEIGHBOR_COMBAT";
--删除远程
--DELETE FROM	TypeTags WHERE Type="ABILITY_AMBIORIX_NEIGHBOR_COMBAT_BONUS" and Tag="CLASS_RANGED";
--高炉枪佣兵 +5 +3
UPDATE Units SET Cost=40 WHERE UnitType='UNIT_GAUL_GAESATAE';
UPDATE ModifierArguments SET Value=5 WHERE ModifierId='GAESATAE_STRONG_AGAINST_STRONGER_UNITS' and Name="Amount";
UPDATE ModifierArguments SET Value=3 WHERE ModifierId='GAESATAE_STRONG_AGAINST_DISTRICTS' and Name="Amount";

-- +2
INSERT INTO Modifiers
	(ModifierId, ModifierType, SubjectRequirementSetId)
	VALUES
	('TRAIT_FALLBABYLON_COMBAT_BONUS1', 'MODIFIER_PLAYER_UNITS_ADJUST_COMBAT_STRENGTH', 'ATTACKING_REQUIREMENT_SET1');
INSERT INTO ModifierArguments
	(ModifierId, Name, Value)
	VALUES
	('TRAIT_FALLBABYLON_COMBAT_BONUS1', 'Amount', '2');
INSERT INTO ModifierStrings
	(ModifierId, Context, Text)
	VALUES
	('TRAIT_FALLBABYLON_COMBAT_BONUS1', 'Preview', 'LOC_ABILITY_AMBIORIX_NAME2');
INSERT INTO RequirementSets
	(RequirementSetId , RequirementSetType)
	VALUES
	('ATTACKING_REQUIREMENT_SET1', 'REQUIREMENTSET_TEST_ALL');
INSERT INTO RequirementSetRequirements
	(RequirementSetId , RequirementId)
	VALUES
	('ATTACKING_REQUIREMENT_SET1', 'UNIT_CLASS_123_REQUIREMENT');
	
INSERT INTO Requirements
	(RequirementId , RequirementType)
	VALUES
	('UNIT_CLASS_123_REQUIREMENT', 'REQUIREMENT_UNIT_TAG_MATCHES');	

INSERT INTO RequirementArguments
	(RequirementId, Name, Value)
	VALUES
	('UNIT_CLASS_123_REQUIREMENT', 'Tag', 'CLASS_MELEE');
	
INSERT INTO TraitModifiers
	(TraitType, ModifierId)
	VALUES
	('TRAIT_LEADER_AMBIORIX', 'TRAIT_FALLBABYLON_COMBAT_BONUS1');
--
-- +2
INSERT INTO Modifiers
	(ModifierId, ModifierType, SubjectRequirementSetId)
	VALUES
	('TRAIT_FALLBABYLON_COMBAT_BONUS2', 'MODIFIER_PLAYER_UNITS_ADJUST_COMBAT_STRENGTH', 'ATTACKING_REQUIREMENT_SET2');
INSERT INTO ModifierArguments
	(ModifierId, Name, Value)
	VALUES
	('TRAIT_FALLBABYLON_COMBAT_BONUS2', 'Amount', '2');
INSERT INTO ModifierStrings
	(ModifierId, Context, Text)
	VALUES
	('TRAIT_FALLBABYLON_COMBAT_BONUS2', 'Preview', 'LOC_ABILITY_AMBIORIX_NAME2');
INSERT INTO RequirementSets
	(RequirementSetId , RequirementSetType)
	VALUES
	('ATTACKING_REQUIREMENT_SET2', 'REQUIREMENTSET_TEST_ALL');
INSERT INTO RequirementSetRequirements
	(RequirementSetId , RequirementId)
	VALUES
	('ATTACKING_REQUIREMENT_SET2', 'UNIT_CLASS_1231_REQUIREMENT');
	
INSERT INTO Requirements
	(RequirementId , RequirementType)
	VALUES
	('UNIT_CLASS_1231_REQUIREMENT', 'REQUIREMENT_UNIT_TAG_MATCHES');	

INSERT INTO RequirementArguments
	(RequirementId, Name, Value)
	VALUES
	('UNIT_CLASS_1231_REQUIREMENT', 'Tag', 'CLASS_RANGED');

	
	
INSERT INTO TraitModifiers
	(TraitType, ModifierId)
	VALUES
	('TRAIT_LEADER_AMBIORIX', 'TRAIT_FALLBABYLON_COMBAT_BONUS2');
	
-- +2
INSERT INTO Modifiers
	(ModifierId, ModifierType, SubjectRequirementSetId)
	VALUES
	('TRAIT_FALLBABYLON_COMBAT_BONUS3', 'MODIFIER_PLAYER_UNITS_ADJUST_COMBAT_STRENGTH', 'ATTACKING_REQUIREMENT_SET3');
INSERT INTO ModifierArguments
	(ModifierId, Name, Value)
	VALUES
	('TRAIT_FALLBABYLON_COMBAT_BONUS3', 'Amount', '3');
INSERT INTO ModifierStrings
	(ModifierId, Context, Text)
	VALUES
	('TRAIT_FALLBABYLON_COMBAT_BONUS3', 'Preview', 'LOC_ABILITY_AMBIORIX_NAME');
INSERT INTO RequirementSets
	(RequirementSetId , RequirementSetType)
	VALUES
	('ATTACKING_REQUIREMENT_SET3', 'REQUIREMENTSET_TEST_ALL');
INSERT INTO RequirementSetRequirements
	(RequirementSetId , RequirementId)
	VALUES
	('ATTACKING_REQUIREMENT_SET3', 'UNIT_CLASS_1232_REQUIREMENT');
	
INSERT INTO Requirements
	(RequirementId , RequirementType)
	VALUES
	('UNIT_CLASS_1232_REQUIREMENT', 'REQUIREMENT_UNIT_TAG_MATCHES');	

INSERT INTO RequirementArguments
	(RequirementId, Name, Value)
	VALUES
	('UNIT_CLASS_1232_REQUIREMENT', 'Tag', 'CLASS_ANTI_CAVALRY');

	
	
INSERT INTO TraitModifiers
	(TraitType, ModifierId)
	VALUES
	('TRAIT_LEADER_AMBIORIX', 'TRAIT_FALLBABYLON_COMBAT_BONUS3');



--烂地夫人
DELETE FROM	RequirementSetRequirements WHERE RequirementSetId="PLOT_HAS_REEDS_REQUIREMENTS" and RequirementId="REQUIRES_PLOT_HAS_FLOODPLAINS";
--1
INSERT INTO BeliefModifiers (BeliefType, ModifierId)
	VALUES ('BELIEF_LADY_OF_THE_REEDS_AND_MARSHES', 'LADY_OF_THE_REEDS_PRODUCTION_TBLNEW');
INSERT INTO Modifiers (ModifierId, ModifierType,SubjectRequirementSetId)
	VALUES ('LADY_OF_THE_REEDS_PRODUCTION_TBLNEW', 'MODIFIER_ALL_CITIES_ATTACH_MODIFIER','CITY_FOLLOWS_PANTHEON_REQUIREMENTS');
INSERT INTO ModifierArguments (ModifierId, Name, Value)
	VALUES ('LADY_OF_THE_REEDS_PRODUCTION_TBLNEW', 'ModifierId','LADY_OF_THE_REEDS_PRODUCTION_TBLNEW_Modifiers');

INSERT INTO Modifiers (ModifierId, ModifierType,SubjectRequirementSetId)
	VALUES ('LADY_OF_THE_REEDS_PRODUCTION_TBLNEW_Modifiers', 'MODIFIER_CITY_PLOT_YIELDS_ADJUST_PLOT_YIELD','PLOT_HAS_REEDS_REQUIREMENTS_TBLNEW');
INSERT INTO RequirementSets (RequirementSetId, RequirementSetType)
	VALUES ('PLOT_HAS_REEDS_REQUIREMENTS_TBLNEW', 'REQUIREMENTSET_TEST_ALL');
INSERT INTO RequirementSetRequirements (RequirementSetId, RequirementId)
	VALUES ('PLOT_HAS_REEDS_REQUIREMENTS_TBLNEW', 'REQUIRES_PLOT_HAS_FLOODPLAINS');
--INSERT INTO RequirementSetRequirements (RequirementSetId, RequirementId)
--	VALUES ('PLOT_HAS_REEDS_REQUIREMENTS_TBLNEW', 'REQUIRES_PLOT_HAS_NO_IMPROVEMENT');
INSERT INTO ModifierArguments (ModifierId, Name, Value)
	VALUES ('LADY_OF_THE_REEDS_PRODUCTION_TBLNEW_Modifiers', 'YieldType','YIELD_PRODUCTION');
INSERT INTO ModifierArguments (ModifierId, Name, Value)
	VALUES ('LADY_OF_THE_REEDS_PRODUCTION_TBLNEW_Modifiers', 'Amount','1');
--2
/*
INSERT INTO BeliefModifiers (BeliefType, ModifierId)
	VALUES ('BELIEF_LADY_OF_THE_REEDS_AND_MARSHES', 'LADY_OF_THE_REEDS_PRODUCTION_TBLNEW_2');
INSERT INTO Modifiers (ModifierId, ModifierType,SubjectRequirementSetId)
	VALUES ('LADY_OF_THE_REEDS_PRODUCTION_TBLNEW_2', 'MODIFIER_ALL_CITIES_ATTACH_MODIFIER','CITY_FOLLOWS_PANTHEON_REQUIREMENTS');
INSERT INTO ModifierArguments (ModifierId, Name, Value)
	VALUES ('LADY_OF_THE_REEDS_PRODUCTION_TBLNEW_2', 'ModifierId','LADY_OF_THE_REEDS_PRODUCTION_TBLNEW_Modifiers_2');

INSERT INTO Modifiers (ModifierId, ModifierType,SubjectRequirementSetId)
	VALUES ('LADY_OF_THE_REEDS_PRODUCTION_TBLNEW_Modifiers_2', 'MODIFIER_CITY_PLOT_YIELDS_ADJUST_PLOT_YIELD','PLOT_HAS_REEDS_REQUIREMENTS_TBLNEW_2');
INSERT INTO RequirementSets (RequirementSetId, RequirementSetType)
	VALUES ('PLOT_HAS_REEDS_REQUIREMENTS_TBLNEW_2', 'REQUIREMENTSET_TEST_ALL');
INSERT INTO RequirementSetRequirements (RequirementSetId, RequirementId)
	VALUES ('PLOT_HAS_REEDS_REQUIREMENTS_TBLNEW_2', 'REQUIRES_PLOT_HAS_FLOODPLAINS_GRASSLAND');
INSERT INTO RequirementSetRequirements (RequirementSetId, RequirementId)
	VALUES ('PLOT_HAS_REEDS_REQUIREMENTS_TBLNEW_2', 'REQUIRES_PLOT_HAS_NO_IMPROVEMENT');
INSERT INTO ModifierArguments (ModifierId, Name, Value)
	VALUES ('LADY_OF_THE_REEDS_PRODUCTION_TBLNEW_Modifiers_2', 'YieldType','YIELD_PRODUCTION');
INSERT INTO ModifierArguments (ModifierId, Name, Value)
	VALUES ('LADY_OF_THE_REEDS_PRODUCTION_TBLNEW_Modifiers_2', 'Amount','2');
--3
INSERT INTO BeliefModifiers (BeliefType, ModifierId)
	VALUES ('BELIEF_LADY_OF_THE_REEDS_AND_MARSHES', 'LADY_OF_THE_REEDS_PRODUCTION_TBLNEW_3');
INSERT INTO Modifiers (ModifierId, ModifierType,SubjectRequirementSetId)
	VALUES ('LADY_OF_THE_REEDS_PRODUCTION_TBLNEW_3', 'MODIFIER_ALL_CITIES_ATTACH_MODIFIER','CITY_FOLLOWS_PANTHEON_REQUIREMENTS');
INSERT INTO ModifierArguments (ModifierId, Name, Value)
	VALUES ('LADY_OF_THE_REEDS_PRODUCTION_TBLNEW_3', 'ModifierId','LADY_OF_THE_REEDS_PRODUCTION_TBLNEW_Modifiers_3');

INSERT INTO Modifiers (ModifierId, ModifierType,SubjectRequirementSetId)
	VALUES ('LADY_OF_THE_REEDS_PRODUCTION_TBLNEW_Modifiers_3', 'MODIFIER_CITY_PLOT_YIELDS_ADJUST_PLOT_YIELD','PLOT_HAS_REEDS_REQUIREMENTS_TBLNEW_3');
INSERT INTO RequirementSets (RequirementSetId, RequirementSetType)
	VALUES ('PLOT_HAS_REEDS_REQUIREMENTS_TBLNEW_3', 'REQUIREMENTSET_TEST_ALL');
INSERT INTO RequirementSetRequirements (RequirementSetId, RequirementId)
	VALUES ('PLOT_HAS_REEDS_REQUIREMENTS_TBLNEW_3', 'REQUIRES_PLOT_HAS_FLOODPLAINS_PLAINS');
INSERT INTO RequirementSetRequirements (RequirementSetId, RequirementId)
	VALUES ('PLOT_HAS_REEDS_REQUIREMENTS_TBLNEW_3', 'REQUIRES_PLOT_HAS_NO_IMPROVEMENT');
INSERT INTO ModifierArguments (ModifierId, Name, Value)
	VALUES ('LADY_OF_THE_REEDS_PRODUCTION_TBLNEW_Modifiers_3', 'YieldType','YIELD_PRODUCTION');
INSERT INTO ModifierArguments (ModifierId, Name, Value)
	VALUES ('LADY_OF_THE_REEDS_PRODUCTION_TBLNEW_Modifiers_3', 'Amount','2');
	*/
--
--烂地女神 草原泛滥 平原泛滥
INSERT INTO Requirements (RequirementId, RequirementType)
	VALUES ('REQUIRES_PLOT_HAS_FLOODPLAINS_GRASSLAND', 'REQUIREMENT_PLOT_FEATURE_TYPE_MATCHES');
INSERT INTO Requirements (RequirementId, RequirementType)
	VALUES ('REQUIRES_PLOT_HAS_FLOODPLAINS_PLAINS', 'REQUIREMENT_PLOT_FEATURE_TYPE_MATCHES');
INSERT INTO RequirementArguments (RequirementId, Name, Value)
	VALUES ('REQUIRES_PLOT_HAS_FLOODPLAINS_GRASSLAND', 'FeatureType', 'FEATURE_FLOODPLAINS_GRASSLAND');
INSERT INTO RequirementArguments (RequirementId, Name, Value)
	VALUES ('REQUIRES_PLOT_HAS_FLOODPLAINS_PLAINS', 'FeatureType', 'FEATURE_FLOODPLAINS_PLAINS');
/*
INSERT INTO RequirementSetRequirements 
    (RequirementSetId, RequirementId)
    VALUES
    ('PLOT_HAS_REEDS_REQUIREMENTS_TBLNEW', 'REQUIRES_PLOT_HAS_FLOODPLAINS_GRASSLAND'),
    ('PLOT_HAS_REEDS_REQUIREMENTS_TBLNEW', 'REQUIRES_PLOT_HAS_FLOODPLAINS_PLAINS');
    ('PLOT_HAS_REEDS_REQUIREMENTS_TBLNEW', 'REQUIRES_PLOT_HAS_NO_IMPROVEMENT');
    */
--马里 沙漠丘陵矿山+1锤
INSERT INTO TraitModifiers (TraitType , ModifierId)
 VALUES ("TRAIT_CIVILIZATION_MALI_GOLD_DESERT" , "DESERT_HILLS_MINES_PRODUCTION_MALI");
INSERT INTO Modifiers (ModifierId , ModifierType , SubjectRequirementSetId)
 VALUES ("DESERT_HILLS_MINES_PRODUCTION_MALI" , "MODIFIER_PLAYER_ADJUST_PLOT_YIELD","PLOT_HAS_DESERT_MINES_REQUIREMENTS_MALI");
INSERT INTO ModifierArguments (ModifierId , Name , Value)
 VALUES ("DESERT_HILLS_MINES_PRODUCTION_MALI" , "YieldType","YIELD_FOOD");
INSERT INTO ModifierArguments (ModifierId , Name , Value)
 VALUES ("DESERT_HILLS_MINES_PRODUCTION_MALI" , "Amount","1");

 INSERT INTO TraitModifiers (TraitType , ModifierId)
 VALUES ("TRAIT_CIVILIZATION_MALI_GOLD_DESERT" , "DESERT_HILLS_MINES_GOLD_MALI");
INSERT INTO Modifiers (ModifierId , ModifierType , SubjectRequirementSetId)
 VALUES ("DESERT_HILLS_MINES_GOLD_MALI" , "MODIFIER_PLAYER_ADJUST_PLOT_YIELD","PLOT_HAS_DESERT_MINES_REQUIREMENTS_MALI");
INSERT INTO ModifierArguments (ModifierId , Name , Value)
 VALUES ("DESERT_HILLS_MINES_GOLD_MALI" , "YieldType","YIELD_GOLD");
INSERT INTO ModifierArguments (ModifierId , Name , Value)
 VALUES ("DESERT_HILLS_MINES_GOLD_MALI" , "Amount","0");
--判断
INSERT INTO RequirementSets (RequirementSetId , RequirementSetType)
 VALUES ("PLOT_HAS_DESERT_MINES_REQUIREMENTS_MALI" , "REQUIREMENTSET_TEST_ALL");
INSERT INTO RequirementSetRequirements (RequirementSetId , RequirementId)
 VALUES ("PLOT_HAS_DESERT_MINES_REQUIREMENTS_MALI" , "REQUIRES_PLOT_HAS_TUNDRA_DESERT_MINES");
INSERT INTO RequirementSetRequirements (RequirementSetId , RequirementId)
 VALUES ("PLOT_HAS_DESERT_MINES_REQUIREMENTS_MALI" , "REQUIRES_PLOT_HAS_MINE_MALI");
 
INSERT INTO Requirements (RequirementId , RequirementType)
 VALUES ("REQUIRES_PLOT_HAS_TUNDRA_DESERT_MINES" , "REQUIREMENT_PLOT_TERRAIN_TYPE_MATCHES");
INSERT INTO RequirementArguments (RequirementId , Name ,Value)
 VALUES ("REQUIRES_PLOT_HAS_TUNDRA_DESERT_MINES" , "TerrainType" ,"TERRAIN_DESERT_HILLS");

--马里 沙漠平原加锤
INSERT INTO TraitModifiers (TraitType , ModifierId)
 VALUES ("TRAIT_LEADER_SAHEL_MERCHANTS" , "DESERT_HILLS_MINES_PRODUCTION_MALI_PINGYUAN");
INSERT INTO Modifiers (ModifierId , ModifierType , SubjectRequirementSetId)
 VALUES ("DESERT_HILLS_MINES_PRODUCTION_MALI_PINGYUAN" , "MODIFIER_PLAYER_ADJUST_PLOT_YIELD","PLOT_HAS_DESERT_MINES_REQUIREMENTS_MALI_PINGYUAN");
INSERT INTO ModifierArguments (ModifierId , Name , Value)
 VALUES ("DESERT_HILLS_MINES_PRODUCTION_MALI_PINGYUAN" , "YieldType","YIELD_FOOD");
INSERT INTO ModifierArguments (ModifierId , Name , Value)
 VALUES ("DESERT_HILLS_MINES_PRODUCTION_MALI_PINGYUAN" , "Amount","1");

 INSERT INTO TraitModifiers (TraitType , ModifierId)
 VALUES ("TRAIT_LEADER_SAHEL_MERCHANTS" , "DESERT_HILLS_MINES_GOLD_MALI_PINGYUAN");
INSERT INTO Modifiers (ModifierId , ModifierType , SubjectRequirementSetId)
 VALUES ("DESERT_HILLS_MINES_GOLD_MALI_PINGYUAN" , "MODIFIER_PLAYER_ADJUST_PLOT_YIELD","PLOT_HAS_DESERT_MINES_REQUIREMENTS_MALI_PINGYUAN");
INSERT INTO ModifierArguments (ModifierId , Name , Value)
 VALUES ("DESERT_HILLS_MINES_GOLD_MALI_PINGYUAN" , "YieldType","YIELD_GOLD");
INSERT INTO ModifierArguments (ModifierId , Name , Value)
 VALUES ("DESERT_HILLS_MINES_GOLD_MALI_PINGYUAN" , "Amount","0");
--判断
INSERT INTO RequirementSets (RequirementSetId , RequirementSetType)
 VALUES ("PLOT_HAS_DESERT_MINES_REQUIREMENTS_MALI_PINGYUAN" , "REQUIREMENTSET_TEST_ALL");
INSERT INTO RequirementSetRequirements (RequirementSetId , RequirementId)
 VALUES ("PLOT_HAS_DESERT_MINES_REQUIREMENTS_MALI_PINGYUAN" , "REQUIRES_PLOT_HAS_TUNDRA_DESERT_MINES_PINGYUAN");
INSERT INTO RequirementSetRequirements (RequirementSetId , RequirementId)
 VALUES ("PLOT_HAS_DESERT_MINES_REQUIREMENTS_MALI_PINGYUAN" , "REQUIRES_PLOT_HAS_MINE_MALI");
 
INSERT INTO Requirements (RequirementId , RequirementType)
 VALUES ("REQUIRES_PLOT_HAS_TUNDRA_DESERT_MINES_PINGYUAN" , "REQUIREMENT_PLOT_TERRAIN_TYPE_MATCHES");
INSERT INTO RequirementArguments (RequirementId , Name ,Value)
 VALUES ("REQUIRES_PLOT_HAS_TUNDRA_DESERT_MINES_PINGYUAN" , "TerrainType" ,"TERRAIN_DESERT");


--改良判断
INSERT INTO Requirements (RequirementId , RequirementType)
 VALUES ("REQUIRES_PLOT_HAS_MINE_MALI" , "REQUIREMENT_PLOT_IMPROVEMENT_TYPE_MATCHES");
INSERT INTO RequirementArguments (RequirementId , Name ,Value)
 VALUES ("REQUIRES_PLOT_HAS_MINE_MALI" , "ImprovementType" ,"IMPROVEMENT_MINE");
 
--高炉判断
INSERT INTO Requirements (RequirementId, RequirementType)
	VALUES ('REQUIRES_PLAYER_HAS_POLITICAL_PHILOSOPHY_fadian', 'REQUIREMENT_PLAYER_HAS_CIVIC');
INSERT INTO RequirementArguments (RequirementId, Name, Value)
	VALUES ('REQUIRES_PLAYER_HAS_POLITICAL_PHILOSOPHY_fadian', 'CivicType', 'CIVIC_CODE_OF_LAWS');
INSERT INTO RequirementSetRequirements (RequirementSetId, RequirementId)
	VALUES ('PLAYER_HAS_POLITICAL_PHILOSOPHY_fadian', 'REQUIRES_PLAYER_HAS_POLITICAL_PHILOSOPHY_fadian');
INSERT INTO RequirementSets (RequirementSetId, RequirementSetType)
	VALUES ('PLAYER_HAS_POLITICAL_PHILOSOPHY_fadian', 'REQUIREMENTSET_TEST_ALL');
UPDATE Modifiers SET OwnerRequirementSetId='PLAYER_HAS_POLITICAL_PHILOSOPHY_fadian' WHERE ModifierId='TRAIT_GRANT_CULTURE_UNIT_TRAINED';

--马里uu
UPDATE Units SET Cost=210 WHERE UnitType='UNIT_MALI_MANDEKALU_CAVALRY';

--
UPDATE Building_YieldChanges SET YieldChange=1 WHERE BuildingType='BUILDING_GURDWARA' and YieldType="YIELD_FOOD";

--纳札加姆
UPDATE ModifierArguments SET Value='10' WHERE ModifierId='MINOR_CIV_NGAZARGAMU_BARRACKS_STABLE_PURCHASE_BONUS' AND Name='Amount';
UPDATE ModifierArguments SET Value='10' WHERE ModifierId='MINOR_CIV_NGAZARGAMU_ARMORY_PURCHASE_BONUS' AND Name='Amount';
UPDATE ModifierArguments SET Value='10' WHERE ModifierId='MINOR_CIV_NGAZARGAMU_MILITARY_ACADEMY_PURCHASE_BONUS' AND Name='Amount';

--白法 寻欢作乐
UPDATE Projects SET Cost='142',CostProgressionParam1='0' WHERE ProjectType='PROJECT_COURT_FESTIVAL';--倍数为0.375，而不是0.5（不清楚原因）
UPDATE ModifierArguments SET Value='0' WHERE ModifierId='PROJECT_COMPLETION_GRANT_CULTURE_BASED_ON_EXCESS_LUXURIES' AND Name='Amount';
UPDATE ModifierArguments SET Value='4' WHERE ModifierId='PROJECT_COMPLETION_GRANT_TOURISM_BASED_ON_EXCESS_LUXURIES' AND Name='Amount';
--宫廷盛会 文化
INSERT INTO Modifiers (ModifierId, ModifierType,RunOnce,Permanent)
	VALUES ('BAIFA_GONGTINGSHENGHU_ADD_CULTURE', 'MODIFIER_PLAYER_GRANT_YIELD',1,1);
INSERT INTO ModifierArguments (ModifierId, Name ,Value)
	VALUES ('BAIFA_GONGTINGSHENGHU_ADD_CULTURE', 'YieldType','YIELD_CULTURE');
INSERT INTO ModifierArguments (ModifierId, Name ,Value)
	VALUES ('BAIFA_GONGTINGSHENGHU_ADD_CULTURE', 'Amount','32');
INSERT INTO ProjectCompletionModifiers (ProjectType, ModifierId)
	VALUES ('PROJECT_COURT_FESTIVAL', 'BAIFA_GONGTINGSHENGHU_ADD_CULTURE');
--剧院建筑加速	
INSERT INTO TraitModifiers (TraitType , ModifierId)
	VALUES
	('TRAIT_LEADER_MAGNIFICENCES' , 'THEATER_BUILDING_PRODUCTION_BONUS_MEDIQI');
INSERT INTO Modifiers (ModifierId , ModifierType , SubjectRequirementSetId , OwnerRequirementSetId)
	VALUES
	('THEATER_BUILDING_PRODUCTION_BONUS_MEDIQI' , 'MODIFIER_PLAYER_CITIES_ADJUST_BUILDING_PRODUCTION' , NULL , NULL);
INSERT INTO ModifierArguments (ModifierId , Name , Value)
	VALUES
	('THEATER_BUILDING_PRODUCTION_BONUS_MEDIQI' , 'DistrictType' , 'DISTRICT_THEATER'),
	('THEATER_BUILDING_PRODUCTION_BONUS_MEDIQI' , 'Amount'       , '70' );	
--剧院区域加速
INSERT INTO TraitModifiers (TraitType , ModifierId)
	VALUES
	('TRAIT_LEADER_MAGNIFICENCES' , 'TRAIT_GANGKOU_AQUEDUCT_PRODUCTION_MEIDIQI2');
INSERT INTO Modifiers (ModifierId , ModifierType , SubjectRequirementSetId , OwnerRequirementSetId)
	VALUES
	('TRAIT_GANGKOU_AQUEDUCT_PRODUCTION_MEIDIQI2' , 'MODIFIER_PLAYER_CITIES_ADJUST_DISTRICT_PRODUCTION' , NULL , NULL);
INSERT INTO ModifierArguments (ModifierId , Name , Value)
	VALUES
	('TRAIT_GANGKOU_AQUEDUCT_PRODUCTION_MEIDIQI2' , 'DistrictType' , 'DISTRICT_THEATER' ),
	('TRAIT_GANGKOU_AQUEDUCT_PRODUCTION_MEIDIQI2' , 'Amount'       , '70'               );

--女希腊
UPDATE ModifierArguments SET Value='35' WHERE ModifierId='UNIQUE_LEADER_CULTURE_KILLS' AND Name='PercentDefeatedStrength';

--阿拉伯
INSERT INTO Modifiers (ModifierId, ModifierType,SubjectRequirementSetId)
	VALUES ('alabo_hasxueyuan_shengdi', 'MODIFIER_PLAYER_DISTRICTS_ADJUST_YIELD_CHANGE','DISTRICT_IS_HOLY_SITE');
INSERT INTO ModifierArguments (ModifierId, Name ,Value)
	VALUES ('alabo_hasxueyuan_shengdi', 'Amount','2');
INSERT INTO ModifierArguments (ModifierId, Name ,Value)
	VALUES ('alabo_hasxueyuan_shengdi', 'YieldType','YIELD_FAITH');
INSERT INTO TraitModifiers (TraitType, ModifierId)
	VALUES ('TRAIT_CIVILIZATION_LAST_PROPHET', 'alabo_hasxueyuan_shengdi');
/*
INSERT INTO Modifiers (ModifierId, ModifierType,SubjectRequirementSetId)
	VALUES ('alabo_hasxueyuan_shengdi2', 'MODIFIER_PLAYER_DISTRICTS_ADJUST_YIELD_CHANGE','DISTRICT_IS_HOLY_SITE');
INSERT INTO ModifierArguments (ModifierId, Name ,Value)
	VALUES ('alabo_hasxueyuan_shengdi2', 'Amount','1');
INSERT INTO ModifierArguments (ModifierId, Name ,Value)
	VALUES ('alabo_hasxueyuan_shengdi2', 'YieldType','YIELD_GOLD');
INSERT INTO TraitModifiers (TraitType, ModifierId)
	VALUES ('TRAIT_CIVILIZATION_LAST_PROPHET', 'alabo_hasxueyuan_shengdi2');
*/
--遗物箱
UPDATE ModifierArguments SET Value='200' WHERE ModifierId='RELIQUARIES_RELIC_TOURISM_MODIFIER' AND Name='ScalingFactor';

--地热
/*
INSERT INTO Adjacency_YieldChanges (ID, Description, YieldType ,YieldChange , TilesRequired, AdjacentFeature)
	VALUES ('Geothermal_Science_xx1', 'LOC_DISTRICT_GEOTHERMAL_SCIENCE_xx1','YIELD_SCIENCE','-2','2','FEATURE_GEOTHERMAL_FISSURE');
INSERT INTO Adjacency_YieldChanges (ID, Description, YieldType ,YieldChange , TilesRequired, AdjacentFeature)
	VALUES ('Geothermal_Science_xx2', 'LOC_DISTRICT_GEOTHERMAL_SCIENCE_xx2','YIELD_SCIENCE','-2','3','FEATURE_GEOTHERMAL_FISSURE');

INSERT INTO District_Adjacencies (DistrictType, YieldChangeId)
	VALUES ('DISTRICT_CAMPUS', 'Geothermal_Science_xx1');
INSERT INTO District_Adjacencies (DistrictType, YieldChangeId)
	VALUES ('DISTRICT_CAMPUS', 'Geothermal_Science_xx2');
*/
	
--挪威狂暴武士 游泳加速
--

INSERT INTO Types (Type, Kind)
	VALUES ('ABILITY_NUOWEI', 'KIND_ABILITY');
INSERT INTO TypeTags (Type, Tag)
	VALUES ('ABILITY_NUOWEI', 'CLASS_MELEE');
INSERT INTO UnitAbilities (UnitAbilityType, Name ,Description ,Inactive)
	VALUES ('ABILITY_NUOWEI', 'LOC_ABILITY_NUOWEI_NAME','LOC_ABILITY_NUOWEI_DESCRIPTION',1);
INSERT INTO UnitAbilityModifiers (UnitAbilityType, ModifierId)
	VALUES ('ABILITY_NUOWEI', 'NUOWEI_EMBARKED_EXTRA_MOVEMENT');
INSERT INTO Modifiers (ModifierId, ModifierType,OwnerRequirementSetId)
	VALUES ('NUOWEI_EMBARKED_EXTRA_MOVEMENT', 'MODIFIER_PLAYER_UNIT_ADJUST_MOVEMENT','REQUIREMENTS_UNIT_IS_EMBARKED');
INSERT INTO ModifierArguments (ModifierId, Name ,Value)
	VALUES ('NUOWEI_EMBARKED_EXTRA_MOVEMENT', 'Amount','1');

--

INSERT INTO RequirementSetRequirements (RequirementSetId , RequirementId)
	VALUES ('UNIT_IS_KUANGBAO' , 'REQUIREMENT_UNIT_IS_kuangbao');
INSERT INTO RequirementSets (RequirementSetId , RequirementSetType)
	VALUES ('UNIT_IS_KUANGBAO' , 'REQUIREMENTSET_TEST_ALL');
INSERT INTO Requirements (RequirementId , RequirementType)
	VALUES ('REQUIREMENT_UNIT_IS_kuangbao' , 'REQUIREMENT_UNIT_TYPE_MATCHES');
INSERT INTO RequirementArguments (RequirementId , Name , Value)
	VALUES ('REQUIREMENT_UNIT_IS_kuangbao' , 'UnitType' , 'UNIT_NORWEGIAN_BERSERKER');
--
INSERT INTO Modifiers (ModifierId, ModifierType,SubjectRequirementSetId,Permanent)
	VALUES ('TRAIT_NUOWEI_EMBARKED_ABILITY', 'MODIFIER_PLAYER_UNITS_GRANT_ABILITY','UNIT_IS_KUANGBAO',1);
INSERT INTO ModifierArguments (ModifierId, Name ,Value)
	VALUES ('TRAIT_NUOWEI_EMBARKED_ABILITY', 'AbilityType','ABILITY_NUOWEI');
INSERT INTO TraitModifiers (TraitType, ModifierId)
	VALUES ('TRAIT_CIVILIZATION_EARLY_OCEAN_NAVIGATION', 'TRAIT_NUOWEI_EMBARKED_ABILITY');
--
	
--木板教堂加技能
INSERT INTO Types (Type, Kind)
	VALUES ('ABILITY_IGNORE_ZOC_NUOWEI', 'KIND_ABILITY');
INSERT INTO TypeTags (Type, Tag)
	VALUES ('ABILITY_IGNORE_ZOC_NUOWEI', 'CLASS_NAVAL_RANGED');
INSERT INTO TypeTags (Type, Tag)
	VALUES ('ABILITY_IGNORE_ZOC_NUOWEI', 'CLASS_NAVAL_MELEE');	
INSERT INTO TypeTags (Type, Tag)
	VALUES ('ABILITY_IGNORE_ZOC_NUOWEI', 'CLASS_NAVAL_RAIDER');	
INSERT INTO UnitAbilities (UnitAbilityType, Name ,Description ,Inactive)
	VALUES ('ABILITY_IGNORE_ZOC_NUOWEI', 'LOC_ABILITY_IGNORE_ZOC_NAME','LOC_ABILITY_IGNORE_ZOC_DESCRIPTION',1);
INSERT INTO UnitAbilityModifiers (UnitAbilityType, ModifierId)
	VALUES ('ABILITY_IGNORE_ZOC_NUOWEI', 'IGNOREZOC_IGNORE_ZOC');

INSERT INTO Types (Type, Kind)
	VALUES ('ABILITY_LONGSHIP_MOVEMENT_NUOWEI', 'KIND_ABILITY');
INSERT INTO TypeTags (Type, Tag)
	VALUES ('ABILITY_LONGSHIP_MOVEMENT_NUOWEI', 'CLASS_NAVAL_RANGED');
INSERT INTO TypeTags (Type, Tag)
	VALUES ('ABILITY_LONGSHIP_MOVEMENT_NUOWEI', 'CLASS_NAVAL_MELEE');	
INSERT INTO TypeTags (Type, Tag)
	VALUES ('ABILITY_LONGSHIP_MOVEMENT_NUOWEI', 'CLASS_NAVAL_RAIDER');
INSERT INTO TypeTags (Type, Tag)
	VALUES ('ABILITY_LONGSHIP_MOVEMENT_NUOWEI', 'CLASS_NAVAL_CARRIER');	
INSERT INTO UnitAbilities (UnitAbilityType, Name ,Description ,Inactive)
	VALUES ('ABILITY_LONGSHIP_MOVEMENT_NUOWEI', 'LOC_ABILITY_LONGSHIP_MOVEMENT_NAME','LOC_ABILITY_LONGSHIP_MOVEMENT_DESCRIPTION',1);
INSERT INTO Modifiers (ModifierId, ModifierType)
	VALUES ('ABILITY_LONGSHIP_MOVEMENT_NUOWEI_Modifiers', 'MODIFIER_PLAYER_UNIT_ADJUST_SEA_MOVEMENT');
INSERT INTO ModifierArguments (ModifierId, Name ,Value)
	VALUES ('ABILITY_LONGSHIP_MOVEMENT_NUOWEI_Modifiers', 'Amount','1');
INSERT INTO UnitAbilityModifiers (UnitAbilityType, ModifierId)
	VALUES ('ABILITY_LONGSHIP_MOVEMENT_NUOWEI', 'ABILITY_LONGSHIP_MOVEMENT_NUOWEI_Modifiers');
/*
INSERT INTO TypeTags (Type, Tag)
	VALUES ('ABILITY_IGNORE_ZOC', 'CLASS_NAVAL_RANGED');
INSERT INTO TypeTags (Type, Tag)
	VALUES ('ABILITY_IGNORE_ZOC', 'CLASS_NAVAL_MELEE');
INSERT INTO TypeTags (Type, Tag)
	VALUES ('ABILITY_LONGSHIP_MOVEMENT', 'CLASS_NAVAL_RANGED');
INSERT INTO TypeTags (Type, Tag)
	VALUES ('ABILITY_LONGSHIP_MOVEMENT', 'CLASS_NAVAL_MELEE');	
INSERT INTO TypeTags (Type, Tag)
	VALUES ('ABILITY_LONGSHIP_MOVEMENT', 'CLASS_NAVAL_RAIDER');	
*/

/*INSERT INTO Modifiers (ModifierId, ModifierType,Permanent)
	VALUES ('STAVE_CHURCH_INCREASED_MOVEMENT_MODIFIER', 'MODIFIER_SINGLE_CITY_GRANT_ABILITY_FOR_TRAINED_UNITS',1);
INSERT INTO ModifierArguments (ModifierId, Name ,Value)
	VALUES ('STAVE_CHURCH_INCREASED_MOVEMENT_MODIFIER', 'AbilityType','ABILITY_IGNORE_ZOC_NUOWEI');
INSERT INTO BuildingModifiers (BuildingType, ModifierId)
	VALUES ('BUILDING_STAVE_CHURCH', 'STAVE_CHURCH_INCREASED_MOVEMENT_MODIFIER');*/
	
--要求领袖
INSERT INTO RequirementSetRequirements (RequirementSetId , RequirementId)
	VALUES ('LEADR_IS_LAONUOWEI' , 'REQUIREMENT_LEADR_IS_LAONUOWEI');
INSERT INTO RequirementSets (RequirementSetId , RequirementSetType)
	VALUES ('LEADR_IS_LAONUOWEI' , 'REQUIREMENTSET_TEST_ALL');
INSERT INTO Requirements (RequirementId , RequirementType)
	VALUES ('REQUIREMENT_LEADR_IS_LAONUOWEI' , 'REQUIREMENT_PLAYER_LEADER_TYPE_MATCHES');
INSERT INTO RequirementArguments (RequirementId , Name , Value)
	VALUES ('REQUIREMENT_LEADR_IS_LAONUOWEI' , 'LeaderType' , 'LEADER_HARDRADA');
--老挪威海军+1移动力
INSERT INTO Modifiers (ModifierId, ModifierType,Permanent,SubjectRequirementSetId)
	VALUES ('STAVE_CHURCH_INCREASED_MOVEMENT_MODIFIER2', 'MODIFIER_SINGLE_CITY_GRANT_ABILITY_FOR_TRAINED_UNITS',1,"LEADR_IS_LAONUOWEI");
INSERT INTO ModifierArguments (ModifierId, Name ,Value)
	VALUES ('STAVE_CHURCH_INCREASED_MOVEMENT_MODIFIER2', 'AbilityType','ABILITY_LONGSHIP_MOVEMENT_NUOWEI');
INSERT INTO BuildingModifiers (BuildingType, ModifierId)
	VALUES ('BUILDING_STAVE_CHURCH', 'STAVE_CHURCH_INCREASED_MOVEMENT_MODIFIER2');
	
--巴西娱乐区
UPDATE Districts SET Entertainment=3 where DistrictType="DISTRICT_STREET_CARNIVAL";
UPDATE Districts SET Entertainment=3 where DistrictType="DISTRICT_WATER_STREET_CARNIVAL";

--日本神风
--神风加速
UPDATE ModifierArguments SET Value='42' WHERE ModifierId='TRAIT_BOOST_ENCAMPMENT_PRODUCTION' and Name='Amount';
UPDATE ModifierArguments SET Value='42' WHERE ModifierId='TRAIT_BOOST_HOLY_SITE_PRODUCTION' and Name='Amount';
UPDATE ModifierArguments SET Value='42' WHERE ModifierId='TRAIT_BOOST_THEATER_DISTRICT_PRODUCTION' and Name='Amount';

--祖鲁矛
UPDATE Units SET Combat=44 WHERE UnitType="UNIT_ZULU_IMPI";

--哥伦比亚 UA
UPDATE Improvements SET PrereqCivic='CIVIC_FEUDALISM' WHERE ImprovementType='IMPROVEMENT_HACIENDA';
--INSERT INTO Improvement_BonusYieldChanges (Id , ImprovementType , YieldType , BonusYieldChange , PrereqCivic)
--	VALUES ('IMPROVEMENT_HACIENDA_1' , 'IMPROVEMENT_HACIENDA' , 'YIELD_FOOD' , '0' , 'CIVIC_FEUDALISM');

--砍二抓工人
--移除雄鹰战士基础抓工人能力
Delete From TypeTags WHERE Type="UNIT_AZTEC_EAGLE_WARRIOR" AND  Tag="CLASS_CAPTURE_WORKER";
--抓工人能力适用所有近战
INSERT INTO TypeTags (Type, Tag)
	VALUES ('ABILITY_CAPTIVE_WORKERS', 'CLASS_MELEE');
UPDATE UnitAbilities SET Inactive=1 WHERE UnitAbilityType='ABILITY_CAPTIVE_WORKERS';
--赋予所有近战能力
INSERT INTO Modifiers (ModifierId, ModifierType,Permanent)
	VALUES ('TRAIT_KANER_EMBARKED_ABILITY', 'MODIFIER_PLAYER_UNITS_GRANT_ABILITY',1);
INSERT INTO ModifierArguments (ModifierId, Name ,Value)
	VALUES ('TRAIT_KANER_EMBARKED_ABILITY', 'AbilityType','ABILITY_CAPTIVE_WORKERS');
INSERT INTO TraitModifiers (TraitType, ModifierId)
	VALUES ('TRAIT_CIVILIZATION_LEGEND_FIVE_SUNS', 'TRAIT_KANER_EMBARKED_ABILITY');

--修复间谍
DELETE FROM Types WHERE Type="NOTIFICATION_SPY_FLED_CITY" and Kind="KIND_NOTIFICATION";

--投石车-》海军近战+5力
INSERT INTO Types (Type, Kind)
	VALUES ('ABILITY_SIEGE_TO_NAVAL_MELEE', 'KIND_ABILITY');
INSERT INTO TypeTags (Type, Tag)
	VALUES ('ABILITY_SIEGE_TO_NAVAL_MELEE', 'CLASS_SIEGE');
INSERT INTO UnitAbilities (UnitAbilityType, Name ,Description)
	VALUES ('ABILITY_SIEGE_TO_NAVAL_MELEE', 'LOC_ABILITY_SIEGE_TO_NAVAL_MELEE_NAME','LOC_ABILITY_SIEGE_TO_NAVAL_MELEE_DESCRIPTION');
INSERT INTO UnitAbilityModifiers (UnitAbilityType, ModifierId)
	VALUES ('ABILITY_SIEGE_TO_NAVAL_MELEE', 'ANTI_ABILITY_SIEGE_TO_NAVAL_MELEE');

INSERT INTO Modifiers (ModifierId, ModifierType,SubjectRequirementSetId)
	VALUES ('ANTI_ABILITY_SIEGE_TO_NAVAL_MELEE', 'MODIFIER_UNIT_ADJUST_COMBAT_STRENGTH','ANTI_ABILITY_SIEGE_TO_NAVAL_MELEE_REQUIREMENTS');
INSERT INTO ModifierArguments (ModifierId, Name ,Value)
	VALUES ('ANTI_ABILITY_SIEGE_TO_NAVAL_MELEE', 'Amount','5');
INSERT INTO ModifierStrings (ModifierId, Context ,Text)
	VALUES ('ANTI_ABILITY_SIEGE_TO_NAVAL_MELEE', 'Preview','LOC_ABILITY_SIEGE_TO_NAVAL_MELEE_DESCRIPTION');

INSERT INTO RequirementSets (RequirementSetId , RequirementSetType)
	VALUES ('ANTI_ABILITY_SIEGE_TO_NAVAL_MELEE_REQUIREMENTS' , 'REQUIREMENTSET_TEST_ANY');	
INSERT INTO RequirementSetRequirements (RequirementSetId , RequirementId)
	VALUES ('ANTI_ABILITY_SIEGE_TO_NAVAL_MELEE_REQUIREMENTS' , 'ANTI_ABILITY_SIEGE_TO_NAVAL_MELEE_REQUIREMENTS_NAVAL_MELEE'); 
INSERT INTO Requirements (RequirementId , RequirementType)
	VALUES ('ANTI_ABILITY_SIEGE_TO_NAVAL_MELEE_REQUIREMENTS_NAVAL_MELEE' , 'REQUIREMENT_OPPONENT_UNIT_TAG_MATCHES');
INSERT INTO RequirementArguments (RequirementId , Name , Value)
	VALUES ('ANTI_ABILITY_SIEGE_TO_NAVAL_MELEE_REQUIREMENTS_NAVAL_MELEE' , 'Tag','CLASS_NAVAL_MELEE');  

--西班牙 无敌舰队
UPDATE ModifierArguments SET Value='CIVIC_HUMANISM' WHERE ModifierId='TRAIT_NAVAL_CORPS_EARLY' and Name='CivicType';

--爱丽诺 槽位
INSERT INTO TraitModifiers (TraitType , ModifierId)
	VALUES 	('TRAIT_LEADER_ELEANOR_LOYALTY' , 'TRAIT_EXTRA_PALACE_SLOTS_AILINUO');	
INSERT INTO Modifiers(ModifierId , ModifierType)
	VALUES ('TRAIT_EXTRA_PALACE_SLOTS_AILINUO', 'MODIFIER_PLAYER_CITIES_ADJUST_EXTRA_GREAT_WORK_SLOTS');
INSERT INTO ModifierArguments(ModifierId , Name, Value)
	VALUES ('TRAIT_EXTRA_PALACE_SLOTS_AILINUO', 'BuildingType', 'BUILDING_PALACE');
INSERT INTO ModifierArguments(ModifierId , Name, Value)
	VALUES ('TRAIT_EXTRA_PALACE_SLOTS_AILINUO', 'GreatWorkSlotType', 'GREATWORKSLOT_PALACE');
INSERT INTO ModifierArguments(ModifierId , Name, Value)
	VALUES ('TRAIT_EXTRA_PALACE_SLOTS_AILINUO', 'Amount', '1');

--武僧
--条件

INSERT INTO RequirementSets (RequirementSetId , RequirementSetType)
	VALUES ('UNIT_IS_WARRIOR_NEW' , 'REQUIREMENTSET_TEST_ALL');
INSERT INTO RequirementSetRequirements (RequirementSetId , RequirementId)
	VALUES ('UNIT_IS_WARRIOR_NEW' , 'REQUIREMENT_UNIT_IS_WARRIOR_NEW');
INSERT INTO Requirements (RequirementId , RequirementType)
	VALUES ('REQUIREMENT_UNIT_IS_WARRIOR_NEW' , 'REQUIREMENT_UNIT_TYPE_MATCHES');	
INSERT INTO RequirementArguments(RequirementId , Name, Value)
	VALUES ('REQUIREMENT_UNIT_IS_WARRIOR_NEW', 'UnitType',"UNIT_WARRIOR_MONK"); 
--加力
--政治哲学
INSERT INTO CivicModifiers (CivicType , ModifierId)
	VALUES ('CIVIC_POLITICAL_PHILOSOPHY' , 'CIVIC_POLITICAL_PHILOSOPHY_FOR_WORRIOR');
INSERT INTO ModifierStrings(ModifierId , Context, Text)
	VALUES ('CIVIC_POLITICAL_PHILOSOPHY_FOR_WORRIOR', 'Preview',"政治哲学 +5[ICON_Strength] 战斗力(文化成长)"); 
INSERT INTO Modifiers(ModifierId , ModifierType, SubjectRequirementSetId)
	VALUES ('CIVIC_POLITICAL_PHILOSOPHY_FOR_WORRIOR', 'MODIFIER_PLAYER_UNITS_ADJUST_COMBAT_STRENGTH',"UNIT_IS_WARRIOR_NEW"); 	
INSERT INTO ModifierArguments(ModifierId , Name, Value)
	VALUES ('CIVIC_POLITICAL_PHILOSOPHY_FOR_WORRIOR', 'Amount',"5");
--王权
INSERT INTO CivicModifiers (CivicType , ModifierId)
	VALUES ('CIVIC_DIVINE_RIGHT' , 'CIVIC_DIVINE_RIGHT_FOR_WORRIOR');
INSERT INTO ModifierStrings(ModifierId , Context, Text)
	VALUES ('CIVIC_DIVINE_RIGHT_FOR_WORRIOR', 'Preview',"王权神授 +7[ICON_Strength] 战斗力(文化成长)"); 
INSERT INTO Modifiers(ModifierId , ModifierType, SubjectRequirementSetId)
	VALUES ('CIVIC_DIVINE_RIGHT_FOR_WORRIOR', 'MODIFIER_PLAYER_UNITS_ADJUST_COMBAT_STRENGTH',"UNIT_IS_WARRIOR_NEW"); 	
INSERT INTO ModifierArguments(ModifierId , Name, Value)
	VALUES ('CIVIC_DIVINE_RIGHT_FOR_WORRIOR', 'Amount',"7");
--归正会
INSERT INTO CivicModifiers (CivicType , ModifierId)
	VALUES ('CIVIC_REFORMED_CHURCH' , 'CIVIC_REFORMED_CHURCH_FOR_WORRIOR');
INSERT INTO ModifierStrings(ModifierId , Context, Text)
	VALUES ('CIVIC_REFORMED_CHURCH_FOR_WORRIOR', 'Preview',"归正会 +7[ICON_Strength] 战斗力(文化成长)"); 
INSERT INTO Modifiers(ModifierId , ModifierType, SubjectRequirementSetId)
	VALUES ('CIVIC_REFORMED_CHURCH_FOR_WORRIOR', 'MODIFIER_PLAYER_UNITS_ADJUST_COMBAT_STRENGTH',"UNIT_IS_WARRIOR_NEW"); 	
INSERT INTO ModifierArguments(ModifierId , Name, Value)
	VALUES ('CIVIC_REFORMED_CHURCH_FOR_WORRIOR', 'Amount',"7");
--加信仰
--政治哲学
INSERT INTO CivicModifiers (CivicType , ModifierId)
	VALUES ('CIVIC_POLITICAL_PHILOSOPHY' , 'ZHEKOU_FOR_WORRIOR_1');
INSERT INTO Modifiers(ModifierId , ModifierType)
	VALUES ('ZHEKOU_FOR_WORRIOR_1', 'MODIFIER_PLAYER_CITIES_ADJUST_UNIT_PURCHASE_COST'); 
INSERT INTO ModifierArguments(ModifierId , Name, Value)
	VALUES ('ZHEKOU_FOR_WORRIOR_1', 'UnitType',"UNIT_WARRIOR_MONK");
INSERT INTO ModifierArguments(ModifierId , Name, Value)
	VALUES ('ZHEKOU_FOR_WORRIOR_1', 'Amount',"0");
--历史记录
INSERT INTO CivicModifiers (CivicType , ModifierId)
	VALUES ('CIVIC_RECORDED_HISTORY' , 'ZHEKOU_FOR_WORRIOR_1_1');
INSERT INTO Modifiers(ModifierId , ModifierType)
	VALUES ('ZHEKOU_FOR_WORRIOR_1_1', 'MODIFIER_PLAYER_CITIES_ADJUST_UNIT_PURCHASE_COST'); 
INSERT INTO ModifierArguments(ModifierId , Name, Value)
	VALUES ('ZHEKOU_FOR_WORRIOR_1_1', 'UnitType',"UNIT_WARRIOR_MONK");
INSERT INTO ModifierArguments(ModifierId , Name, Value)
	VALUES ('ZHEKOU_FOR_WORRIOR_1_1', 'Amount',"-20");
--防御战术
INSERT INTO CivicModifiers (CivicType , ModifierId)
	VALUES ('CIVIC_DEFENSIVE_TACTICS' , 'ZHEKOU_FOR_WORRIOR_1_2');
INSERT INTO Modifiers(ModifierId , ModifierType)
	VALUES ('ZHEKOU_FOR_WORRIOR_1_2', 'MODIFIER_PLAYER_CITIES_ADJUST_UNIT_PURCHASE_COST'); 
INSERT INTO ModifierArguments(ModifierId , Name, Value)
	VALUES ('ZHEKOU_FOR_WORRIOR_1_2', 'UnitType',"UNIT_WARRIOR_MONK");
INSERT INTO ModifierArguments(ModifierId , Name, Value)
	VALUES ('ZHEKOU_FOR_WORRIOR_1_2', 'Amount',"-20");
--行政部门
INSERT INTO CivicModifiers (CivicType , ModifierId)
	VALUES ('CIVIC_CIVIL_SERVICE' , 'ZHEKOU_FOR_WORRIOR_1_3');
INSERT INTO Modifiers(ModifierId , ModifierType)
	VALUES ('ZHEKOU_FOR_WORRIOR_1_3', 'MODIFIER_PLAYER_CITIES_ADJUST_UNIT_PURCHASE_COST'); 
INSERT INTO ModifierArguments(ModifierId , Name, Value)
	VALUES ('ZHEKOU_FOR_WORRIOR_1_3', 'UnitType',"UNIT_WARRIOR_MONK");
INSERT INTO ModifierArguments(ModifierId , Name, Value)
	VALUES ('ZHEKOU_FOR_WORRIOR_1_3', 'Amount',"-20");

--王权
INSERT INTO CivicModifiers (CivicType , ModifierId)
	VALUES ('CIVIC_DIVINE_RIGHT' , 'ZHEKOU_FOR_WORRIOR_2');
INSERT INTO Modifiers(ModifierId , ModifierType)
	VALUES ('ZHEKOU_FOR_WORRIOR_2', 'MODIFIER_PLAYER_CITIES_ADJUST_UNIT_PURCHASE_COST'); 
INSERT INTO ModifierArguments(ModifierId , Name, Value)
	VALUES ('ZHEKOU_FOR_WORRIOR_2', 'UnitType',"UNIT_WARRIOR_MONK");
INSERT INTO ModifierArguments(ModifierId , Name, Value)
	VALUES ('ZHEKOU_FOR_WORRIOR_2', 'Amount',"-10");

--公会
INSERT INTO CivicModifiers (CivicType , ModifierId)
	VALUES ('CIVIC_GUILDS' , 'ZHEKOU_FOR_WORRIOR_2_1');
INSERT INTO Modifiers(ModifierId , ModifierType)
	VALUES ('ZHEKOU_FOR_WORRIOR_2_1', 'MODIFIER_PLAYER_CITIES_ADJUST_UNIT_PURCHASE_COST'); 
INSERT INTO ModifierArguments(ModifierId , Name, Value)
	VALUES ('ZHEKOU_FOR_WORRIOR_2_1', 'UnitType',"UNIT_WARRIOR_MONK");
INSERT INTO ModifierArguments(ModifierId , Name, Value)
	VALUES ('ZHEKOU_FOR_WORRIOR_2_1', 'Amount',"-20");

--归正会
INSERT INTO CivicModifiers (CivicType , ModifierId)
	VALUES ('CIVIC_REFORMED_CHURCH' , 'ZHEKOU_FOR_WORRIOR_3');
INSERT INTO Modifiers(ModifierId , ModifierType)
	VALUES ('ZHEKOU_FOR_WORRIOR_3', 'MODIFIER_PLAYER_CITIES_ADJUST_UNIT_PURCHASE_COST'); 
INSERT INTO ModifierArguments(ModifierId , Name, Value)
	VALUES ('ZHEKOU_FOR_WORRIOR_3', 'UnitType',"UNIT_WARRIOR_MONK");
INSERT INTO ModifierArguments(ModifierId , Name, Value)
	VALUES ('ZHEKOU_FOR_WORRIOR_3', 'Amount',"-30");

--封建主义
INSERT INTO CivicModifiers (CivicType , ModifierId)
	VALUES ('CIVIC_FEUDALISM' , 'ZHEKOU_FOR_WORRIOR_3_2');
INSERT INTO Modifiers(ModifierId , ModifierType)
	VALUES ('ZHEKOU_FOR_WORRIOR_3_2', 'MODIFIER_PLAYER_CITIES_ADJUST_UNIT_PURCHASE_COST'); 
INSERT INTO ModifierArguments(ModifierId , Name, Value)
	VALUES ('ZHEKOU_FOR_WORRIOR_3_2', 'UnitType',"UNIT_WARRIOR_MONK");
INSERT INTO ModifierArguments(ModifierId , Name, Value)
	VALUES ('ZHEKOU_FOR_WORRIOR_3_2', 'Amount',"-20");
	
--宗教议会
UPDATE ModifierArguments SET Value='5' WHERE ModifierId='WC_RES_RELIGIOUS_UNITS_STRENGTH' AND Name='Amount';

--努比亚
INSERT INTO RequirementSets
	(RequirementSetId , RequirementSetType)
	VALUES
	('ATTACKING_REQUIREMENT_SET2_NUBIYA', 'REQUIREMENTSET_TEST_ALL');
INSERT INTO RequirementSetRequirements
	(RequirementSetId , RequirementId)
	VALUES
	('ATTACKING_REQUIREMENT_SET2_NUBIYA', 'UNIT_CLASS_1231_REQUIREMENT');
INSERT INTO RequirementSetRequirements
	(RequirementSetId , RequirementId)
	VALUES
	('ATTACKING_REQUIREMENT_SET2_NUBIYA', 'PLAYER_IS_ATTACKER_REQUIREMENTS');
INSERT INTO Modifiers
	(ModifierId, ModifierType, SubjectRequirementSetId)
	VALUES
	('TRAIT_FALLBABYLON_COMBAT_BONUS3333nubiya', 'MODIFIER_PLAYER_UNITS_ADJUST_COMBAT_STRENGTH', 'ATTACKING_REQUIREMENT_SET2_NUBIYA');
INSERT INTO ModifierArguments
	(ModifierId, Name, Value)
	VALUES
	('TRAIT_FALLBABYLON_COMBAT_BONUS3333nubiya', 'Amount', '3');
INSERT INTO ModifierStrings
	(ModifierId, Context, Text)
	VALUES
	('TRAIT_FALLBABYLON_COMBAT_BONUS3333nubiya', 'Preview', 'LOC_ABILITY_AMBIORIX_NAME2nubiya');
	
INSERT INTO TraitModifiers
	(TraitType, ModifierId)
	VALUES
	('TRAIT_CIVILIZATION_TA_SETI', 'TRAIT_FALLBABYLON_COMBAT_BONUS3333nubiya');