--黄金时代 自由探索
DELETE FROM CommemorationModifiers WHERE ModifierId='COMMEMORATION_SCIENTIFIC_GA_HARBOR' and CommemorationType="COMMEMORATION_SCIENTIFIC";
DELETE FROM CommemorationModifiers WHERE ModifierId='COMMEMORATION_SCIENTIFIC_GA_COMMERCIAL_HUB' and CommemorationType="COMMEMORATION_SCIENTIFIC";

INSERT INTO Types (Type, Kind)
	VALUES
	('MODIFIER_CITY_DISTRICTS_ADJUST_YIELD_CHANGE_TPB'		, 	'KIND_MODIFIER');
INSERT INTO DynamicModifiers (ModifierType, CollectionType,EffectType)
	VALUES
	('MODIFIER_CITY_DISTRICTS_ADJUST_YIELD_CHANGE_TPB'		, 	'COLLECTION_CITY_DISTRICTS','EFFECT_ADJUST_DISTRICT_YIELD_CHANGE');
--区域判断
INSERT INTO Requirements (RequirementId, RequirementType)
	VALUES
	('REQUIRES_DISTRICT_IS_HARBOR_U'		, 	'REQUIREMENT_DISTRICT_TYPE_MATCHES'),
	('REQUIRES_DISTRICT_IS_HARBOR_H'		, 	'REQUIREMENT_DISTRICT_TYPE_MATCHES'),
	('REQUIRES_DISTRICT_IS_HARBOR_MDG'		, 	'REQUIREMENT_DISTRICT_TYPE_MATCHES'),
	('REQUIRES_DISTRICT_IS_HARBOR_SY'		, 	'REQUIREMENT_DISTRICT_TYPE_MATCHES');
INSERT INTO RequirementArguments (RequirementId, Name,Value)
	VALUES
	('REQUIRES_DISTRICT_IS_HARBOR_H',     'DistrictType','DISTRICT_ROYAL_NAVY_DOCKYARD'),
	('REQUIRES_DISTRICT_IS_HARBOR_U',     'DistrictType','DISTRICT_COTHON'),
	('REQUIRES_DISTRICT_IS_HARBOR_MDG',     'DistrictType','DISTRICT_SUGUBA'),
	('REQUIRES_DISTRICT_IS_HARBOR_SY',     'DistrictType','DISTRICT_COMMERCIAL_HUB');
--黄金时代判断 REQUIREMENT_CITY_HAS_DISTRICT
INSERT INTO RequirementSets (RequirementSetId, RequirementSetType)
	VALUES
	('PLAYER_HAS_GOLDEN_AGE_TPB_IS_HARBOR'		, 	'REQUIREMENTSET_TEST_ALL');
INSERT INTO RequirementSetRequirements (RequirementSetId, RequirementId)
	VALUES
	('PLAYER_HAS_GOLDEN_AGE_TPB_IS_HARBOR'		, 	'REQUIRES_PLAYER_HAS_GOLDEN_AGE');
/*INSERT INTO RequirementSetRequirements (RequirementSetId, RequirementId)
	VALUES
	('PLAYER_HAS_GOLDEN_AGE_TPB_IS_HARBOR'		, 	'REQUIRES_CITY_HAS_HARBOR_TPB');
INSERT INTO Requirements (RequirementId, RequirementType)
	VALUES
	('REQUIRES_CITY_HAS_HARBOR_TPB'		, 	'REQUIREMENT_CITY_HAS_DISTRICT');
INSERT INTO RequirementArguments (RequirementId, Name,Value)
	VALUES
	('REQUIRES_CITY_HAS_HARBOR_TPB',     'DistrictType','DISTRICT_HARBOR'),*/

--黄金时代判断
INSERT INTO RequirementSets (RequirementSetId, RequirementSetType)
	VALUES
	('PLAYER_HAS_GOLDEN_AGE_TPB_IS_COMMERCIAL_HUB'		, 	'REQUIREMENTSET_TEST_ALL');
INSERT INTO RequirementSetRequirements (RequirementSetId, RequirementId)
	VALUES
	('PLAYER_HAS_GOLDEN_AGE_TPB_IS_COMMERCIAL_HUB'		, 	'REQUIRES_PLAYER_HAS_GOLDEN_AGE');
/*INSERT INTO RequirementSetRequirements (RequirementSetId, RequirementId)
	VALUES
	('PLAYER_HAS_GOLDEN_AGE_TPB_IS_COMMERCIAL_HUB'		, 	'REQUIRES_CITY_HAS_COMMERCIAL_HUB_TPB');
INSERT INTO Requirements (RequirementId, RequirementType)
	VALUES
	('REQUIRES_CITY_HAS_COMMERCIAL_HUB_TPB'		, 	'REQUIREMENT_CITY_HAS_DISTRICT');
INSERT INTO RequirementArguments (RequirementId, Name,Value)
	VALUES
	('REQUIRES_CITY_HAS_COMMERCIAL_HUB_TPB',     'DistrictType','DISTRICT_COMMERCIAL_HUB'),*/
--
INSERT INTO RequirementSets (RequirementSetId, RequirementSetType)
	VALUES
	('HARBOR_HAS_HIGH_ADJACENCY1'		, 	'REQUIREMENTSET_TEST_ALL'),
	('HARBOR_HAS_HIGH_ADJACENCY2', 	'REQUIREMENTSET_TEST_ALL'),
	('HARBOR_HAS_HIGH_ADJACENCY3'	, 	'REQUIREMENTSET_TEST_ALL'),
	('HARBOR_HAS_HIGH_ADJACENCY4', 	'REQUIREMENTSET_TEST_ALL'),
	('HARBOR_HAS_HIGH_ADJACENCY5', 	'REQUIREMENTSET_TEST_ALL'),
	('HARBOR_HAS_HIGH_ADJACENCY6', 	'REQUIREMENTSET_TEST_ALL'),
	('HARBOR_HAS_HIGH_ADJACENCY7', 	'REQUIREMENTSET_TEST_ALL'),
	('HARBOR_HAS_HIGH_ADJACENCY8', 	'REQUIREMENTSET_TEST_ALL'),
	('HARBOR_HAS_HIGH_ADJACENCY9', 	'REQUIREMENTSET_TEST_ALL'),
	('HARBOR_HAS_HIGH_ADJACENCY10', 	'REQUIREMENTSET_TEST_ALL'),
	('HARBOR_HAS_HIGH_ADJACENCY11', 	'REQUIREMENTSET_TEST_ALL'),
	('HARBOR_HAS_HIGH_ADJACENCY12', 	'REQUIREMENTSET_TEST_ALL');

INSERT INTO RequirementSetRequirements (RequirementSetId, RequirementId)
	VALUES
	('HARBOR_HAS_HIGH_ADJACENCY1'		, 	'REQUIRES_HARBOR_HAS_HIGH_ADJACENCY1'),
	('HARBOR_HAS_HIGH_ADJACENCY2', 	'REQUIRES_HARBOR_HAS_HIGH_ADJACENCY2'),
	('HARBOR_HAS_HIGH_ADJACENCY3'	, 	'REQUIRES_HARBOR_HAS_HIGH_ADJACENCY3'),
	('HARBOR_HAS_HIGH_ADJACENCY4', 	'REQUIRES_HARBOR_HAS_HIGH_ADJACENCY4'),
	('HARBOR_HAS_HIGH_ADJACENCY5', 	'REQUIRES_HARBOR_HAS_HIGH_ADJACENCY5'),
	('HARBOR_HAS_HIGH_ADJACENCY6', 	'REQUIRES_HARBOR_HAS_HIGH_ADJACENCY6'),
	('HARBOR_HAS_HIGH_ADJACENCY7', 	'REQUIRES_HARBOR_HAS_HIGH_ADJACENCY7'),
	('HARBOR_HAS_HIGH_ADJACENCY8', 	'REQUIRES_HARBOR_HAS_HIGH_ADJACENCY8'),
	('HARBOR_HAS_HIGH_ADJACENCY9', 	'REQUIRES_HARBOR_HAS_HIGH_ADJACENCY9'),
	('HARBOR_HAS_HIGH_ADJACENCY10', 	'REQUIRES_HARBOR_HAS_HIGH_ADJACENCY10'),
	('HARBOR_HAS_HIGH_ADJACENCY11', 	'REQUIRES_HARBOR_HAS_HIGH_ADJACENCY11'),
	('HARBOR_HAS_HIGH_ADJACENCY12', 	'REQUIRES_HARBOR_HAS_HIGH_ADJACENCY12');

INSERT INTO RequirementSetRequirements (RequirementSetId, RequirementId)
	VALUES
	('HARBOR_HAS_HIGH_ADJACENCY1'		, 	'REQUIRES_DISTRICT_IS_HARBOR'),
	('HARBOR_HAS_HIGH_ADJACENCY2', 	'REQUIRES_DISTRICT_IS_HARBOR'),
	('HARBOR_HAS_HIGH_ADJACENCY3'	, 	'REQUIRES_DISTRICT_IS_HARBOR'),
	('HARBOR_HAS_HIGH_ADJACENCY4', 	'REQUIRES_DISTRICT_IS_HARBOR'),
	('HARBOR_HAS_HIGH_ADJACENCY5', 	'REQUIRES_DISTRICT_IS_HARBOR'),
	('HARBOR_HAS_HIGH_ADJACENCY6', 	'REQUIRES_DISTRICT_IS_HARBOR'),
	('HARBOR_HAS_HIGH_ADJACENCY7', 	'REQUIRES_DISTRICT_IS_HARBOR'),
	('HARBOR_HAS_HIGH_ADJACENCY8', 	'REQUIRES_DISTRICT_IS_HARBOR'),
	('HARBOR_HAS_HIGH_ADJACENCY9', 	'REQUIRES_DISTRICT_IS_HARBOR'),
	('HARBOR_HAS_HIGH_ADJACENCY10', 	'REQUIRES_DISTRICT_IS_HARBOR'),
	('HARBOR_HAS_HIGH_ADJACENCY11', 	'REQUIRES_DISTRICT_IS_HARBOR'),
	('HARBOR_HAS_HIGH_ADJACENCY12', 	'REQUIRES_DISTRICT_IS_HARBOR');

INSERT INTO Requirements (RequirementId, RequirementType)
	VALUES
	('REQUIRES_HARBOR_HAS_HIGH_ADJACENCY1'		, 	'REQUIREMENT_CITY_HAS_HIGH_ADJACENCY_DISTRICT'),
	('REQUIRES_HARBOR_HAS_HIGH_ADJACENCY2', 	'REQUIREMENT_CITY_HAS_HIGH_ADJACENCY_DISTRICT'),
	('REQUIRES_HARBOR_HAS_HIGH_ADJACENCY3'	, 	'REQUIREMENT_CITY_HAS_HIGH_ADJACENCY_DISTRICT'),
	('REQUIRES_HARBOR_HAS_HIGH_ADJACENCY4', 	'REQUIREMENT_CITY_HAS_HIGH_ADJACENCY_DISTRICT'),
	('REQUIRES_HARBOR_HAS_HIGH_ADJACENCY5', 	'REQUIREMENT_CITY_HAS_HIGH_ADJACENCY_DISTRICT'),
	('REQUIRES_HARBOR_HAS_HIGH_ADJACENCY6', 	'REQUIREMENT_CITY_HAS_HIGH_ADJACENCY_DISTRICT'),
	('REQUIRES_HARBOR_HAS_HIGH_ADJACENCY7', 	'REQUIREMENT_CITY_HAS_HIGH_ADJACENCY_DISTRICT'),
	('REQUIRES_HARBOR_HAS_HIGH_ADJACENCY8', 	'REQUIREMENT_CITY_HAS_HIGH_ADJACENCY_DISTRICT'),
	('REQUIRES_HARBOR_HAS_HIGH_ADJACENCY9', 	'REQUIREMENT_CITY_HAS_HIGH_ADJACENCY_DISTRICT'),
	('REQUIRES_HARBOR_HAS_HIGH_ADJACENCY10', 	'REQUIREMENT_CITY_HAS_HIGH_ADJACENCY_DISTRICT'),
	('REQUIRES_HARBOR_HAS_HIGH_ADJACENCY11', 	'REQUIREMENT_CITY_HAS_HIGH_ADJACENCY_DISTRICT'),
	('REQUIRES_HARBOR_HAS_HIGH_ADJACENCY12', 	'REQUIREMENT_CITY_HAS_HIGH_ADJACENCY_DISTRICT');

INSERT INTO RequirementArguments (RequirementId, Name,Value)
	VALUES
	('REQUIRES_HARBOR_HAS_HIGH_ADJACENCY1',     'DistrictType','DISTRICT_HARBOR'),
	('REQUIRES_HARBOR_HAS_HIGH_ADJACENCY2', 	'DistrictType','DISTRICT_HARBOR'),
	('REQUIRES_HARBOR_HAS_HIGH_ADJACENCY3', 	'DistrictType','DISTRICT_HARBOR'),
	('REQUIRES_HARBOR_HAS_HIGH_ADJACENCY4', 	'DistrictType','DISTRICT_HARBOR'),
	('REQUIRES_HARBOR_HAS_HIGH_ADJACENCY5', 	'DistrictType','DISTRICT_HARBOR'),
	('REQUIRES_HARBOR_HAS_HIGH_ADJACENCY6', 	'DistrictType','DISTRICT_HARBOR'),
	('REQUIRES_HARBOR_HAS_HIGH_ADJACENCY7', 	'DistrictType','DISTRICT_HARBOR'),
	('REQUIRES_HARBOR_HAS_HIGH_ADJACENCY8', 	'DistrictType','DISTRICT_HARBOR'),
	('REQUIRES_HARBOR_HAS_HIGH_ADJACENCY9', 	'DistrictType','DISTRICT_HARBOR'),
	('REQUIRES_HARBOR_HAS_HIGH_ADJACENCY10', 	'DistrictType','DISTRICT_HARBOR'),
	('REQUIRES_HARBOR_HAS_HIGH_ADJACENCY11', 	'DistrictType','DISTRICT_HARBOR'),
	('REQUIRES_HARBOR_HAS_HIGH_ADJACENCY12', 	'DistrictType','DISTRICT_HARBOR');

INSERT INTO RequirementArguments (RequirementId, Name,Value)
	VALUES
	('REQUIRES_HARBOR_HAS_HIGH_ADJACENCY1'		, 	'YieldType','YIELD_GOLD'),
	('REQUIRES_HARBOR_HAS_HIGH_ADJACENCY2', 	'YieldType','YIELD_GOLD'),
	('REQUIRES_HARBOR_HAS_HIGH_ADJACENCY3'	, 	'YieldType','YIELD_GOLD'),
	('REQUIRES_HARBOR_HAS_HIGH_ADJACENCY4', 	'YieldType','YIELD_GOLD'),
	('REQUIRES_HARBOR_HAS_HIGH_ADJACENCY5', 	'YieldType','YIELD_GOLD'),
	('REQUIRES_HARBOR_HAS_HIGH_ADJACENCY6', 	'YieldType','YIELD_GOLD'),
	('REQUIRES_HARBOR_HAS_HIGH_ADJACENCY7', 	'YieldType','YIELD_GOLD'),
	('REQUIRES_HARBOR_HAS_HIGH_ADJACENCY8', 	'YieldType','YIELD_GOLD'),
	('REQUIRES_HARBOR_HAS_HIGH_ADJACENCY9', 	'YieldType','YIELD_GOLD'),
	('REQUIRES_HARBOR_HAS_HIGH_ADJACENCY10', 	'YieldType','YIELD_GOLD'),
	('REQUIRES_HARBOR_HAS_HIGH_ADJACENCY11', 	'YieldType','YIELD_GOLD'),
	('REQUIRES_HARBOR_HAS_HIGH_ADJACENCY12', 	'YieldType','YIELD_GOLD');

INSERT INTO RequirementArguments (RequirementId, Name,Value)
	VALUES
	('REQUIRES_HARBOR_HAS_HIGH_ADJACENCY1'		, 	'Amount','1'),
	('REQUIRES_HARBOR_HAS_HIGH_ADJACENCY2', 	'Amount','2'),
	('REQUIRES_HARBOR_HAS_HIGH_ADJACENCY3'	, 	'Amount','3'),
	('REQUIRES_HARBOR_HAS_HIGH_ADJACENCY4', 	'Amount','4'),
	('REQUIRES_HARBOR_HAS_HIGH_ADJACENCY5', 	'Amount','5'),
	('REQUIRES_HARBOR_HAS_HIGH_ADJACENCY6', 	'Amount','6'),
	('REQUIRES_HARBOR_HAS_HIGH_ADJACENCY7', 	'Amount','7'),
	('REQUIRES_HARBOR_HAS_HIGH_ADJACENCY8', 	'Amount','8'),
	('REQUIRES_HARBOR_HAS_HIGH_ADJACENCY9', 	'Amount','9'),
	('REQUIRES_HARBOR_HAS_HIGH_ADJACENCY10', 	'Amount','10'),
	('REQUIRES_HARBOR_HAS_HIGH_ADJACENCY11', 	'Amount','11'),
	('REQUIRES_HARBOR_HAS_HIGH_ADJACENCY12', 	'Amount','12');

INSERT INTO Modifiers (ModifierId, ModifierType,SubjectRequirementSetId)
	VALUES
	('COMMEMORATION_SCIENTIFIC_GA_HARBOR_MODIFIER_NEW1', 'MODIFIER_CITY_DISTRICTS_ADJUST_YIELD_CHANGE_TPB', 'HARBOR_HAS_HIGH_ADJACENCY1'),
	('COMMEMORATION_SCIENTIFIC_GA_HARBOR_MODIFIER_NEW2', 'MODIFIER_CITY_DISTRICTS_ADJUST_YIELD_CHANGE_TPB', 'HARBOR_HAS_HIGH_ADJACENCY2'),
	('COMMEMORATION_SCIENTIFIC_GA_HARBOR_MODIFIER_NEW3', 'MODIFIER_CITY_DISTRICTS_ADJUST_YIELD_CHANGE_TPB', 'HARBOR_HAS_HIGH_ADJACENCY3'),
	('COMMEMORATION_SCIENTIFIC_GA_HARBOR_MODIFIER_NEW4', 'MODIFIER_CITY_DISTRICTS_ADJUST_YIELD_CHANGE_TPB', 'HARBOR_HAS_HIGH_ADJACENCY4'),
	('COMMEMORATION_SCIENTIFIC_GA_HARBOR_MODIFIER_NEW5', 'MODIFIER_CITY_DISTRICTS_ADJUST_YIELD_CHANGE_TPB', 'HARBOR_HAS_HIGH_ADJACENCY5'),
	('COMMEMORATION_SCIENTIFIC_GA_HARBOR_MODIFIER_NEW6', 'MODIFIER_CITY_DISTRICTS_ADJUST_YIELD_CHANGE_TPB', 'HARBOR_HAS_HIGH_ADJACENCY6'),
	('COMMEMORATION_SCIENTIFIC_GA_HARBOR_MODIFIER_NEW7', 'MODIFIER_CITY_DISTRICTS_ADJUST_YIELD_CHANGE_TPB', 'HARBOR_HAS_HIGH_ADJACENCY7'),
	('COMMEMORATION_SCIENTIFIC_GA_HARBOR_MODIFIER_NEW8', 'MODIFIER_CITY_DISTRICTS_ADJUST_YIELD_CHANGE_TPB', 'HARBOR_HAS_HIGH_ADJACENCY8'),
	('COMMEMORATION_SCIENTIFIC_GA_HARBOR_MODIFIER_NEW9', 'MODIFIER_CITY_DISTRICTS_ADJUST_YIELD_CHANGE_TPB', 'HARBOR_HAS_HIGH_ADJACENCY9'),
	('COMMEMORATION_SCIENTIFIC_GA_HARBOR_MODIFIER_NEW10', 'MODIFIER_CITY_DISTRICTS_ADJUST_YIELD_CHANGE_TPB', 'HARBOR_HAS_HIGH_ADJACENCY10'),
	('COMMEMORATION_SCIENTIFIC_GA_HARBOR_MODIFIER_NEW11', 'MODIFIER_CITY_DISTRICTS_ADJUST_YIELD_CHANGE_TPB', 'HARBOR_HAS_HIGH_ADJACENCY11'),
	('COMMEMORATION_SCIENTIFIC_GA_HARBOR_MODIFIER_NEW12', 'MODIFIER_CITY_DISTRICTS_ADJUST_YIELD_CHANGE_TPB', 'HARBOR_HAS_HIGH_ADJACENCY12');
INSERT INTO ModifierArguments (ModifierId, Name,Value)
	VALUES 
	('COMMEMORATION_SCIENTIFIC_GA_HARBOR_MODIFIER_NEW1', 'YieldType', 'YIELD_SCIENCE'),
	('COMMEMORATION_SCIENTIFIC_GA_HARBOR_MODIFIER_NEW2', 'YieldType', 'YIELD_SCIENCE'),
	('COMMEMORATION_SCIENTIFIC_GA_HARBOR_MODIFIER_NEW3', 'YieldType', 'YIELD_SCIENCE'),
	('COMMEMORATION_SCIENTIFIC_GA_HARBOR_MODIFIER_NEW4', 'YieldType', 'YIELD_SCIENCE'),
	('COMMEMORATION_SCIENTIFIC_GA_HARBOR_MODIFIER_NEW5', 'YieldType', 'YIELD_SCIENCE'),
	('COMMEMORATION_SCIENTIFIC_GA_HARBOR_MODIFIER_NEW6', 'YieldType', 'YIELD_SCIENCE'),
	('COMMEMORATION_SCIENTIFIC_GA_HARBOR_MODIFIER_NEW7', 'YieldType', 'YIELD_SCIENCE'),
	('COMMEMORATION_SCIENTIFIC_GA_HARBOR_MODIFIER_NEW8', 'YieldType', 'YIELD_SCIENCE'),
	('COMMEMORATION_SCIENTIFIC_GA_HARBOR_MODIFIER_NEW9', 'YieldType', 'YIELD_SCIENCE'),
	('COMMEMORATION_SCIENTIFIC_GA_HARBOR_MODIFIER_NEW10', 'YieldType', 'YIELD_SCIENCE'),
	('COMMEMORATION_SCIENTIFIC_GA_HARBOR_MODIFIER_NEW11', 'YieldType', 'YIELD_SCIENCE'),
	('COMMEMORATION_SCIENTIFIC_GA_HARBOR_MODIFIER_NEW12', 'YieldType', 'YIELD_SCIENCE');
INSERT INTO ModifierArguments (ModifierId, Name,Value)
	VALUES 
	('COMMEMORATION_SCIENTIFIC_GA_HARBOR_MODIFIER_NEW1', 'Amount', '1'),
	('COMMEMORATION_SCIENTIFIC_GA_HARBOR_MODIFIER_NEW2', 'Amount', '1'),
	('COMMEMORATION_SCIENTIFIC_GA_HARBOR_MODIFIER_NEW3', 'Amount', '1'),
	('COMMEMORATION_SCIENTIFIC_GA_HARBOR_MODIFIER_NEW4', 'Amount', '1'),
	('COMMEMORATION_SCIENTIFIC_GA_HARBOR_MODIFIER_NEW5', 'Amount', '1'),
	('COMMEMORATION_SCIENTIFIC_GA_HARBOR_MODIFIER_NEW6', 'Amount', '1'),
	('COMMEMORATION_SCIENTIFIC_GA_HARBOR_MODIFIER_NEW7', 'Amount', '1'),
	('COMMEMORATION_SCIENTIFIC_GA_HARBOR_MODIFIER_NEW8', 'Amount', '1'),
	('COMMEMORATION_SCIENTIFIC_GA_HARBOR_MODIFIER_NEW9', 'Amount', '1'),
	('COMMEMORATION_SCIENTIFIC_GA_HARBOR_MODIFIER_NEW10', 'Amount', '1'),
	('COMMEMORATION_SCIENTIFIC_GA_HARBOR_MODIFIER_NEW11', 'Amount', '1'),
	('COMMEMORATION_SCIENTIFIC_GA_HARBOR_MODIFIER_NEW12', 'Amount', '1');


--
INSERT INTO Modifiers (ModifierId, ModifierType,SubjectRequirementSetId)
	VALUES
	('COMMEMORATION_SCIENTIFIC_GA_HARBOR1', 'MODIFIER_PLAYER_CITIES_ATTACH_MODIFIER', 'PLAYER_HAS_GOLDEN_AGE_TPB_IS_HARBOR'),
	('COMMEMORATION_SCIENTIFIC_GA_HARBOR2', 'MODIFIER_PLAYER_CITIES_ATTACH_MODIFIER', 'PLAYER_HAS_GOLDEN_AGE_TPB_IS_HARBOR'),
	('COMMEMORATION_SCIENTIFIC_GA_HARBOR3', 'MODIFIER_PLAYER_CITIES_ATTACH_MODIFIER', 'PLAYER_HAS_GOLDEN_AGE_TPB_IS_HARBOR'),
	('COMMEMORATION_SCIENTIFIC_GA_HARBOR4', 'MODIFIER_PLAYER_CITIES_ATTACH_MODIFIER', 'PLAYER_HAS_GOLDEN_AGE_TPB_IS_HARBOR'),
	('COMMEMORATION_SCIENTIFIC_GA_HARBOR5', 'MODIFIER_PLAYER_CITIES_ATTACH_MODIFIER', 'PLAYER_HAS_GOLDEN_AGE_TPB_IS_HARBOR'),
	('COMMEMORATION_SCIENTIFIC_GA_HARBOR6', 'MODIFIER_PLAYER_CITIES_ATTACH_MODIFIER', 'PLAYER_HAS_GOLDEN_AGE_TPB_IS_HARBOR'),
	('COMMEMORATION_SCIENTIFIC_GA_HARBOR7', 'MODIFIER_PLAYER_CITIES_ATTACH_MODIFIER', 'PLAYER_HAS_GOLDEN_AGE_TPB_IS_HARBOR'),
	('COMMEMORATION_SCIENTIFIC_GA_HARBOR8', 'MODIFIER_PLAYER_CITIES_ATTACH_MODIFIER', 'PLAYER_HAS_GOLDEN_AGE_TPB_IS_HARBOR'),
	('COMMEMORATION_SCIENTIFIC_GA_HARBOR9', 'MODIFIER_PLAYER_CITIES_ATTACH_MODIFIER', 'PLAYER_HAS_GOLDEN_AGE_TPB_IS_HARBOR'),
	('COMMEMORATION_SCIENTIFIC_GA_HARBOR10', 'MODIFIER_PLAYER_CITIES_ATTACH_MODIFIER', 'PLAYER_HAS_GOLDEN_AGE_TPB_IS_HARBOR'),
	('COMMEMORATION_SCIENTIFIC_GA_HARBOR11', 'MODIFIER_PLAYER_CITIES_ATTACH_MODIFIER', 'PLAYER_HAS_GOLDEN_AGE_TPB_IS_HARBOR'),
	('COMMEMORATION_SCIENTIFIC_GA_HARBOR12', 'MODIFIER_PLAYER_CITIES_ATTACH_MODIFIER', 'PLAYER_HAS_GOLDEN_AGE_TPB_IS_HARBOR');

INSERT INTO ModifierArguments (ModifierId, Name,Value)
	VALUES 
	('COMMEMORATION_SCIENTIFIC_GA_HARBOR1', 'ModifierId', 'COMMEMORATION_SCIENTIFIC_GA_HARBOR_MODIFIER_NEW1'),
	('COMMEMORATION_SCIENTIFIC_GA_HARBOR2', 'ModifierId', 'COMMEMORATION_SCIENTIFIC_GA_HARBOR_MODIFIER_NEW2'),
	('COMMEMORATION_SCIENTIFIC_GA_HARBOR3', 'ModifierId', 'COMMEMORATION_SCIENTIFIC_GA_HARBOR_MODIFIER_NEW3'),
	('COMMEMORATION_SCIENTIFIC_GA_HARBOR4', 'ModifierId', 'COMMEMORATION_SCIENTIFIC_GA_HARBOR_MODIFIER_NEW4'),
	('COMMEMORATION_SCIENTIFIC_GA_HARBOR5', 'ModifierId', 'COMMEMORATION_SCIENTIFIC_GA_HARBOR_MODIFIER_NEW5'),
	('COMMEMORATION_SCIENTIFIC_GA_HARBOR6', 'ModifierId', 'COMMEMORATION_SCIENTIFIC_GA_HARBOR_MODIFIER_NEW6'),
	('COMMEMORATION_SCIENTIFIC_GA_HARBOR7', 'ModifierId', 'COMMEMORATION_SCIENTIFIC_GA_HARBOR_MODIFIER_NEW7'),
	('COMMEMORATION_SCIENTIFIC_GA_HARBOR8', 'ModifierId', 'COMMEMORATION_SCIENTIFIC_GA_HARBOR_MODIFIER_NEW8'),
	('COMMEMORATION_SCIENTIFIC_GA_HARBOR9', 'ModifierId', 'COMMEMORATION_SCIENTIFIC_GA_HARBOR_MODIFIER_NEW9'),
	('COMMEMORATION_SCIENTIFIC_GA_HARBOR10', 'ModifierId', 'COMMEMORATION_SCIENTIFIC_GA_HARBOR_MODIFIER_NEW10'),
	('COMMEMORATION_SCIENTIFIC_GA_HARBOR11', 'ModifierId', 'COMMEMORATION_SCIENTIFIC_GA_HARBOR_MODIFIER_NEW11'),
	('COMMEMORATION_SCIENTIFIC_GA_HARBOR12', 'ModifierId', 'COMMEMORATION_SCIENTIFIC_GA_HARBOR_MODIFIER_NEW12');

INSERT INTO CommemorationModifiers (CommemorationType, ModifierId)
	VALUES 
	('COMMEMORATION_SCIENTIFIC', 'COMMEMORATION_SCIENTIFIC_GA_HARBOR1'),
	('COMMEMORATION_SCIENTIFIC', 'COMMEMORATION_SCIENTIFIC_GA_HARBOR2'),
	('COMMEMORATION_SCIENTIFIC', 'COMMEMORATION_SCIENTIFIC_GA_HARBOR3'),
	('COMMEMORATION_SCIENTIFIC', 'COMMEMORATION_SCIENTIFIC_GA_HARBOR4'),
	('COMMEMORATION_SCIENTIFIC', 'COMMEMORATION_SCIENTIFIC_GA_HARBOR5'),
	('COMMEMORATION_SCIENTIFIC', 'COMMEMORATION_SCIENTIFIC_GA_HARBOR6'),
	('COMMEMORATION_SCIENTIFIC', 'COMMEMORATION_SCIENTIFIC_GA_HARBOR7'),
	('COMMEMORATION_SCIENTIFIC', 'COMMEMORATION_SCIENTIFIC_GA_HARBOR8'),
	('COMMEMORATION_SCIENTIFIC', 'COMMEMORATION_SCIENTIFIC_GA_HARBOR9'),
	('COMMEMORATION_SCIENTIFIC', 'COMMEMORATION_SCIENTIFIC_GA_HARBOR10'),
	('COMMEMORATION_SCIENTIFIC', 'COMMEMORATION_SCIENTIFIC_GA_HARBOR11'),
	('COMMEMORATION_SCIENTIFIC', 'COMMEMORATION_SCIENTIFIC_GA_HARBOR12');

/*--狄多U型港口
--
INSERT INTO RequirementSets (RequirementSetId, RequirementSetType)
	VALUES
	('HARBOR_HAS_HIGH_ADJACENCY1U'		, 	'REQUIREMENTSET_TEST_ALL'),
	('HARBOR_HAS_HIGH_ADJACENCY2U', 	'REQUIREMENTSET_TEST_ALL'),
	('HARBOR_HAS_HIGH_ADJACENCY3U'	, 	'REQUIREMENTSET_TEST_ALL'),
	('HARBOR_HAS_HIGH_ADJACENCY4U', 	'REQUIREMENTSET_TEST_ALL'),
	('HARBOR_HAS_HIGH_ADJACENCY5U', 	'REQUIREMENTSET_TEST_ALL'),
	('HARBOR_HAS_HIGH_ADJACENCY6U', 	'REQUIREMENTSET_TEST_ALL'),
	('HARBOR_HAS_HIGH_ADJACENCY7U', 	'REQUIREMENTSET_TEST_ALL'),
	('HARBOR_HAS_HIGH_ADJACENCY8U', 	'REQUIREMENTSET_TEST_ALL'),
	('HARBOR_HAS_HIGH_ADJACENCY9U', 	'REQUIREMENTSET_TEST_ALL'),
	('HARBOR_HAS_HIGH_ADJACENCY10U', 	'REQUIREMENTSET_TEST_ALL'),
	('HARBOR_HAS_HIGH_ADJACENCY11U', 	'REQUIREMENTSET_TEST_ALL'),
	('HARBOR_HAS_HIGH_ADJACENCY12U', 	'REQUIREMENTSET_TEST_ALL');

INSERT INTO RequirementSetRequirements (RequirementSetId, RequirementId)
	VALUES
	('HARBOR_HAS_HIGH_ADJACENCY1U'		, 	'REQUIRES_HARBOR_HAS_HIGH_ADJACENCY1U'),
	('HARBOR_HAS_HIGH_ADJACENCY2U', 	'REQUIRES_HARBOR_HAS_HIGH_ADJACENCY2U'),
	('HARBOR_HAS_HIGH_ADJACENCY3U'	, 	'REQUIRES_HARBOR_HAS_HIGH_ADJACENCY3U'),
	('HARBOR_HAS_HIGH_ADJACENCY4U', 	'REQUIRES_HARBOR_HAS_HIGH_ADJACENCY4U'),
	('HARBOR_HAS_HIGH_ADJACENCY5U', 	'REQUIRES_HARBOR_HAS_HIGH_ADJACENCY5U'),
	('HARBOR_HAS_HIGH_ADJACENCY6U', 	'REQUIRES_HARBOR_HAS_HIGH_ADJACENCY6U'),
	('HARBOR_HAS_HIGH_ADJACENCY7U', 	'REQUIRES_HARBOR_HAS_HIGH_ADJACENCY7U'),
	('HARBOR_HAS_HIGH_ADJACENCY8U', 	'REQUIRES_HARBOR_HAS_HIGH_ADJACENCY8U'),
	('HARBOR_HAS_HIGH_ADJACENCY9U', 	'REQUIRES_HARBOR_HAS_HIGH_ADJACENCY9U'),
	('HARBOR_HAS_HIGH_ADJACENCY10U', 	'REQUIRES_HARBOR_HAS_HIGH_ADJACENCY10U'),
	('HARBOR_HAS_HIGH_ADJACENCY11U', 	'REQUIRES_HARBOR_HAS_HIGH_ADJACENCY11U'),
	('HARBOR_HAS_HIGH_ADJACENCY12U', 	'REQUIRES_HARBOR_HAS_HIGH_ADJACENCY12U');

INSERT INTO RequirementSetRequirements (RequirementSetId, RequirementId)
	VALUES
	('HARBOR_HAS_HIGH_ADJACENCY1U'		,'REQUIRES_DISTRICT_IS_HARBOR_U'),
	('HARBOR_HAS_HIGH_ADJACENCY2U', 	'REQUIRES_DISTRICT_IS_HARBOR_U'),
	('HARBOR_HAS_HIGH_ADJACENCY3U'	, 	'REQUIRES_DISTRICT_IS_HARBOR_U'),
	('HARBOR_HAS_HIGH_ADJACENCY4U', 	'REQUIRES_DISTRICT_IS_HARBOR_U'),
	('HARBOR_HAS_HIGH_ADJACENCY5U', 	'REQUIRES_DISTRICT_IS_HARBOR_U'),
	('HARBOR_HAS_HIGH_ADJACENCY6U', 	'REQUIRES_DISTRICT_IS_HARBOR_U'),
	('HARBOR_HAS_HIGH_ADJACENCY7U', 	'REQUIRES_DISTRICT_IS_HARBOR_U'),
	('HARBOR_HAS_HIGH_ADJACENCY8U', 	'REQUIRES_DISTRICT_IS_HARBOR_U'),
	('HARBOR_HAS_HIGH_ADJACENCY9U', 	'REQUIRES_DISTRICT_IS_HARBOR_U'),
	('HARBOR_HAS_HIGH_ADJACENCY10U', 	'REQUIRES_DISTRICT_IS_HARBOR_U'),
	('HARBOR_HAS_HIGH_ADJACENCY11U', 	'REQUIRES_DISTRICT_IS_HARBOR_U'),
	('HARBOR_HAS_HIGH_ADJACENCY12U', 	'REQUIRES_DISTRICT_IS_HARBOR_U');

INSERT INTO Requirements (RequirementId, RequirementType)
	VALUES
	('REQUIRES_HARBOR_HAS_HIGH_ADJACENCY1U'		, 	'REQUIREMENT_CITY_HAS_HIGH_ADJACENCY_DISTRICT'),
	('REQUIRES_HARBOR_HAS_HIGH_ADJACENCY2U', 	'REQUIREMENT_CITY_HAS_HIGH_ADJACENCY_DISTRICT'),
	('REQUIRES_HARBOR_HAS_HIGH_ADJACENCY3U'	, 	'REQUIREMENT_CITY_HAS_HIGH_ADJACENCY_DISTRICT'),
	('REQUIRES_HARBOR_HAS_HIGH_ADJACENCY4U', 	'REQUIREMENT_CITY_HAS_HIGH_ADJACENCY_DISTRICT'),
	('REQUIRES_HARBOR_HAS_HIGH_ADJACENCY5U', 	'REQUIREMENT_CITY_HAS_HIGH_ADJACENCY_DISTRICT'),
	('REQUIRES_HARBOR_HAS_HIGH_ADJACENCY6U', 	'REQUIREMENT_CITY_HAS_HIGH_ADJACENCY_DISTRICT'),
	('REQUIRES_HARBOR_HAS_HIGH_ADJACENCY7U', 	'REQUIREMENT_CITY_HAS_HIGH_ADJACENCY_DISTRICT'),
	('REQUIRES_HARBOR_HAS_HIGH_ADJACENCY8U', 	'REQUIREMENT_CITY_HAS_HIGH_ADJACENCY_DISTRICT'),
	('REQUIRES_HARBOR_HAS_HIGH_ADJACENCY9U', 	'REQUIREMENT_CITY_HAS_HIGH_ADJACENCY_DISTRICT'),
	('REQUIRES_HARBOR_HAS_HIGH_ADJACENCY10U', 	'REQUIREMENT_CITY_HAS_HIGH_ADJACENCY_DISTRICT'),
	('REQUIRES_HARBOR_HAS_HIGH_ADJACENCY11U', 	'REQUIREMENT_CITY_HAS_HIGH_ADJACENCY_DISTRICT'),
	('REQUIRES_HARBOR_HAS_HIGH_ADJACENCY12U', 	'REQUIREMENT_CITY_HAS_HIGH_ADJACENCY_DISTRICT');

INSERT INTO RequirementArguments (RequirementId, Name,Value)
	VALUES
	('REQUIRES_HARBOR_HAS_HIGH_ADJACENCY1U',     'DistrictType','DISTRICT_COTHON'),
	('REQUIRES_HARBOR_HAS_HIGH_ADJACENCY2U', 	'DistrictType','DISTRICT_COTHON'),
	('REQUIRES_HARBOR_HAS_HIGH_ADJACENCY3U', 	'DistrictType','DISTRICT_COTHON'),
	('REQUIRES_HARBOR_HAS_HIGH_ADJACENCY4U', 	'DistrictType','DISTRICT_COTHON'),
	('REQUIRES_HARBOR_HAS_HIGH_ADJACENCY5U', 	'DistrictType','DISTRICT_COTHON'),
	('REQUIRES_HARBOR_HAS_HIGH_ADJACENCY6U', 	'DistrictType','DISTRICT_COTHON'),
	('REQUIRES_HARBOR_HAS_HIGH_ADJACENCY7U', 	'DistrictType','DISTRICT_COTHON'),
	('REQUIRES_HARBOR_HAS_HIGH_ADJACENCY8U', 	'DistrictType','DISTRICT_COTHON'),
	('REQUIRES_HARBOR_HAS_HIGH_ADJACENCY9U', 	'DistrictType','DISTRICT_COTHON'),
	('REQUIRES_HARBOR_HAS_HIGH_ADJACENCY10U', 	'DistrictType','DISTRICT_COTHON'),
	('REQUIRES_HARBOR_HAS_HIGH_ADJACENCY11U', 	'DistrictType','DISTRICT_COTHON'),
	('REQUIRES_HARBOR_HAS_HIGH_ADJACENCY12U', 	'DistrictType','DISTRICT_COTHON');

INSERT INTO RequirementArguments (RequirementId, Name,Value)
	VALUES
	('REQUIRES_HARBOR_HAS_HIGH_ADJACENCY1U'		, 	'YieldType','YIELD_GOLD'),
	('REQUIRES_HARBOR_HAS_HIGH_ADJACENCY2U', 	'YieldType','YIELD_GOLD'),
	('REQUIRES_HARBOR_HAS_HIGH_ADJACENCY3U'	, 	'YieldType','YIELD_GOLD'),
	('REQUIRES_HARBOR_HAS_HIGH_ADJACENCY4U', 	'YieldType','YIELD_GOLD'),
	('REQUIRES_HARBOR_HAS_HIGH_ADJACENCY5U', 	'YieldType','YIELD_GOLD'),
	('REQUIRES_HARBOR_HAS_HIGH_ADJACENCY6U', 	'YieldType','YIELD_GOLD'),
	('REQUIRES_HARBOR_HAS_HIGH_ADJACENCY7U', 	'YieldType','YIELD_GOLD'),
	('REQUIRES_HARBOR_HAS_HIGH_ADJACENCY8U', 	'YieldType','YIELD_GOLD'),
	('REQUIRES_HARBOR_HAS_HIGH_ADJACENCY9U', 	'YieldType','YIELD_GOLD'),
	('REQUIRES_HARBOR_HAS_HIGH_ADJACENCY10U', 	'YieldType','YIELD_GOLD'),
	('REQUIRES_HARBOR_HAS_HIGH_ADJACENCY11U', 	'YieldType','YIELD_GOLD'),
	('REQUIRES_HARBOR_HAS_HIGH_ADJACENCY12U', 	'YieldType','YIELD_GOLD');

INSERT INTO RequirementArguments (RequirementId, Name,Value)
	VALUES
	('REQUIRES_HARBOR_HAS_HIGH_ADJACENCY1U'		, 	'Amount','1'),
	('REQUIRES_HARBOR_HAS_HIGH_ADJACENCY2U', 	'Amount','2'),
	('REQUIRES_HARBOR_HAS_HIGH_ADJACENCY3U'	, 	'Amount','3'),
	('REQUIRES_HARBOR_HAS_HIGH_ADJACENCY4U', 	'Amount','4'),
	('REQUIRES_HARBOR_HAS_HIGH_ADJACENCY5U', 	'Amount','5'),
	('REQUIRES_HARBOR_HAS_HIGH_ADJACENCY6U', 	'Amount','6'),
	('REQUIRES_HARBOR_HAS_HIGH_ADJACENCY7U', 	'Amount','7'),
	('REQUIRES_HARBOR_HAS_HIGH_ADJACENCY8U', 	'Amount','8'),
	('REQUIRES_HARBOR_HAS_HIGH_ADJACENCY9U', 	'Amount','9'),
	('REQUIRES_HARBOR_HAS_HIGH_ADJACENCY10U', 	'Amount','10'),
	('REQUIRES_HARBOR_HAS_HIGH_ADJACENCY11U', 	'Amount','11'),
	('REQUIRES_HARBOR_HAS_HIGH_ADJACENCY12U', 	'Amount','12');

INSERT INTO Modifiers (ModifierId, ModifierType,SubjectRequirementSetId)
	VALUES
	('COMMEMORATION_SCIENTIFIC_GA_HARBOR_MODIFIER_NEW_U1', 'MODIFIER_CITY_DISTRICTS_ADJUST_YIELD_CHANGE_TPB', 'HARBOR_HAS_HIGH_ADJACENCY1U'),
	('COMMEMORATION_SCIENTIFIC_GA_HARBOR_MODIFIER_NEW_U2', 'MODIFIER_CITY_DISTRICTS_ADJUST_YIELD_CHANGE_TPB', 'HARBOR_HAS_HIGH_ADJACENCY2U'),
	('COMMEMORATION_SCIENTIFIC_GA_HARBOR_MODIFIER_NEW_U3', 'MODIFIER_CITY_DISTRICTS_ADJUST_YIELD_CHANGE_TPB', 'HARBOR_HAS_HIGH_ADJACENCY3U'),
	('COMMEMORATION_SCIENTIFIC_GA_HARBOR_MODIFIER_NEW_U4', 'MODIFIER_CITY_DISTRICTS_ADJUST_YIELD_CHANGE_TPB', 'HARBOR_HAS_HIGH_ADJACENCY4U'),
	('COMMEMORATION_SCIENTIFIC_GA_HARBOR_MODIFIER_NEW_U5', 'MODIFIER_CITY_DISTRICTS_ADJUST_YIELD_CHANGE_TPB', 'HARBOR_HAS_HIGH_ADJACENCY5U'),
	('COMMEMORATION_SCIENTIFIC_GA_HARBOR_MODIFIER_NEW_U6', 'MODIFIER_CITY_DISTRICTS_ADJUST_YIELD_CHANGE_TPB', 'HARBOR_HAS_HIGH_ADJACENCY6U'),
	('COMMEMORATION_SCIENTIFIC_GA_HARBOR_MODIFIER_NEW_U7', 'MODIFIER_CITY_DISTRICTS_ADJUST_YIELD_CHANGE_TPB', 'HARBOR_HAS_HIGH_ADJACENCY7U'),
	('COMMEMORATION_SCIENTIFIC_GA_HARBOR_MODIFIER_NEW_U8', 'MODIFIER_CITY_DISTRICTS_ADJUST_YIELD_CHANGE_TPB', 'HARBOR_HAS_HIGH_ADJACENCY8U'),
	('COMMEMORATION_SCIENTIFIC_GA_HARBOR_MODIFIER_NEW_U9', 'MODIFIER_CITY_DISTRICTS_ADJUST_YIELD_CHANGE_TPB', 'HARBOR_HAS_HIGH_ADJACENCY9U'),
	('COMMEMORATION_SCIENTIFIC_GA_HARBOR_MODIFIER_NEW_U10', 'MODIFIER_CITY_DISTRICTS_ADJUST_YIELD_CHANGE_TPB', 'HARBOR_HAS_HIGH_ADJACENCY10U'),
	('COMMEMORATION_SCIENTIFIC_GA_HARBOR_MODIFIER_NEW_U11', 'MODIFIER_CITY_DISTRICTS_ADJUST_YIELD_CHANGE_TPB', 'HARBOR_HAS_HIGH_ADJACENCY11U'),
	('COMMEMORATION_SCIENTIFIC_GA_HARBOR_MODIFIER_NEW_U12', 'MODIFIER_CITY_DISTRICTS_ADJUST_YIELD_CHANGE_TPB', 'HARBOR_HAS_HIGH_ADJACENCY12U');
INSERT INTO ModifierArguments (ModifierId, Name,Value)
	VALUES 
	('COMMEMORATION_SCIENTIFIC_GA_HARBOR_MODIFIER_NEW_U1', 'YieldType', 'YIELD_SCIENCE'),
	('COMMEMORATION_SCIENTIFIC_GA_HARBOR_MODIFIER_NEW_U2', 'YieldType', 'YIELD_SCIENCE'),
	('COMMEMORATION_SCIENTIFIC_GA_HARBOR_MODIFIER_NEW_U3', 'YieldType', 'YIELD_SCIENCE'),
	('COMMEMORATION_SCIENTIFIC_GA_HARBOR_MODIFIER_NEW_U4', 'YieldType', 'YIELD_SCIENCE'),
	('COMMEMORATION_SCIENTIFIC_GA_HARBOR_MODIFIER_NEW_U5', 'YieldType', 'YIELD_SCIENCE'),
	('COMMEMORATION_SCIENTIFIC_GA_HARBOR_MODIFIER_NEW_U6', 'YieldType', 'YIELD_SCIENCE'),
	('COMMEMORATION_SCIENTIFIC_GA_HARBOR_MODIFIER_NEW_U7', 'YieldType', 'YIELD_SCIENCE'),
	('COMMEMORATION_SCIENTIFIC_GA_HARBOR_MODIFIER_NEW_U8', 'YieldType', 'YIELD_SCIENCE'),
	('COMMEMORATION_SCIENTIFIC_GA_HARBOR_MODIFIER_NEW_U9', 'YieldType', 'YIELD_SCIENCE'),
	('COMMEMORATION_SCIENTIFIC_GA_HARBOR_MODIFIER_NEW_U10', 'YieldType', 'YIELD_SCIENCE'),
	('COMMEMORATION_SCIENTIFIC_GA_HARBOR_MODIFIER_NEW_U11', 'YieldType', 'YIELD_SCIENCE'),
	('COMMEMORATION_SCIENTIFIC_GA_HARBOR_MODIFIER_NEW_U12', 'YieldType', 'YIELD_SCIENCE');
INSERT INTO ModifierArguments (ModifierId, Name,Value)
	VALUES 
	('COMMEMORATION_SCIENTIFIC_GA_HARBOR_MODIFIER_NEW_U1', 'Amount', '0'),
	('COMMEMORATION_SCIENTIFIC_GA_HARBOR_MODIFIER_NEW_U2', 'Amount', '0'),
	('COMMEMORATION_SCIENTIFIC_GA_HARBOR_MODIFIER_NEW_U3', 'Amount', '0'),
	('COMMEMORATION_SCIENTIFIC_GA_HARBOR_MODIFIER_NEW_U4', 'Amount', '0'),
	('COMMEMORATION_SCIENTIFIC_GA_HARBOR_MODIFIER_NEW_U5', 'Amount', '0'),
	('COMMEMORATION_SCIENTIFIC_GA_HARBOR_MODIFIER_NEW_U6', 'Amount', '0'),
	('COMMEMORATION_SCIENTIFIC_GA_HARBOR_MODIFIER_NEW_U7', 'Amount', '0'),
	('COMMEMORATION_SCIENTIFIC_GA_HARBOR_MODIFIER_NEW_U8', 'Amount', '0'),
	('COMMEMORATION_SCIENTIFIC_GA_HARBOR_MODIFIER_NEW_U9', 'Amount', '0'),
	('COMMEMORATION_SCIENTIFIC_GA_HARBOR_MODIFIER_NEW_U10', 'Amount', '0'),
	('COMMEMORATION_SCIENTIFIC_GA_HARBOR_MODIFIER_NEW_U11', 'Amount', '0'),
	('COMMEMORATION_SCIENTIFIC_GA_HARBOR_MODIFIER_NEW_U12', 'Amount', '0');


--
INSERT INTO Modifiers (ModifierId, ModifierType,SubjectRequirementSetId)
	VALUES
	('COMMEMORATION_SCIENTIFIC_GA_HARBOR_U1', 'MODIFIER_PLAYER_CITIES_ATTACH_MODIFIER', 'PLAYER_HAS_GOLDEN_AGE'),
	('COMMEMORATION_SCIENTIFIC_GA_HARBOR_U2', 'MODIFIER_PLAYER_CITIES_ATTACH_MODIFIER', 'PLAYER_HAS_GOLDEN_AGE'),
	('COMMEMORATION_SCIENTIFIC_GA_HARBOR_U3', 'MODIFIER_PLAYER_CITIES_ATTACH_MODIFIER', 'PLAYER_HAS_GOLDEN_AGE'),
	('COMMEMORATION_SCIENTIFIC_GA_HARBOR_U4', 'MODIFIER_PLAYER_CITIES_ATTACH_MODIFIER', 'PLAYER_HAS_GOLDEN_AGE'),
	('COMMEMORATION_SCIENTIFIC_GA_HARBOR_U5', 'MODIFIER_PLAYER_CITIES_ATTACH_MODIFIER', 'PLAYER_HAS_GOLDEN_AGE'),
	('COMMEMORATION_SCIENTIFIC_GA_HARBOR_U6', 'MODIFIER_PLAYER_CITIES_ATTACH_MODIFIER', 'PLAYER_HAS_GOLDEN_AGE'),
	('COMMEMORATION_SCIENTIFIC_GA_HARBOR_U7', 'MODIFIER_PLAYER_CITIES_ATTACH_MODIFIER', 'PLAYER_HAS_GOLDEN_AGE'),
	('COMMEMORATION_SCIENTIFIC_GA_HARBOR_U8', 'MODIFIER_PLAYER_CITIES_ATTACH_MODIFIER', 'PLAYER_HAS_GOLDEN_AGE'),
	('COMMEMORATION_SCIENTIFIC_GA_HARBOR_U9', 'MODIFIER_PLAYER_CITIES_ATTACH_MODIFIER', 'PLAYER_HAS_GOLDEN_AGE'),
	('COMMEMORATION_SCIENTIFIC_GA_HARBOR_U10', 'MODIFIER_PLAYER_CITIES_ATTACH_MODIFIER', 'PLAYER_HAS_GOLDEN_AGE'),
	('COMMEMORATION_SCIENTIFIC_GA_HARBOR_U11', 'MODIFIER_PLAYER_CITIES_ATTACH_MODIFIER', 'PLAYER_HAS_GOLDEN_AGE'),
	('COMMEMORATION_SCIENTIFIC_GA_HARBOR_U12', 'MODIFIER_PLAYER_CITIES_ATTACH_MODIFIER', 'PLAYER_HAS_GOLDEN_AGE');

INSERT INTO ModifierArguments (ModifierId, Name,Value)
	VALUES 
	('COMMEMORATION_SCIENTIFIC_GA_HARBOR_U1', 'ModifierId', 'COMMEMORATION_SCIENTIFIC_GA_HARBOR_MODIFIER_NEW_U1'),
	('COMMEMORATION_SCIENTIFIC_GA_HARBOR_U2', 'ModifierId', 'COMMEMORATION_SCIENTIFIC_GA_HARBOR_MODIFIER_NEW_U2'),
	('COMMEMORATION_SCIENTIFIC_GA_HARBOR_U3', 'ModifierId', 'COMMEMORATION_SCIENTIFIC_GA_HARBOR_MODIFIER_NEW_U3'),
	('COMMEMORATION_SCIENTIFIC_GA_HARBOR_U4', 'ModifierId', 'COMMEMORATION_SCIENTIFIC_GA_HARBOR_MODIFIER_NEW_U4'),
	('COMMEMORATION_SCIENTIFIC_GA_HARBOR_U5', 'ModifierId', 'COMMEMORATION_SCIENTIFIC_GA_HARBOR_MODIFIER_NEW_U5'),
	('COMMEMORATION_SCIENTIFIC_GA_HARBOR_U6', 'ModifierId', 'COMMEMORATION_SCIENTIFIC_GA_HARBOR_MODIFIER_NEW_U6'),
	('COMMEMORATION_SCIENTIFIC_GA_HARBOR_U7', 'ModifierId', 'COMMEMORATION_SCIENTIFIC_GA_HARBOR_MODIFIER_NEW_U7'),
	('COMMEMORATION_SCIENTIFIC_GA_HARBOR_U8', 'ModifierId', 'COMMEMORATION_SCIENTIFIC_GA_HARBOR_MODIFIER_NEW_U8'),
	('COMMEMORATION_SCIENTIFIC_GA_HARBOR_U9', 'ModifierId', 'COMMEMORATION_SCIENTIFIC_GA_HARBOR_MODIFIER_NEW_U9'),
	('COMMEMORATION_SCIENTIFIC_GA_HARBOR_U10', 'ModifierId', 'COMMEMORATION_SCIENTIFIC_GA_HARBOR_MODIFIER_NEW_U10'),
	('COMMEMORATION_SCIENTIFIC_GA_HARBOR_U11', 'ModifierId', 'COMMEMORATION_SCIENTIFIC_GA_HARBOR_MODIFIER_NEW_U11'),
	('COMMEMORATION_SCIENTIFIC_GA_HARBOR_U12', 'ModifierId', 'COMMEMORATION_SCIENTIFIC_GA_HARBOR_MODIFIER_NEW_U12');

INSERT INTO CommemorationModifiers (CommemorationType, ModifierId)
	VALUES 
	('COMMEMORATION_SCIENTIFIC', 'COMMEMORATION_SCIENTIFIC_GA_HARBOR_U1'),
	('COMMEMORATION_SCIENTIFIC', 'COMMEMORATION_SCIENTIFIC_GA_HARBOR_U2'),
	('COMMEMORATION_SCIENTIFIC', 'COMMEMORATION_SCIENTIFIC_GA_HARBOR_U3'),
	('COMMEMORATION_SCIENTIFIC', 'COMMEMORATION_SCIENTIFIC_GA_HARBOR_U4'),
	('COMMEMORATION_SCIENTIFIC', 'COMMEMORATION_SCIENTIFIC_GA_HARBOR_U5'),
	('COMMEMORATION_SCIENTIFIC', 'COMMEMORATION_SCIENTIFIC_GA_HARBOR_U6'),
	('COMMEMORATION_SCIENTIFIC', 'COMMEMORATION_SCIENTIFIC_GA_HARBOR_U7'),
	('COMMEMORATION_SCIENTIFIC', 'COMMEMORATION_SCIENTIFIC_GA_HARBOR_U8'),
	('COMMEMORATION_SCIENTIFIC', 'COMMEMORATION_SCIENTIFIC_GA_HARBOR_U9'),
	('COMMEMORATION_SCIENTIFIC', 'COMMEMORATION_SCIENTIFIC_GA_HARBOR_U10'),
	('COMMEMORATION_SCIENTIFIC', 'COMMEMORATION_SCIENTIFIC_GA_HARBOR_U11'),
	('COMMEMORATION_SCIENTIFIC', 'COMMEMORATION_SCIENTIFIC_GA_HARBOR_U12');

--英国皇家
--
INSERT INTO RequirementSets (RequirementSetId, RequirementSetType)
	VALUES
	('HARBOR_HAS_HIGH_ADJACENCY_H1'		, 	'REQUIREMENTSET_TEST_ALL'),
	('HARBOR_HAS_HIGH_ADJACENCY_H2', 	'REQUIREMENTSET_TEST_ALL'),
	('HARBOR_HAS_HIGH_ADJACENCY_H3'	, 	'REQUIREMENTSET_TEST_ALL'),
	('HARBOR_HAS_HIGH_ADJACENCY_H4', 	'REQUIREMENTSET_TEST_ALL'),
	('HARBOR_HAS_HIGH_ADJACENCY_H5', 	'REQUIREMENTSET_TEST_ALL'),
	('HARBOR_HAS_HIGH_ADJACENCY_H6', 	'REQUIREMENTSET_TEST_ALL'),
	('HARBOR_HAS_HIGH_ADJACENCY_H7', 	'REQUIREMENTSET_TEST_ALL'),
	('HARBOR_HAS_HIGH_ADJACENCY_H8', 	'REQUIREMENTSET_TEST_ALL'),
	('HARBOR_HAS_HIGH_ADJACENCY_H9', 	'REQUIREMENTSET_TEST_ALL'),
	('HARBOR_HAS_HIGH_ADJACENCY_H10', 	'REQUIREMENTSET_TEST_ALL'),
	('HARBOR_HAS_HIGH_ADJACENCY_H11', 	'REQUIREMENTSET_TEST_ALL'),
	('HARBOR_HAS_HIGH_ADJACENCY_H12', 	'REQUIREMENTSET_TEST_ALL');

INSERT INTO RequirementSetRequirements (RequirementSetId, RequirementId)
	VALUES
	('HARBOR_HAS_HIGH_ADJACENCY_H1'		, 	'REQUIRES_HARBOR_HAS_HIGH_ADJACENCY_H1'),
	('HARBOR_HAS_HIGH_ADJACENCY_H2', 	'REQUIRES_HARBOR_HAS_HIGH_ADJACENCY_H2'),
	('HARBOR_HAS_HIGH_ADJACENCY_H3'	, 	'REQUIRES_HARBOR_HAS_HIGH_ADJACENCY_H3'),
	('HARBOR_HAS_HIGH_ADJACENCY_H4', 	'REQUIRES_HARBOR_HAS_HIGH_ADJACENCY_H4'),
	('HARBOR_HAS_HIGH_ADJACENCY_H5', 	'REQUIRES_HARBOR_HAS_HIGH_ADJACENCY_H5'),
	('HARBOR_HAS_HIGH_ADJACENCY_H6', 	'REQUIRES_HARBOR_HAS_HIGH_ADJACENCY_H6'),
	('HARBOR_HAS_HIGH_ADJACENCY_H7', 	'REQUIRES_HARBOR_HAS_HIGH_ADJACENCY_H7'),
	('HARBOR_HAS_HIGH_ADJACENCY_H8', 	'REQUIRES_HARBOR_HAS_HIGH_ADJACENCY_H8'),
	('HARBOR_HAS_HIGH_ADJACENCY_H9', 	'REQUIRES_HARBOR_HAS_HIGH_ADJACENCY_H9'),
	('HARBOR_HAS_HIGH_ADJACENCY_H10', 	'REQUIRES_HARBOR_HAS_HIGH_ADJACENCY_H10'),
	('HARBOR_HAS_HIGH_ADJACENCY_H11', 	'REQUIRES_HARBOR_HAS_HIGH_ADJACENCY_H11'),
	('HARBOR_HAS_HIGH_ADJACENCY_H12', 	'REQUIRES_HARBOR_HAS_HIGH_ADJACENCY_H12');

INSERT INTO RequirementSetRequirements (RequirementSetId, RequirementId)
	VALUES
	('HARBOR_HAS_HIGH_ADJACENCY_H1'		,'REQUIRES_DISTRICT_IS_HARBOR_H'),
	('HARBOR_HAS_HIGH_ADJACENCY_H2', 	'REQUIRES_DISTRICT_IS_HARBOR_H'),
	('HARBOR_HAS_HIGH_ADJACENCY_H3'	, 	'REQUIRES_DISTRICT_IS_HARBOR_H'),
	('HARBOR_HAS_HIGH_ADJACENCY_H4', 	'REQUIRES_DISTRICT_IS_HARBOR_H'),
	('HARBOR_HAS_HIGH_ADJACENCY_H5', 	'REQUIRES_DISTRICT_IS_HARBOR_H'),
	('HARBOR_HAS_HIGH_ADJACENCY_H6', 	'REQUIRES_DISTRICT_IS_HARBOR_H'),
	('HARBOR_HAS_HIGH_ADJACENCY_H7', 	'REQUIRES_DISTRICT_IS_HARBOR_H'),
	('HARBOR_HAS_HIGH_ADJACENCY_H8', 	'REQUIRES_DISTRICT_IS_HARBOR_H'),
	('HARBOR_HAS_HIGH_ADJACENCY_H9', 	'REQUIRES_DISTRICT_IS_HARBOR_H'),
	('HARBOR_HAS_HIGH_ADJACENCY_H10', 	'REQUIRES_DISTRICT_IS_HARBOR_H'),
	('HARBOR_HAS_HIGH_ADJACENCY_H11', 	'REQUIRES_DISTRICT_IS_HARBOR_H'),
	('HARBOR_HAS_HIGH_ADJACENCY_H12', 	'REQUIRES_DISTRICT_IS_HARBOR_H');

INSERT INTO Requirements (RequirementId, RequirementType)
	VALUES
	('REQUIRES_HARBOR_HAS_HIGH_ADJACENCY_H1'		, 	'REQUIREMENT_CITY_HAS_HIGH_ADJACENCY_DISTRICT'),
	('REQUIRES_HARBOR_HAS_HIGH_ADJACENCY_H2', 	'REQUIREMENT_CITY_HAS_HIGH_ADJACENCY_DISTRICT'),
	('REQUIRES_HARBOR_HAS_HIGH_ADJACENCY_H3'	, 	'REQUIREMENT_CITY_HAS_HIGH_ADJACENCY_DISTRICT'),
	('REQUIRES_HARBOR_HAS_HIGH_ADJACENCY_H4', 	'REQUIREMENT_CITY_HAS_HIGH_ADJACENCY_DISTRICT'),
	('REQUIRES_HARBOR_HAS_HIGH_ADJACENCY_H5', 	'REQUIREMENT_CITY_HAS_HIGH_ADJACENCY_DISTRICT'),
	('REQUIRES_HARBOR_HAS_HIGH_ADJACENCY_H6', 	'REQUIREMENT_CITY_HAS_HIGH_ADJACENCY_DISTRICT'),
	('REQUIRES_HARBOR_HAS_HIGH_ADJACENCY_H7', 	'REQUIREMENT_CITY_HAS_HIGH_ADJACENCY_DISTRICT'),
	('REQUIRES_HARBOR_HAS_HIGH_ADJACENCY_H8', 	'REQUIREMENT_CITY_HAS_HIGH_ADJACENCY_DISTRICT'),
	('REQUIRES_HARBOR_HAS_HIGH_ADJACENCY_H9', 	'REQUIREMENT_CITY_HAS_HIGH_ADJACENCY_DISTRICT'),
	('REQUIRES_HARBOR_HAS_HIGH_ADJACENCY_H10', 	'REQUIREMENT_CITY_HAS_HIGH_ADJACENCY_DISTRICT'),
	('REQUIRES_HARBOR_HAS_HIGH_ADJACENCY_H11', 	'REQUIREMENT_CITY_HAS_HIGH_ADJACENCY_DISTRICT'),
	('REQUIRES_HARBOR_HAS_HIGH_ADJACENCY_H12', 	'REQUIREMENT_CITY_HAS_HIGH_ADJACENCY_DISTRICT');

INSERT INTO RequirementArguments (RequirementId, Name,Value)
	VALUES
	('REQUIRES_HARBOR_HAS_HIGH_ADJACENCY_H1',     'DistrictType','DISTRICT_ROYAL_NAVY_DOCKYARD'),
	('REQUIRES_HARBOR_HAS_HIGH_ADJACENCY_H2', 	'DistrictType','DISTRICT_ROYAL_NAVY_DOCKYARD'),
	('REQUIRES_HARBOR_HAS_HIGH_ADJACENCY_H3', 	'DistrictType','DISTRICT_ROYAL_NAVY_DOCKYARD'),
	('REQUIRES_HARBOR_HAS_HIGH_ADJACENCY_H4', 	'DistrictType','DISTRICT_ROYAL_NAVY_DOCKYARD'),
	('REQUIRES_HARBOR_HAS_HIGH_ADJACENCY_H5', 	'DistrictType','DISTRICT_ROYAL_NAVY_DOCKYARD'),
	('REQUIRES_HARBOR_HAS_HIGH_ADJACENCY_H6', 	'DistrictType','DISTRICT_ROYAL_NAVY_DOCKYARD'),
	('REQUIRES_HARBOR_HAS_HIGH_ADJACENCY_H7', 	'DistrictType','DISTRICT_ROYAL_NAVY_DOCKYARD'),
	('REQUIRES_HARBOR_HAS_HIGH_ADJACENCY_H8', 	'DistrictType','DISTRICT_ROYAL_NAVY_DOCKYARD'),
	('REQUIRES_HARBOR_HAS_HIGH_ADJACENCY_H9', 	'DistrictType','DISTRICT_ROYAL_NAVY_DOCKYARD'),
	('REQUIRES_HARBOR_HAS_HIGH_ADJACENCY_H10', 	'DistrictType','DISTRICT_ROYAL_NAVY_DOCKYARD'),
	('REQUIRES_HARBOR_HAS_HIGH_ADJACENCY_H11', 	'DistrictType','DISTRICT_ROYAL_NAVY_DOCKYARD'),
	('REQUIRES_HARBOR_HAS_HIGH_ADJACENCY_H12', 	'DistrictType','DISTRICT_ROYAL_NAVY_DOCKYARD');

INSERT INTO RequirementArguments (RequirementId, Name,Value)
	VALUES
	('REQUIRES_HARBOR_HAS_HIGH_ADJACENCY_H1'		, 	'YieldType','YIELD_GOLD'),
	('REQUIRES_HARBOR_HAS_HIGH_ADJACENCY_H2', 	'YieldType','YIELD_GOLD'),
	('REQUIRES_HARBOR_HAS_HIGH_ADJACENCY_H3'	, 	'YieldType','YIELD_GOLD'),
	('REQUIRES_HARBOR_HAS_HIGH_ADJACENCY_H4', 	'YieldType','YIELD_GOLD'),
	('REQUIRES_HARBOR_HAS_HIGH_ADJACENCY_H5', 	'YieldType','YIELD_GOLD'),
	('REQUIRES_HARBOR_HAS_HIGH_ADJACENCY_H6', 	'YieldType','YIELD_GOLD'),
	('REQUIRES_HARBOR_HAS_HIGH_ADJACENCY_H7', 	'YieldType','YIELD_GOLD'),
	('REQUIRES_HARBOR_HAS_HIGH_ADJACENCY_H8', 	'YieldType','YIELD_GOLD'),
	('REQUIRES_HARBOR_HAS_HIGH_ADJACENCY_H9', 	'YieldType','YIELD_GOLD'),
	('REQUIRES_HARBOR_HAS_HIGH_ADJACENCY_H10', 	'YieldType','YIELD_GOLD'),
	('REQUIRES_HARBOR_HAS_HIGH_ADJACENCY_H11', 	'YieldType','YIELD_GOLD'),
	('REQUIRES_HARBOR_HAS_HIGH_ADJACENCY_H12', 	'YieldType','YIELD_GOLD');

INSERT INTO RequirementArguments (RequirementId, Name,Value)
	VALUES
	('REQUIRES_HARBOR_HAS_HIGH_ADJACENCY_H1'		, 	'Amount','1'),
	('REQUIRES_HARBOR_HAS_HIGH_ADJACENCY_H2', 	'Amount','2'),
	('REQUIRES_HARBOR_HAS_HIGH_ADJACENCY_H3'	, 	'Amount','3'),
	('REQUIRES_HARBOR_HAS_HIGH_ADJACENCY_H4', 	'Amount','4'),
	('REQUIRES_HARBOR_HAS_HIGH_ADJACENCY_H5', 	'Amount','5'),
	('REQUIRES_HARBOR_HAS_HIGH_ADJACENCY_H6', 	'Amount','6'),
	('REQUIRES_HARBOR_HAS_HIGH_ADJACENCY_H7', 	'Amount','7'),
	('REQUIRES_HARBOR_HAS_HIGH_ADJACENCY_H8', 	'Amount','8'),
	('REQUIRES_HARBOR_HAS_HIGH_ADJACENCY_H9', 	'Amount','9'),
	('REQUIRES_HARBOR_HAS_HIGH_ADJACENCY_H10', 	'Amount','10'),
	('REQUIRES_HARBOR_HAS_HIGH_ADJACENCY_H11', 	'Amount','11'),
	('REQUIRES_HARBOR_HAS_HIGH_ADJACENCY_H12', 	'Amount','12');

INSERT INTO Modifiers (ModifierId, ModifierType,SubjectRequirementSetId)
	VALUES
	('COMMEMORATION_SCIENTIFIC_GA_HARBOR_MODIFIER_NEW_H1', 'MODIFIER_CITY_DISTRICTS_ADJUST_YIELD_CHANGE_TPB', 'HARBOR_HAS_HIGH_ADJACENCY_H1'),
	('COMMEMORATION_SCIENTIFIC_GA_HARBOR_MODIFIER_NEW_H2', 'MODIFIER_CITY_DISTRICTS_ADJUST_YIELD_CHANGE_TPB', 'HARBOR_HAS_HIGH_ADJACENCY_H2'),
	('COMMEMORATION_SCIENTIFIC_GA_HARBOR_MODIFIER_NEW_H3', 'MODIFIER_CITY_DISTRICTS_ADJUST_YIELD_CHANGE_TPB', 'HARBOR_HAS_HIGH_ADJACENCY_H3'),
	('COMMEMORATION_SCIENTIFIC_GA_HARBOR_MODIFIER_NEW_H4', 'MODIFIER_CITY_DISTRICTS_ADJUST_YIELD_CHANGE_TPB', 'HARBOR_HAS_HIGH_ADJACENCY_H4'),
	('COMMEMORATION_SCIENTIFIC_GA_HARBOR_MODIFIER_NEW_H5', 'MODIFIER_CITY_DISTRICTS_ADJUST_YIELD_CHANGE_TPB', 'HARBOR_HAS_HIGH_ADJACENCY_H5'),
	('COMMEMORATION_SCIENTIFIC_GA_HARBOR_MODIFIER_NEW_H6', 'MODIFIER_CITY_DISTRICTS_ADJUST_YIELD_CHANGE_TPB', 'HARBOR_HAS_HIGH_ADJACENCY_H6'),
	('COMMEMORATION_SCIENTIFIC_GA_HARBOR_MODIFIER_NEW_H7', 'MODIFIER_CITY_DISTRICTS_ADJUST_YIELD_CHANGE_TPB', 'HARBOR_HAS_HIGH_ADJACENCY_H7'),
	('COMMEMORATION_SCIENTIFIC_GA_HARBOR_MODIFIER_NEW_H8', 'MODIFIER_CITY_DISTRICTS_ADJUST_YIELD_CHANGE_TPB', 'HARBOR_HAS_HIGH_ADJACENCY_H8'),
	('COMMEMORATION_SCIENTIFIC_GA_HARBOR_MODIFIER_NEW_H9', 'MODIFIER_CITY_DISTRICTS_ADJUST_YIELD_CHANGE_TPB', 'HARBOR_HAS_HIGH_ADJACENCY_H9'),
	('COMMEMORATION_SCIENTIFIC_GA_HARBOR_MODIFIER_NEW_H10', 'MODIFIER_CITY_DISTRICTS_ADJUST_YIELD_CHANGE_TPB', 'HARBOR_HAS_HIGH_ADJACENCY_H10'),
	('COMMEMORATION_SCIENTIFIC_GA_HARBOR_MODIFIER_NEW_H11', 'MODIFIER_CITY_DISTRICTS_ADJUST_YIELD_CHANGE_TPB', 'HARBOR_HAS_HIGH_ADJACENCY_H11'),
	('COMMEMORATION_SCIENTIFIC_GA_HARBOR_MODIFIER_NEW_H12', 'MODIFIER_CITY_DISTRICTS_ADJUST_YIELD_CHANGE_TPB', 'HARBOR_HAS_HIGH_ADJACENCY_H12');
INSERT INTO ModifierArguments (ModifierId, Name,Value)
	VALUES 
	('COMMEMORATION_SCIENTIFIC_GA_HARBOR_MODIFIER_NEW_H1', 'YieldType', 'YIELD_SCIENCE'),
	('COMMEMORATION_SCIENTIFIC_GA_HARBOR_MODIFIER_NEW_H2', 'YieldType', 'YIELD_SCIENCE'),
	('COMMEMORATION_SCIENTIFIC_GA_HARBOR_MODIFIER_NEW_H3', 'YieldType', 'YIELD_SCIENCE'),
	('COMMEMORATION_SCIENTIFIC_GA_HARBOR_MODIFIER_NEW_H4', 'YieldType', 'YIELD_SCIENCE'),
	('COMMEMORATION_SCIENTIFIC_GA_HARBOR_MODIFIER_NEW_H5', 'YieldType', 'YIELD_SCIENCE'),
	('COMMEMORATION_SCIENTIFIC_GA_HARBOR_MODIFIER_NEW_H6', 'YieldType', 'YIELD_SCIENCE'),
	('COMMEMORATION_SCIENTIFIC_GA_HARBOR_MODIFIER_NEW_H7', 'YieldType', 'YIELD_SCIENCE'),
	('COMMEMORATION_SCIENTIFIC_GA_HARBOR_MODIFIER_NEW_H8', 'YieldType', 'YIELD_SCIENCE'),
	('COMMEMORATION_SCIENTIFIC_GA_HARBOR_MODIFIER_NEW_H9', 'YieldType', 'YIELD_SCIENCE'),
	('COMMEMORATION_SCIENTIFIC_GA_HARBOR_MODIFIER_NEW_H10', 'YieldType', 'YIELD_SCIENCE'),
	('COMMEMORATION_SCIENTIFIC_GA_HARBOR_MODIFIER_NEW_H11', 'YieldType', 'YIELD_SCIENCE'),
	('COMMEMORATION_SCIENTIFIC_GA_HARBOR_MODIFIER_NEW_H12', 'YieldType', 'YIELD_SCIENCE');
INSERT INTO ModifierArguments (ModifierId, Name,Value)
	VALUES 
	('COMMEMORATION_SCIENTIFIC_GA_HARBOR_MODIFIER_NEW_H1', 'Amount', '0'),
	('COMMEMORATION_SCIENTIFIC_GA_HARBOR_MODIFIER_NEW_H2', 'Amount', '0'),
	('COMMEMORATION_SCIENTIFIC_GA_HARBOR_MODIFIER_NEW_H3', 'Amount', '0'),
	('COMMEMORATION_SCIENTIFIC_GA_HARBOR_MODIFIER_NEW_H4', 'Amount', '0'),
	('COMMEMORATION_SCIENTIFIC_GA_HARBOR_MODIFIER_NEW_H5', 'Amount', '0'),
	('COMMEMORATION_SCIENTIFIC_GA_HARBOR_MODIFIER_NEW_H6', 'Amount', '0'),
	('COMMEMORATION_SCIENTIFIC_GA_HARBOR_MODIFIER_NEW_H7', 'Amount', '0'),
	('COMMEMORATION_SCIENTIFIC_GA_HARBOR_MODIFIER_NEW_H8', 'Amount', '0'),
	('COMMEMORATION_SCIENTIFIC_GA_HARBOR_MODIFIER_NEW_H9', 'Amount', '0'),
	('COMMEMORATION_SCIENTIFIC_GA_HARBOR_MODIFIER_NEW_H10', 'Amount', '0'),
	('COMMEMORATION_SCIENTIFIC_GA_HARBOR_MODIFIER_NEW_H11', 'Amount', '0'),
	('COMMEMORATION_SCIENTIFIC_GA_HARBOR_MODIFIER_NEW_H12', 'Amount', '0');


--
INSERT INTO Modifiers (ModifierId, ModifierType,SubjectRequirementSetId)
	VALUES
	('COMMEMORATION_SCIENTIFIC_GA_HARBOR_H1', 'MODIFIER_PLAYER_CITIES_ATTACH_MODIFIER', 'PLAYER_HAS_GOLDEN_AGE'),
	('COMMEMORATION_SCIENTIFIC_GA_HARBOR_H2', 'MODIFIER_PLAYER_CITIES_ATTACH_MODIFIER', 'PLAYER_HAS_GOLDEN_AGE'),
	('COMMEMORATION_SCIENTIFIC_GA_HARBOR_H3', 'MODIFIER_PLAYER_CITIES_ATTACH_MODIFIER', 'PLAYER_HAS_GOLDEN_AGE'),
	('COMMEMORATION_SCIENTIFIC_GA_HARBOR_H4', 'MODIFIER_PLAYER_CITIES_ATTACH_MODIFIER', 'PLAYER_HAS_GOLDEN_AGE'),
	('COMMEMORATION_SCIENTIFIC_GA_HARBOR_H5', 'MODIFIER_PLAYER_CITIES_ATTACH_MODIFIER', 'PLAYER_HAS_GOLDEN_AGE'),
	('COMMEMORATION_SCIENTIFIC_GA_HARBOR_H6', 'MODIFIER_PLAYER_CITIES_ATTACH_MODIFIER', 'PLAYER_HAS_GOLDEN_AGE'),
	('COMMEMORATION_SCIENTIFIC_GA_HARBOR_H7', 'MODIFIER_PLAYER_CITIES_ATTACH_MODIFIER', 'PLAYER_HAS_GOLDEN_AGE'),
	('COMMEMORATION_SCIENTIFIC_GA_HARBOR_H8', 'MODIFIER_PLAYER_CITIES_ATTACH_MODIFIER', 'PLAYER_HAS_GOLDEN_AGE'),
	('COMMEMORATION_SCIENTIFIC_GA_HARBOR_H9', 'MODIFIER_PLAYER_CITIES_ATTACH_MODIFIER', 'PLAYER_HAS_GOLDEN_AGE'),
	('COMMEMORATION_SCIENTIFIC_GA_HARBOR_H10', 'MODIFIER_PLAYER_CITIES_ATTACH_MODIFIER', 'PLAYER_HAS_GOLDEN_AGE'),
	('COMMEMORATION_SCIENTIFIC_GA_HARBOR_H11', 'MODIFIER_PLAYER_CITIES_ATTACH_MODIFIER', 'PLAYER_HAS_GOLDEN_AGE'),
	('COMMEMORATION_SCIENTIFIC_GA_HARBOR_H12', 'MODIFIER_PLAYER_CITIES_ATTACH_MODIFIER', 'PLAYER_HAS_GOLDEN_AGE');

INSERT INTO ModifierArguments (ModifierId, Name,Value)
	VALUES 
	('COMMEMORATION_SCIENTIFIC_GA_HARBOR_H1', 'ModifierId', 'COMMEMORATION_SCIENTIFIC_GA_HARBOR_MODIFIER_NEW_H1'),
	('COMMEMORATION_SCIENTIFIC_GA_HARBOR_H2', 'ModifierId', 'COMMEMORATION_SCIENTIFIC_GA_HARBOR_MODIFIER_NEW_H2'),
	('COMMEMORATION_SCIENTIFIC_GA_HARBOR_H3', 'ModifierId', 'COMMEMORATION_SCIENTIFIC_GA_HARBOR_MODIFIER_NEW_H3'),
	('COMMEMORATION_SCIENTIFIC_GA_HARBOR_H4', 'ModifierId', 'COMMEMORATION_SCIENTIFIC_GA_HARBOR_MODIFIER_NEW_H4'),
	('COMMEMORATION_SCIENTIFIC_GA_HARBOR_H5', 'ModifierId', 'COMMEMORATION_SCIENTIFIC_GA_HARBOR_MODIFIER_NEW_H5'),
	('COMMEMORATION_SCIENTIFIC_GA_HARBOR_H6', 'ModifierId', 'COMMEMORATION_SCIENTIFIC_GA_HARBOR_MODIFIER_NEW_H6'),
	('COMMEMORATION_SCIENTIFIC_GA_HARBOR_H7', 'ModifierId', 'COMMEMORATION_SCIENTIFIC_GA_HARBOR_MODIFIER_NEW_H7'),
	('COMMEMORATION_SCIENTIFIC_GA_HARBOR_H8', 'ModifierId', 'COMMEMORATION_SCIENTIFIC_GA_HARBOR_MODIFIER_NEW_H8'),
	('COMMEMORATION_SCIENTIFIC_GA_HARBOR_H9', 'ModifierId', 'COMMEMORATION_SCIENTIFIC_GA_HARBOR_MODIFIER_NEW_H9'),
	('COMMEMORATION_SCIENTIFIC_GA_HARBOR_H10', 'ModifierId', 'COMMEMORATION_SCIENTIFIC_GA_HARBOR_MODIFIER_NEW_H10'),
	('COMMEMORATION_SCIENTIFIC_GA_HARBOR_H11', 'ModifierId', 'COMMEMORATION_SCIENTIFIC_GA_HARBOR_MODIFIER_NEW_H11'),
	('COMMEMORATION_SCIENTIFIC_GA_HARBOR_H12', 'ModifierId', 'COMMEMORATION_SCIENTIFIC_GA_HARBOR_MODIFIER_NEW_H12');

INSERT INTO CommemorationModifiers (CommemorationType, ModifierId)
	VALUES 
	('COMMEMORATION_SCIENTIFIC', 'COMMEMORATION_SCIENTIFIC_GA_HARBOR_H1'),
	('COMMEMORATION_SCIENTIFIC', 'COMMEMORATION_SCIENTIFIC_GA_HARBOR_H2'),
	('COMMEMORATION_SCIENTIFIC', 'COMMEMORATION_SCIENTIFIC_GA_HARBOR_H3'),
	('COMMEMORATION_SCIENTIFIC', 'COMMEMORATION_SCIENTIFIC_GA_HARBOR_H4'),
	('COMMEMORATION_SCIENTIFIC', 'COMMEMORATION_SCIENTIFIC_GA_HARBOR_H5'),
	('COMMEMORATION_SCIENTIFIC', 'COMMEMORATION_SCIENTIFIC_GA_HARBOR_H6'),
	('COMMEMORATION_SCIENTIFIC', 'COMMEMORATION_SCIENTIFIC_GA_HARBOR_H7'),
	('COMMEMORATION_SCIENTIFIC', 'COMMEMORATION_SCIENTIFIC_GA_HARBOR_H8'),
	('COMMEMORATION_SCIENTIFIC', 'COMMEMORATION_SCIENTIFIC_GA_HARBOR_H9'),
	('COMMEMORATION_SCIENTIFIC', 'COMMEMORATION_SCIENTIFIC_GA_HARBOR_H10'),
	('COMMEMORATION_SCIENTIFIC', 'COMMEMORATION_SCIENTIFIC_GA_HARBOR_H11'),
	('COMMEMORATION_SCIENTIFIC', 'COMMEMORATION_SCIENTIFIC_GA_HARBOR_H12');
*/
--商业中心
--REQUIRES_DISTRICT_IS_HARBOR_SY
INSERT INTO RequirementSets (RequirementSetId, RequirementSetType)
	VALUES
	('HARBOR_HAS_HIGH_ADJACENCY_SY1'		, 	'REQUIREMENTSET_TEST_ALL'),
	('HARBOR_HAS_HIGH_ADJACENCY_SY2', 	'REQUIREMENTSET_TEST_ALL'),
	('HARBOR_HAS_HIGH_ADJACENCY_SY3'	, 	'REQUIREMENTSET_TEST_ALL'),
	('HARBOR_HAS_HIGH_ADJACENCY_SY4', 	'REQUIREMENTSET_TEST_ALL'),
	('HARBOR_HAS_HIGH_ADJACENCY_SY5', 	'REQUIREMENTSET_TEST_ALL'),
	('HARBOR_HAS_HIGH_ADJACENCY_SY6', 	'REQUIREMENTSET_TEST_ALL'),
	('HARBOR_HAS_HIGH_ADJACENCY_SY7', 	'REQUIREMENTSET_TEST_ALL'),
	('HARBOR_HAS_HIGH_ADJACENCY_SY8', 	'REQUIREMENTSET_TEST_ALL'),
	('HARBOR_HAS_HIGH_ADJACENCY_SY9', 	'REQUIREMENTSET_TEST_ALL'),
	('HARBOR_HAS_HIGH_ADJACENCY_SY10', 	'REQUIREMENTSET_TEST_ALL'),
	('HARBOR_HAS_HIGH_ADJACENCY_SY11', 	'REQUIREMENTSET_TEST_ALL'),
	('HARBOR_HAS_HIGH_ADJACENCY_SY12', 	'REQUIREMENTSET_TEST_ALL');

INSERT INTO RequirementSetRequirements (RequirementSetId, RequirementId)
	VALUES
	('HARBOR_HAS_HIGH_ADJACENCY_SY1'		, 	'REQUIRES_HARBOR_HAS_HIGH_ADJACENCY_SY1'),
	('HARBOR_HAS_HIGH_ADJACENCY_SY2', 	'REQUIRES_HARBOR_HAS_HIGH_ADJACENCY_SY2'),
	('HARBOR_HAS_HIGH_ADJACENCY_SY3'	, 	'REQUIRES_HARBOR_HAS_HIGH_ADJACENCY_SY3'),
	('HARBOR_HAS_HIGH_ADJACENCY_SY4', 	'REQUIRES_HARBOR_HAS_HIGH_ADJACENCY_SY4'),
	('HARBOR_HAS_HIGH_ADJACENCY_SY5', 	'REQUIRES_HARBOR_HAS_HIGH_ADJACENCY_SY5'),
	('HARBOR_HAS_HIGH_ADJACENCY_SY6', 	'REQUIRES_HARBOR_HAS_HIGH_ADJACENCY_SY6'),
	('HARBOR_HAS_HIGH_ADJACENCY_SY7', 	'REQUIRES_HARBOR_HAS_HIGH_ADJACENCY_SY7'),
	('HARBOR_HAS_HIGH_ADJACENCY_SY8', 	'REQUIRES_HARBOR_HAS_HIGH_ADJACENCY_SY8'),
	('HARBOR_HAS_HIGH_ADJACENCY_SY9', 	'REQUIRES_HARBOR_HAS_HIGH_ADJACENCY_SY9'),
	('HARBOR_HAS_HIGH_ADJACENCY_SY10', 	'REQUIRES_HARBOR_HAS_HIGH_ADJACENCY_SY10'),
	('HARBOR_HAS_HIGH_ADJACENCY_SY11', 	'REQUIRES_HARBOR_HAS_HIGH_ADJACENCY_SY11'),
	('HARBOR_HAS_HIGH_ADJACENCY_SY12', 	'REQUIRES_HARBOR_HAS_HIGH_ADJACENCY_SY12');

INSERT INTO RequirementSetRequirements (RequirementSetId, RequirementId)
	VALUES
	('HARBOR_HAS_HIGH_ADJACENCY_SY1'		,'REQUIRES_DISTRICT_IS_HARBOR_SY'),
	('HARBOR_HAS_HIGH_ADJACENCY_SY2', 	'REQUIRES_DISTRICT_IS_HARBOR_SY'),
	('HARBOR_HAS_HIGH_ADJACENCY_SY3'	, 	'REQUIRES_DISTRICT_IS_HARBOR_SY'),
	('HARBOR_HAS_HIGH_ADJACENCY_SY4', 	'REQUIRES_DISTRICT_IS_HARBOR_SY'),
	('HARBOR_HAS_HIGH_ADJACENCY_SY5', 	'REQUIRES_DISTRICT_IS_HARBOR_SY'),
	('HARBOR_HAS_HIGH_ADJACENCY_SY6', 	'REQUIRES_DISTRICT_IS_HARBOR_SY'),
	('HARBOR_HAS_HIGH_ADJACENCY_SY7', 	'REQUIRES_DISTRICT_IS_HARBOR_SY'),
	('HARBOR_HAS_HIGH_ADJACENCY_SY8', 	'REQUIRES_DISTRICT_IS_HARBOR_SY'),
	('HARBOR_HAS_HIGH_ADJACENCY_SY9', 	'REQUIRES_DISTRICT_IS_HARBOR_SY'),
	('HARBOR_HAS_HIGH_ADJACENCY_SY10', 	'REQUIRES_DISTRICT_IS_HARBOR_SY'),
	('HARBOR_HAS_HIGH_ADJACENCY_SY11', 	'REQUIRES_DISTRICT_IS_HARBOR_SY'),
	('HARBOR_HAS_HIGH_ADJACENCY_SY12', 	'REQUIRES_DISTRICT_IS_HARBOR_SY');

INSERT INTO Requirements (RequirementId, RequirementType)
	VALUES
	('REQUIRES_HARBOR_HAS_HIGH_ADJACENCY_SY1'	, 'REQUIREMENT_CITY_HAS_HIGH_ADJACENCY_DISTRICT'),
	('REQUIRES_HARBOR_HAS_HIGH_ADJACENCY_SY2', 	'REQUIREMENT_CITY_HAS_HIGH_ADJACENCY_DISTRICT'),
	('REQUIRES_HARBOR_HAS_HIGH_ADJACENCY_SY3'	,'REQUIREMENT_CITY_HAS_HIGH_ADJACENCY_DISTRICT'),
	('REQUIRES_HARBOR_HAS_HIGH_ADJACENCY_SY4', 	'REQUIREMENT_CITY_HAS_HIGH_ADJACENCY_DISTRICT'),
	('REQUIRES_HARBOR_HAS_HIGH_ADJACENCY_SY5', 	'REQUIREMENT_CITY_HAS_HIGH_ADJACENCY_DISTRICT'),
	('REQUIRES_HARBOR_HAS_HIGH_ADJACENCY_SY6', 	'REQUIREMENT_CITY_HAS_HIGH_ADJACENCY_DISTRICT'),
	('REQUIRES_HARBOR_HAS_HIGH_ADJACENCY_SY7', 	'REQUIREMENT_CITY_HAS_HIGH_ADJACENCY_DISTRICT'),
	('REQUIRES_HARBOR_HAS_HIGH_ADJACENCY_SY8', 	'REQUIREMENT_CITY_HAS_HIGH_ADJACENCY_DISTRICT'),
	('REQUIRES_HARBOR_HAS_HIGH_ADJACENCY_SY9', 	'REQUIREMENT_CITY_HAS_HIGH_ADJACENCY_DISTRICT'),
	('REQUIRES_HARBOR_HAS_HIGH_ADJACENCY_SY10', 	'REQUIREMENT_CITY_HAS_HIGH_ADJACENCY_DISTRICT'),
	('REQUIRES_HARBOR_HAS_HIGH_ADJACENCY_SY11', 	'REQUIREMENT_CITY_HAS_HIGH_ADJACENCY_DISTRICT'),
	('REQUIRES_HARBOR_HAS_HIGH_ADJACENCY_SY12', 	'REQUIREMENT_CITY_HAS_HIGH_ADJACENCY_DISTRICT');

INSERT INTO RequirementArguments (RequirementId, Name,Value)
	VALUES
	('REQUIRES_HARBOR_HAS_HIGH_ADJACENCY_SY1',     'DistrictType','DISTRICT_COMMERCIAL_HUB'),
	('REQUIRES_HARBOR_HAS_HIGH_ADJACENCY_SY2', 	'DistrictType','DISTRICT_COMMERCIAL_HUB'),
	('REQUIRES_HARBOR_HAS_HIGH_ADJACENCY_SY3', 	'DistrictType','DISTRICT_COMMERCIAL_HUB'),
	('REQUIRES_HARBOR_HAS_HIGH_ADJACENCY_SY4', 	'DistrictType','DISTRICT_COMMERCIAL_HUB'),
	('REQUIRES_HARBOR_HAS_HIGH_ADJACENCY_SY5', 	'DistrictType','DISTRICT_COMMERCIAL_HUB'),
	('REQUIRES_HARBOR_HAS_HIGH_ADJACENCY_SY6', 	'DistrictType','DISTRICT_COMMERCIAL_HUB'),
	('REQUIRES_HARBOR_HAS_HIGH_ADJACENCY_SY7', 	'DistrictType','DISTRICT_COMMERCIAL_HUB'),
	('REQUIRES_HARBOR_HAS_HIGH_ADJACENCY_SY8', 	'DistrictType','DISTRICT_COMMERCIAL_HUB'),
	('REQUIRES_HARBOR_HAS_HIGH_ADJACENCY_SY9', 	'DistrictType','DISTRICT_COMMERCIAL_HUB'),
	('REQUIRES_HARBOR_HAS_HIGH_ADJACENCY_SY10', 	'DistrictType','DISTRICT_COMMERCIAL_HUB'),
	('REQUIRES_HARBOR_HAS_HIGH_ADJACENCY_SY11', 	'DistrictType','DISTRICT_COMMERCIAL_HUB'),
	('REQUIRES_HARBOR_HAS_HIGH_ADJACENCY_SY12', 	'DistrictType','DISTRICT_COMMERCIAL_HUB');

INSERT INTO RequirementArguments (RequirementId, Name,Value)
	VALUES
	('REQUIRES_HARBOR_HAS_HIGH_ADJACENCY_SY1'		, 	'YieldType','YIELD_GOLD'),
	('REQUIRES_HARBOR_HAS_HIGH_ADJACENCY_SY2', 	'YieldType','YIELD_GOLD'),
	('REQUIRES_HARBOR_HAS_HIGH_ADJACENCY_SY3'	, 	'YieldType','YIELD_GOLD'),
	('REQUIRES_HARBOR_HAS_HIGH_ADJACENCY_SY4', 	'YieldType','YIELD_GOLD'),
	('REQUIRES_HARBOR_HAS_HIGH_ADJACENCY_SY5', 	'YieldType','YIELD_GOLD'),
	('REQUIRES_HARBOR_HAS_HIGH_ADJACENCY_SY6', 	'YieldType','YIELD_GOLD'),
	('REQUIRES_HARBOR_HAS_HIGH_ADJACENCY_SY7', 	'YieldType','YIELD_GOLD'),
	('REQUIRES_HARBOR_HAS_HIGH_ADJACENCY_SY8', 	'YieldType','YIELD_GOLD'),
	('REQUIRES_HARBOR_HAS_HIGH_ADJACENCY_SY9', 	'YieldType','YIELD_GOLD'),
	('REQUIRES_HARBOR_HAS_HIGH_ADJACENCY_SY10', 	'YieldType','YIELD_GOLD'),
	('REQUIRES_HARBOR_HAS_HIGH_ADJACENCY_SY11', 	'YieldType','YIELD_GOLD'),
	('REQUIRES_HARBOR_HAS_HIGH_ADJACENCY_SY12', 	'YieldType','YIELD_GOLD');

INSERT INTO RequirementArguments (RequirementId, Name,Value)
	VALUES
	('REQUIRES_HARBOR_HAS_HIGH_ADJACENCY_SY1'		, 	'Amount','1'),
	('REQUIRES_HARBOR_HAS_HIGH_ADJACENCY_SY2', 	'Amount','2'),
	('REQUIRES_HARBOR_HAS_HIGH_ADJACENCY_SY3'	, 	'Amount','3'),
	('REQUIRES_HARBOR_HAS_HIGH_ADJACENCY_SY4', 	'Amount','4'),
	('REQUIRES_HARBOR_HAS_HIGH_ADJACENCY_SY5', 	'Amount','5'),
	('REQUIRES_HARBOR_HAS_HIGH_ADJACENCY_SY6', 	'Amount','6'),
	('REQUIRES_HARBOR_HAS_HIGH_ADJACENCY_SY7', 	'Amount','7'),
	('REQUIRES_HARBOR_HAS_HIGH_ADJACENCY_SY8', 	'Amount','8'),
	('REQUIRES_HARBOR_HAS_HIGH_ADJACENCY_SY9', 	'Amount','9'),
	('REQUIRES_HARBOR_HAS_HIGH_ADJACENCY_SY10', 	'Amount','10'),
	('REQUIRES_HARBOR_HAS_HIGH_ADJACENCY_SY11', 	'Amount','11'),
	('REQUIRES_HARBOR_HAS_HIGH_ADJACENCY_SY12', 	'Amount','12');

INSERT INTO Modifiers (ModifierId, ModifierType,SubjectRequirementSetId)
	VALUES
	('COMMEMORATION_SCIENTIFIC_GA_HARBOR_MODIFIER_NEW_SY1', 'MODIFIER_CITY_DISTRICTS_ADJUST_YIELD_CHANGE_TPB', 'HARBOR_HAS_HIGH_ADJACENCY_SY1'),
	('COMMEMORATION_SCIENTIFIC_GA_HARBOR_MODIFIER_NEW_SY2', 'MODIFIER_CITY_DISTRICTS_ADJUST_YIELD_CHANGE_TPB', 'HARBOR_HAS_HIGH_ADJACENCY_SY2'),
	('COMMEMORATION_SCIENTIFIC_GA_HARBOR_MODIFIER_NEW_SY3', 'MODIFIER_CITY_DISTRICTS_ADJUST_YIELD_CHANGE_TPB', 'HARBOR_HAS_HIGH_ADJACENCY_SY3'),
	('COMMEMORATION_SCIENTIFIC_GA_HARBOR_MODIFIER_NEW_SY4', 'MODIFIER_CITY_DISTRICTS_ADJUST_YIELD_CHANGE_TPB', 'HARBOR_HAS_HIGH_ADJACENCY_SY4'),
	('COMMEMORATION_SCIENTIFIC_GA_HARBOR_MODIFIER_NEW_SY5', 'MODIFIER_CITY_DISTRICTS_ADJUST_YIELD_CHANGE_TPB', 'HARBOR_HAS_HIGH_ADJACENCY_SY5'),
	('COMMEMORATION_SCIENTIFIC_GA_HARBOR_MODIFIER_NEW_SY6', 'MODIFIER_CITY_DISTRICTS_ADJUST_YIELD_CHANGE_TPB', 'HARBOR_HAS_HIGH_ADJACENCY_SY6'),
	('COMMEMORATION_SCIENTIFIC_GA_HARBOR_MODIFIER_NEW_SY7', 'MODIFIER_CITY_DISTRICTS_ADJUST_YIELD_CHANGE_TPB', 'HARBOR_HAS_HIGH_ADJACENCY_SY7'),
	('COMMEMORATION_SCIENTIFIC_GA_HARBOR_MODIFIER_NEW_SY8', 'MODIFIER_CITY_DISTRICTS_ADJUST_YIELD_CHANGE_TPB', 'HARBOR_HAS_HIGH_ADJACENCY_SY8'),
	('COMMEMORATION_SCIENTIFIC_GA_HARBOR_MODIFIER_NEW_SY9', 'MODIFIER_CITY_DISTRICTS_ADJUST_YIELD_CHANGE_TPB', 'HARBOR_HAS_HIGH_ADJACENCY_SY9'),
	('COMMEMORATION_SCIENTIFIC_GA_HARBOR_MODIFIER_NEW_SY10', 'MODIFIER_CITY_DISTRICTS_ADJUST_YIELD_CHANGE_TPB', 'HARBOR_HAS_HIGH_ADJACENCY_SY10'),
	('COMMEMORATION_SCIENTIFIC_GA_HARBOR_MODIFIER_NEW_SY11', 'MODIFIER_CITY_DISTRICTS_ADJUST_YIELD_CHANGE_TPB', 'HARBOR_HAS_HIGH_ADJACENCY_SY11'),
	('COMMEMORATION_SCIENTIFIC_GA_HARBOR_MODIFIER_NEW_SY12', 'MODIFIER_CITY_DISTRICTS_ADJUST_YIELD_CHANGE_TPB', 'HARBOR_HAS_HIGH_ADJACENCY_SY12');
INSERT INTO ModifierArguments (ModifierId, Name,Value)
	VALUES 
	('COMMEMORATION_SCIENTIFIC_GA_HARBOR_MODIFIER_NEW_SY1', 'YieldType', 'YIELD_SCIENCE'),
	('COMMEMORATION_SCIENTIFIC_GA_HARBOR_MODIFIER_NEW_SY2', 'YieldType', 'YIELD_SCIENCE'),
	('COMMEMORATION_SCIENTIFIC_GA_HARBOR_MODIFIER_NEW_SY3', 'YieldType', 'YIELD_SCIENCE'),
	('COMMEMORATION_SCIENTIFIC_GA_HARBOR_MODIFIER_NEW_SY4', 'YieldType', 'YIELD_SCIENCE'),
	('COMMEMORATION_SCIENTIFIC_GA_HARBOR_MODIFIER_NEW_SY5', 'YieldType', 'YIELD_SCIENCE'),
	('COMMEMORATION_SCIENTIFIC_GA_HARBOR_MODIFIER_NEW_SY6', 'YieldType', 'YIELD_SCIENCE'),
	('COMMEMORATION_SCIENTIFIC_GA_HARBOR_MODIFIER_NEW_SY7', 'YieldType', 'YIELD_SCIENCE'),
	('COMMEMORATION_SCIENTIFIC_GA_HARBOR_MODIFIER_NEW_SY8', 'YieldType', 'YIELD_SCIENCE'),
	('COMMEMORATION_SCIENTIFIC_GA_HARBOR_MODIFIER_NEW_SY9', 'YieldType', 'YIELD_SCIENCE'),
	('COMMEMORATION_SCIENTIFIC_GA_HARBOR_MODIFIER_NEW_SY10', 'YieldType', 'YIELD_SCIENCE'),
	('COMMEMORATION_SCIENTIFIC_GA_HARBOR_MODIFIER_NEW_SY11', 'YieldType', 'YIELD_SCIENCE'),
	('COMMEMORATION_SCIENTIFIC_GA_HARBOR_MODIFIER_NEW_SY12', 'YieldType', 'YIELD_SCIENCE');
INSERT INTO ModifierArguments (ModifierId, Name,Value)
	VALUES 
	('COMMEMORATION_SCIENTIFIC_GA_HARBOR_MODIFIER_NEW_SY1', 'Amount', '1'),
	('COMMEMORATION_SCIENTIFIC_GA_HARBOR_MODIFIER_NEW_SY2', 'Amount', '1'),
	('COMMEMORATION_SCIENTIFIC_GA_HARBOR_MODIFIER_NEW_SY3', 'Amount', '1'),
	('COMMEMORATION_SCIENTIFIC_GA_HARBOR_MODIFIER_NEW_SY4', 'Amount', '1'),
	('COMMEMORATION_SCIENTIFIC_GA_HARBOR_MODIFIER_NEW_SY5', 'Amount', '1'),
	('COMMEMORATION_SCIENTIFIC_GA_HARBOR_MODIFIER_NEW_SY6', 'Amount', '1'),
	('COMMEMORATION_SCIENTIFIC_GA_HARBOR_MODIFIER_NEW_SY7', 'Amount', '1'),
	('COMMEMORATION_SCIENTIFIC_GA_HARBOR_MODIFIER_NEW_SY8', 'Amount', '1'),
	('COMMEMORATION_SCIENTIFIC_GA_HARBOR_MODIFIER_NEW_SY9', 'Amount', '1'),
	('COMMEMORATION_SCIENTIFIC_GA_HARBOR_MODIFIER_NEW_SY10', 'Amount', '1'),
	('COMMEMORATION_SCIENTIFIC_GA_HARBOR_MODIFIER_NEW_SY11', 'Amount', '1'),
	('COMMEMORATION_SCIENTIFIC_GA_HARBOR_MODIFIER_NEW_SY12', 'Amount', '1');


--
INSERT INTO Modifiers (ModifierId, ModifierType,SubjectRequirementSetId)
	VALUES
	('COMMEMORATION_SCIENTIFIC_GA_HARBOR_SY1', 'MODIFIER_PLAYER_CITIES_ATTACH_MODIFIER', 'PLAYER_HAS_GOLDEN_AGE_TPB_IS_COMMERCIAL_HUB'),
	('COMMEMORATION_SCIENTIFIC_GA_HARBOR_SY2', 'MODIFIER_PLAYER_CITIES_ATTACH_MODIFIER', 'PLAYER_HAS_GOLDEN_AGE_TPB_IS_COMMERCIAL_HUB'),
	('COMMEMORATION_SCIENTIFIC_GA_HARBOR_SY3', 'MODIFIER_PLAYER_CITIES_ATTACH_MODIFIER', 'PLAYER_HAS_GOLDEN_AGE_TPB_IS_COMMERCIAL_HUB'),
	('COMMEMORATION_SCIENTIFIC_GA_HARBOR_SY4', 'MODIFIER_PLAYER_CITIES_ATTACH_MODIFIER', 'PLAYER_HAS_GOLDEN_AGE_TPB_IS_COMMERCIAL_HUB'),
	('COMMEMORATION_SCIENTIFIC_GA_HARBOR_SY5', 'MODIFIER_PLAYER_CITIES_ATTACH_MODIFIER', 'PLAYER_HAS_GOLDEN_AGE_TPB_IS_COMMERCIAL_HUB'),
	('COMMEMORATION_SCIENTIFIC_GA_HARBOR_SY6', 'MODIFIER_PLAYER_CITIES_ATTACH_MODIFIER', 'PLAYER_HAS_GOLDEN_AGE_TPB_IS_COMMERCIAL_HUB'),
	('COMMEMORATION_SCIENTIFIC_GA_HARBOR_SY7', 'MODIFIER_PLAYER_CITIES_ATTACH_MODIFIER', 'PLAYER_HAS_GOLDEN_AGE_TPB_IS_COMMERCIAL_HUB'),
	('COMMEMORATION_SCIENTIFIC_GA_HARBOR_SY8', 'MODIFIER_PLAYER_CITIES_ATTACH_MODIFIER', 'PLAYER_HAS_GOLDEN_AGE_TPB_IS_COMMERCIAL_HUB'),
	('COMMEMORATION_SCIENTIFIC_GA_HARBOR_SY9', 'MODIFIER_PLAYER_CITIES_ATTACH_MODIFIER', 'PLAYER_HAS_GOLDEN_AGE_TPB_IS_COMMERCIAL_HUB'),
	('COMMEMORATION_SCIENTIFIC_GA_HARBOR_SY10', 'MODIFIER_PLAYER_CITIES_ATTACH_MODIFIER', 'PLAYER_HAS_GOLDEN_AGE_TPB_IS_COMMERCIAL_HUB'),
	('COMMEMORATION_SCIENTIFIC_GA_HARBOR_SY11', 'MODIFIER_PLAYER_CITIES_ATTACH_MODIFIER', 'PLAYER_HAS_GOLDEN_AGE_TPB_IS_COMMERCIAL_HUB'),
	('COMMEMORATION_SCIENTIFIC_GA_HARBOR_SY12', 'MODIFIER_PLAYER_CITIES_ATTACH_MODIFIER', 'PLAYER_HAS_GOLDEN_AGE_TPB_IS_COMMERCIAL_HUB');

INSERT INTO ModifierArguments (ModifierId, Name,Value)
	VALUES 
	('COMMEMORATION_SCIENTIFIC_GA_HARBOR_SY1', 'ModifierId', 'COMMEMORATION_SCIENTIFIC_GA_HARBOR_MODIFIER_NEW_SY1'),
	('COMMEMORATION_SCIENTIFIC_GA_HARBOR_SY2', 'ModifierId', 'COMMEMORATION_SCIENTIFIC_GA_HARBOR_MODIFIER_NEW_SY2'),
	('COMMEMORATION_SCIENTIFIC_GA_HARBOR_SY3', 'ModifierId', 'COMMEMORATION_SCIENTIFIC_GA_HARBOR_MODIFIER_NEW_SY3'),
	('COMMEMORATION_SCIENTIFIC_GA_HARBOR_SY4', 'ModifierId', 'COMMEMORATION_SCIENTIFIC_GA_HARBOR_MODIFIER_NEW_SY4'),
	('COMMEMORATION_SCIENTIFIC_GA_HARBOR_SY5', 'ModifierId', 'COMMEMORATION_SCIENTIFIC_GA_HARBOR_MODIFIER_NEW_SY5'),
	('COMMEMORATION_SCIENTIFIC_GA_HARBOR_SY6', 'ModifierId', 'COMMEMORATION_SCIENTIFIC_GA_HARBOR_MODIFIER_NEW_SY6'),
	('COMMEMORATION_SCIENTIFIC_GA_HARBOR_SY7', 'ModifierId', 'COMMEMORATION_SCIENTIFIC_GA_HARBOR_MODIFIER_NEW_SY7'),
	('COMMEMORATION_SCIENTIFIC_GA_HARBOR_SY8', 'ModifierId', 'COMMEMORATION_SCIENTIFIC_GA_HARBOR_MODIFIER_NEW_SY8'),
	('COMMEMORATION_SCIENTIFIC_GA_HARBOR_SY9', 'ModifierId', 'COMMEMORATION_SCIENTIFIC_GA_HARBOR_MODIFIER_NEW_SY9'),
	('COMMEMORATION_SCIENTIFIC_GA_HARBOR_SY10', 'ModifierId', 'COMMEMORATION_SCIENTIFIC_GA_HARBOR_MODIFIER_NEW_SY10'),
	('COMMEMORATION_SCIENTIFIC_GA_HARBOR_SY11', 'ModifierId', 'COMMEMORATION_SCIENTIFIC_GA_HARBOR_MODIFIER_NEW_SY11'),
	('COMMEMORATION_SCIENTIFIC_GA_HARBOR_SY12', 'ModifierId', 'COMMEMORATION_SCIENTIFIC_GA_HARBOR_MODIFIER_NEW_SY12');

INSERT INTO CommemorationModifiers (CommemorationType, ModifierId)
	VALUES 
	('COMMEMORATION_SCIENTIFIC', 'COMMEMORATION_SCIENTIFIC_GA_HARBOR_SY1'),
	('COMMEMORATION_SCIENTIFIC', 'COMMEMORATION_SCIENTIFIC_GA_HARBOR_SY2'),
	('COMMEMORATION_SCIENTIFIC', 'COMMEMORATION_SCIENTIFIC_GA_HARBOR_SY3'),
	('COMMEMORATION_SCIENTIFIC', 'COMMEMORATION_SCIENTIFIC_GA_HARBOR_SY4'),
	('COMMEMORATION_SCIENTIFIC', 'COMMEMORATION_SCIENTIFIC_GA_HARBOR_SY5'),
	('COMMEMORATION_SCIENTIFIC', 'COMMEMORATION_SCIENTIFIC_GA_HARBOR_SY6'),
	('COMMEMORATION_SCIENTIFIC', 'COMMEMORATION_SCIENTIFIC_GA_HARBOR_SY7'),
	('COMMEMORATION_SCIENTIFIC', 'COMMEMORATION_SCIENTIFIC_GA_HARBOR_SY8'),
	('COMMEMORATION_SCIENTIFIC', 'COMMEMORATION_SCIENTIFIC_GA_HARBOR_SY9'),
	('COMMEMORATION_SCIENTIFIC', 'COMMEMORATION_SCIENTIFIC_GA_HARBOR_SY10'),
	('COMMEMORATION_SCIENTIFIC', 'COMMEMORATION_SCIENTIFIC_GA_HARBOR_SY11'),
	('COMMEMORATION_SCIENTIFIC', 'COMMEMORATION_SCIENTIFIC_GA_HARBOR_SY12');

/*--马里商业
--REQUIRES_DISTRICT_IS_HARBOR_MDG
INSERT INTO RequirementSets (RequirementSetId, RequirementSetType)
	VALUES
	('HARBOR_HAS_HIGH_ADJACENCY_MDG1'		, 	'REQUIREMENTSET_TEST_ALL'),
	('HARBOR_HAS_HIGH_ADJACENCY_MDG2', 	'REQUIREMENTSET_TEST_ALL'),
	('HARBOR_HAS_HIGH_ADJACENCY_MDG3'	, 	'REQUIREMENTSET_TEST_ALL'),
	('HARBOR_HAS_HIGH_ADJACENCY_MDG4', 	'REQUIREMENTSET_TEST_ALL'),
	('HARBOR_HAS_HIGH_ADJACENCY_MDG5', 	'REQUIREMENTSET_TEST_ALL'),
	('HARBOR_HAS_HIGH_ADJACENCY_MDG6', 	'REQUIREMENTSET_TEST_ALL'),
	('HARBOR_HAS_HIGH_ADJACENCY_MDG7', 	'REQUIREMENTSET_TEST_ALL'),
	('HARBOR_HAS_HIGH_ADJACENCY_MDG8', 	'REQUIREMENTSET_TEST_ALL'),
	('HARBOR_HAS_HIGH_ADJACENCY_MDG9', 	'REQUIREMENTSET_TEST_ALL'),
	('HARBOR_HAS_HIGH_ADJACENCY_MDG10', 	'REQUIREMENTSET_TEST_ALL'),
	('HARBOR_HAS_HIGH_ADJACENCY_MDG11', 	'REQUIREMENTSET_TEST_ALL'),
	('HARBOR_HAS_HIGH_ADJACENCY_MDG12', 	'REQUIREMENTSET_TEST_ALL');

INSERT INTO RequirementSetRequirements (RequirementSetId, RequirementId)
	VALUES
	('HARBOR_HAS_HIGH_ADJACENCY_MDG1'		, 	'REQUIRES_HARBOR_HAS_HIGH_ADJACENCY_MDG1'),
	('HARBOR_HAS_HIGH_ADJACENCY_MDG2', 	'REQUIRES_HARBOR_HAS_HIGH_ADJACENCY_MDG2'),
	('HARBOR_HAS_HIGH_ADJACENCY_MDG3'	, 	'REQUIRES_HARBOR_HAS_HIGH_ADJACENCY_MDG3'),
	('HARBOR_HAS_HIGH_ADJACENCY_MDG4', 	'REQUIRES_HARBOR_HAS_HIGH_ADJACENCY_MDG4'),
	('HARBOR_HAS_HIGH_ADJACENCY_MDG5', 	'REQUIRES_HARBOR_HAS_HIGH_ADJACENCY_MDG5'),
	('HARBOR_HAS_HIGH_ADJACENCY_MDG6', 	'REQUIRES_HARBOR_HAS_HIGH_ADJACENCY_MDG6'),
	('HARBOR_HAS_HIGH_ADJACENCY_MDG7', 	'REQUIRES_HARBOR_HAS_HIGH_ADJACENCY_MDG7'),
	('HARBOR_HAS_HIGH_ADJACENCY_MDG8', 	'REQUIRES_HARBOR_HAS_HIGH_ADJACENCY_MDG8'),
	('HARBOR_HAS_HIGH_ADJACENCY_MDG9', 	'REQUIRES_HARBOR_HAS_HIGH_ADJACENCY_MDG9'),
	('HARBOR_HAS_HIGH_ADJACENCY_MDG10', 	'REQUIRES_HARBOR_HAS_HIGH_ADJACENCY_MDG10'),
	('HARBOR_HAS_HIGH_ADJACENCY_MDG11', 	'REQUIRES_HARBOR_HAS_HIGH_ADJACENCY_MDG11'),
	('HARBOR_HAS_HIGH_ADJACENCY_MDG12', 	'REQUIRES_HARBOR_HAS_HIGH_ADJACENCY_MDG12');

INSERT INTO RequirementSetRequirements (RequirementSetId, RequirementId)
	VALUES
	('HARBOR_HAS_HIGH_ADJACENCY_MDG1'		,'REQUIRES_DISTRICT_IS_HARBOR_MDG'),
	('HARBOR_HAS_HIGH_ADJACENCY_MDG2', 	'REQUIRES_DISTRICT_IS_HARBOR_MDG'),
	('HARBOR_HAS_HIGH_ADJACENCY_MDG3'	, 	'REQUIRES_DISTRICT_IS_HARBOR_MDG'),
	('HARBOR_HAS_HIGH_ADJACENCY_MDG4', 	'REQUIRES_DISTRICT_IS_HARBOR_MDG'),
	('HARBOR_HAS_HIGH_ADJACENCY_MDG5', 	'REQUIRES_DISTRICT_IS_HARBOR_MDG'),
	('HARBOR_HAS_HIGH_ADJACENCY_MDG6', 	'REQUIRES_DISTRICT_IS_HARBOR_MDG'),
	('HARBOR_HAS_HIGH_ADJACENCY_MDG7', 	'REQUIRES_DISTRICT_IS_HARBOR_MDG'),
	('HARBOR_HAS_HIGH_ADJACENCY_MDG8', 	'REQUIRES_DISTRICT_IS_HARBOR_MDG'),
	('HARBOR_HAS_HIGH_ADJACENCY_MDG9', 	'REQUIRES_DISTRICT_IS_HARBOR_MDG'),
	('HARBOR_HAS_HIGH_ADJACENCY_MDG10', 	'REQUIRES_DISTRICT_IS_HARBOR_MDG'),
	('HARBOR_HAS_HIGH_ADJACENCY_MDG11', 	'REQUIRES_DISTRICT_IS_HARBOR_MDG'),
	('HARBOR_HAS_HIGH_ADJACENCY_MDG12', 	'REQUIRES_DISTRICT_IS_HARBOR_MDG');

INSERT INTO Requirements (RequirementId, RequirementType)
	VALUES
	('REQUIRES_HARBOR_HAS_HIGH_ADJACENCY_MDG1'	, 'REQUIREMENT_CITY_HAS_HIGH_ADJACENCY_DISTRICT'),
	('REQUIRES_HARBOR_HAS_HIGH_ADJACENCY_MDG2', 	'REQUIREMENT_CITY_HAS_HIGH_ADJACENCY_DISTRICT'),
	('REQUIRES_HARBOR_HAS_HIGH_ADJACENCY_MDG3'	,'REQUIREMENT_CITY_HAS_HIGH_ADJACENCY_DISTRICT'),
	('REQUIRES_HARBOR_HAS_HIGH_ADJACENCY_MDG4', 	'REQUIREMENT_CITY_HAS_HIGH_ADJACENCY_DISTRICT'),
	('REQUIRES_HARBOR_HAS_HIGH_ADJACENCY_MDG5', 	'REQUIREMENT_CITY_HAS_HIGH_ADJACENCY_DISTRICT'),
	('REQUIRES_HARBOR_HAS_HIGH_ADJACENCY_MDG6', 	'REQUIREMENT_CITY_HAS_HIGH_ADJACENCY_DISTRICT'),
	('REQUIRES_HARBOR_HAS_HIGH_ADJACENCY_MDG7', 	'REQUIREMENT_CITY_HAS_HIGH_ADJACENCY_DISTRICT'),
	('REQUIRES_HARBOR_HAS_HIGH_ADJACENCY_MDG8', 	'REQUIREMENT_CITY_HAS_HIGH_ADJACENCY_DISTRICT'),
	('REQUIRES_HARBOR_HAS_HIGH_ADJACENCY_MDG9', 	'REQUIREMENT_CITY_HAS_HIGH_ADJACENCY_DISTRICT'),
	('REQUIRES_HARBOR_HAS_HIGH_ADJACENCY_MDG10', 	'REQUIREMENT_CITY_HAS_HIGH_ADJACENCY_DISTRICT'),
	('REQUIRES_HARBOR_HAS_HIGH_ADJACENCY_MDG11', 	'REQUIREMENT_CITY_HAS_HIGH_ADJACENCY_DISTRICT'),
	('REQUIRES_HARBOR_HAS_HIGH_ADJACENCY_MDG12', 	'REQUIREMENT_CITY_HAS_HIGH_ADJACENCY_DISTRICT');

INSERT INTO RequirementArguments (RequirementId, Name,Value)
	VALUES
	('REQUIRES_HARBOR_HAS_HIGH_ADJACENCY_MDG1',     'DistrictType','DISTRICT_SUGUBA'),
	('REQUIRES_HARBOR_HAS_HIGH_ADJACENCY_MDG2', 	'DistrictType','DISTRICT_SUGUBA'),
	('REQUIRES_HARBOR_HAS_HIGH_ADJACENCY_MDG3', 	'DistrictType','DISTRICT_SUGUBA'),
	('REQUIRES_HARBOR_HAS_HIGH_ADJACENCY_MDG4', 	'DistrictType','DISTRICT_SUGUBA'),
	('REQUIRES_HARBOR_HAS_HIGH_ADJACENCY_MDG5', 	'DistrictType','DISTRICT_SUGUBA'),
	('REQUIRES_HARBOR_HAS_HIGH_ADJACENCY_MDG6', 	'DistrictType','DISTRICT_SUGUBA'),
	('REQUIRES_HARBOR_HAS_HIGH_ADJACENCY_MDG7', 	'DistrictType','DISTRICT_SUGUBA'),
	('REQUIRES_HARBOR_HAS_HIGH_ADJACENCY_MDG8', 	'DistrictType','DISTRICT_SUGUBA'),
	('REQUIRES_HARBOR_HAS_HIGH_ADJACENCY_MDG9', 	'DistrictType','DISTRICT_SUGUBA'),
	('REQUIRES_HARBOR_HAS_HIGH_ADJACENCY_MDG10', 	'DistrictType','DISTRICT_SUGUBA'),
	('REQUIRES_HARBOR_HAS_HIGH_ADJACENCY_MDG11', 	'DistrictType','DISTRICT_SUGUBA'),
	('REQUIRES_HARBOR_HAS_HIGH_ADJACENCY_MDG12', 	'DistrictType','DISTRICT_SUGUBA');

INSERT INTO RequirementArguments (RequirementId, Name,Value)
	VALUES
	('REQUIRES_HARBOR_HAS_HIGH_ADJACENCY_MDG1'		, 	'YieldType','YIELD_GOLD'),
	('REQUIRES_HARBOR_HAS_HIGH_ADJACENCY_MDG2', 	'YieldType','YIELD_GOLD'),
	('REQUIRES_HARBOR_HAS_HIGH_ADJACENCY_MDG3'	, 	'YieldType','YIELD_GOLD'),
	('REQUIRES_HARBOR_HAS_HIGH_ADJACENCY_MDG4', 	'YieldType','YIELD_GOLD'),
	('REQUIRES_HARBOR_HAS_HIGH_ADJACENCY_MDG5', 	'YieldType','YIELD_GOLD'),
	('REQUIRES_HARBOR_HAS_HIGH_ADJACENCY_MDG6', 	'YieldType','YIELD_GOLD'),
	('REQUIRES_HARBOR_HAS_HIGH_ADJACENCY_MDG7', 	'YieldType','YIELD_GOLD'),
	('REQUIRES_HARBOR_HAS_HIGH_ADJACENCY_MDG8', 	'YieldType','YIELD_GOLD'),
	('REQUIRES_HARBOR_HAS_HIGH_ADJACENCY_MDG9', 	'YieldType','YIELD_GOLD'),
	('REQUIRES_HARBOR_HAS_HIGH_ADJACENCY_MDG10', 	'YieldType','YIELD_GOLD'),
	('REQUIRES_HARBOR_HAS_HIGH_ADJACENCY_MDG11', 	'YieldType','YIELD_GOLD'),
	('REQUIRES_HARBOR_HAS_HIGH_ADJACENCY_MDG12', 	'YieldType','YIELD_GOLD');

INSERT INTO RequirementArguments (RequirementId, Name,Value)
	VALUES
	('REQUIRES_HARBOR_HAS_HIGH_ADJACENCY_MDG1'		, 	'Amount','1'),
	('REQUIRES_HARBOR_HAS_HIGH_ADJACENCY_MDG2', 	'Amount','2'),
	('REQUIRES_HARBOR_HAS_HIGH_ADJACENCY_MDG3'	, 	'Amount','3'),
	('REQUIRES_HARBOR_HAS_HIGH_ADJACENCY_MDG4', 	'Amount','4'),
	('REQUIRES_HARBOR_HAS_HIGH_ADJACENCY_MDG5', 	'Amount','5'),
	('REQUIRES_HARBOR_HAS_HIGH_ADJACENCY_MDG6', 	'Amount','6'),
	('REQUIRES_HARBOR_HAS_HIGH_ADJACENCY_MDG7', 	'Amount','7'),
	('REQUIRES_HARBOR_HAS_HIGH_ADJACENCY_MDG8', 	'Amount','8'),
	('REQUIRES_HARBOR_HAS_HIGH_ADJACENCY_MDG9', 	'Amount','9'),
	('REQUIRES_HARBOR_HAS_HIGH_ADJACENCY_MDG10', 	'Amount','10'),
	('REQUIRES_HARBOR_HAS_HIGH_ADJACENCY_MDG11', 	'Amount','11'),
	('REQUIRES_HARBOR_HAS_HIGH_ADJACENCY_MDG12', 	'Amount','12');

INSERT INTO Modifiers (ModifierId, ModifierType,SubjectRequirementSetId)
	VALUES
	('COMMEMORATION_SCIENTIFIC_GA_HARBOR_MODIFIER_NEW_MDG1', 'MODIFIER_CITY_DISTRICTS_ADJUST_YIELD_CHANGE_TPB', 'HARBOR_HAS_HIGH_ADJACENCY_MDG1'),
	('COMMEMORATION_SCIENTIFIC_GA_HARBOR_MODIFIER_NEW_MDG2', 'MODIFIER_CITY_DISTRICTS_ADJUST_YIELD_CHANGE_TPB', 'HARBOR_HAS_HIGH_ADJACENCY_MDG2'),
	('COMMEMORATION_SCIENTIFIC_GA_HARBOR_MODIFIER_NEW_MDG3', 'MODIFIER_CITY_DISTRICTS_ADJUST_YIELD_CHANGE_TPB', 'HARBOR_HAS_HIGH_ADJACENCY_MDG3'),
	('COMMEMORATION_SCIENTIFIC_GA_HARBOR_MODIFIER_NEW_MDG4', 'MODIFIER_CITY_DISTRICTS_ADJUST_YIELD_CHANGE_TPB', 'HARBOR_HAS_HIGH_ADJACENCY_MDG4'),
	('COMMEMORATION_SCIENTIFIC_GA_HARBOR_MODIFIER_NEW_MDG5', 'MODIFIER_CITY_DISTRICTS_ADJUST_YIELD_CHANGE_TPB', 'HARBOR_HAS_HIGH_ADJACENCY_MDG5'),
	('COMMEMORATION_SCIENTIFIC_GA_HARBOR_MODIFIER_NEW_MDG6', 'MODIFIER_CITY_DISTRICTS_ADJUST_YIELD_CHANGE_TPB', 'HARBOR_HAS_HIGH_ADJACENCY_MDG6'),
	('COMMEMORATION_SCIENTIFIC_GA_HARBOR_MODIFIER_NEW_MDG7', 'MODIFIER_CITY_DISTRICTS_ADJUST_YIELD_CHANGE_TPB', 'HARBOR_HAS_HIGH_ADJACENCY_MDG7'),
	('COMMEMORATION_SCIENTIFIC_GA_HARBOR_MODIFIER_NEW_MDG8', 'MODIFIER_CITY_DISTRICTS_ADJUST_YIELD_CHANGE_TPB', 'HARBOR_HAS_HIGH_ADJACENCY_MDG8'),
	('COMMEMORATION_SCIENTIFIC_GA_HARBOR_MODIFIER_NEW_MDG9', 'MODIFIER_CITY_DISTRICTS_ADJUST_YIELD_CHANGE_TPB', 'HARBOR_HAS_HIGH_ADJACENCY_MDG9'),
	('COMMEMORATION_SCIENTIFIC_GA_HARBOR_MODIFIER_NEW_MDG10', 'MODIFIER_CITY_DISTRICTS_ADJUST_YIELD_CHANGE_TPB', 'HARBOR_HAS_HIGH_ADJACENCY_MDG10'),
	('COMMEMORATION_SCIENTIFIC_GA_HARBOR_MODIFIER_NEW_MDG11', 'MODIFIER_CITY_DISTRICTS_ADJUST_YIELD_CHANGE_TPB', 'HARBOR_HAS_HIGH_ADJACENCY_MDG11'),
	('COMMEMORATION_SCIENTIFIC_GA_HARBOR_MODIFIER_NEW_MDG12', 'MODIFIER_CITY_DISTRICTS_ADJUST_YIELD_CHANGE_TPB', 'HARBOR_HAS_HIGH_ADJACENCY_MDG12');
INSERT INTO ModifierArguments (ModifierId, Name,Value)
	VALUES 
	('COMMEMORATION_SCIENTIFIC_GA_HARBOR_MODIFIER_NEW_MDG1', 'YieldType', 'YIELD_SCIENCE'),
	('COMMEMORATION_SCIENTIFIC_GA_HARBOR_MODIFIER_NEW_MDG2', 'YieldType', 'YIELD_SCIENCE'),
	('COMMEMORATION_SCIENTIFIC_GA_HARBOR_MODIFIER_NEW_MDG3', 'YieldType', 'YIELD_SCIENCE'),
	('COMMEMORATION_SCIENTIFIC_GA_HARBOR_MODIFIER_NEW_MDG4', 'YieldType', 'YIELD_SCIENCE'),
	('COMMEMORATION_SCIENTIFIC_GA_HARBOR_MODIFIER_NEW_MDG5', 'YieldType', 'YIELD_SCIENCE'),
	('COMMEMORATION_SCIENTIFIC_GA_HARBOR_MODIFIER_NEW_MDG6', 'YieldType', 'YIELD_SCIENCE'),
	('COMMEMORATION_SCIENTIFIC_GA_HARBOR_MODIFIER_NEW_MDG7', 'YieldType', 'YIELD_SCIENCE'),
	('COMMEMORATION_SCIENTIFIC_GA_HARBOR_MODIFIER_NEW_MDG8', 'YieldType', 'YIELD_SCIENCE'),
	('COMMEMORATION_SCIENTIFIC_GA_HARBOR_MODIFIER_NEW_MDG9', 'YieldType', 'YIELD_SCIENCE'),
	('COMMEMORATION_SCIENTIFIC_GA_HARBOR_MODIFIER_NEW_MDG10', 'YieldType', 'YIELD_SCIENCE'),
	('COMMEMORATION_SCIENTIFIC_GA_HARBOR_MODIFIER_NEW_MDG11', 'YieldType', 'YIELD_SCIENCE'),
	('COMMEMORATION_SCIENTIFIC_GA_HARBOR_MODIFIER_NEW_MDG12', 'YieldType', 'YIELD_SCIENCE');
INSERT INTO ModifierArguments (ModifierId, Name,Value)
	VALUES 
	('COMMEMORATION_SCIENTIFIC_GA_HARBOR_MODIFIER_NEW_MDG1', 'Amount', '0'),
	('COMMEMORATION_SCIENTIFIC_GA_HARBOR_MODIFIER_NEW_MDG2', 'Amount', '0'),
	('COMMEMORATION_SCIENTIFIC_GA_HARBOR_MODIFIER_NEW_MDG3', 'Amount', '0'),
	('COMMEMORATION_SCIENTIFIC_GA_HARBOR_MODIFIER_NEW_MDG4', 'Amount', '0'),
	('COMMEMORATION_SCIENTIFIC_GA_HARBOR_MODIFIER_NEW_MDG5', 'Amount', '0'),
	('COMMEMORATION_SCIENTIFIC_GA_HARBOR_MODIFIER_NEW_MDG6', 'Amount', '0'),
	('COMMEMORATION_SCIENTIFIC_GA_HARBOR_MODIFIER_NEW_MDG7', 'Amount', '0'),
	('COMMEMORATION_SCIENTIFIC_GA_HARBOR_MODIFIER_NEW_MDG8', 'Amount', '0'),
	('COMMEMORATION_SCIENTIFIC_GA_HARBOR_MODIFIER_NEW_MDG9', 'Amount', '0'),
	('COMMEMORATION_SCIENTIFIC_GA_HARBOR_MODIFIER_NEW_MDG10', 'Amount', '0'),
	('COMMEMORATION_SCIENTIFIC_GA_HARBOR_MODIFIER_NEW_MDG11', 'Amount', '0'),
	('COMMEMORATION_SCIENTIFIC_GA_HARBOR_MODIFIER_NEW_MDG12', 'Amount', '0');


--
INSERT INTO Modifiers (ModifierId, ModifierType,SubjectRequirementSetId)
	VALUES
	('COMMEMORATION_SCIENTIFIC_GA_HARBOR_MDG1', 'MODIFIER_PLAYER_CITIES_ATTACH_MODIFIER', 'PLAYER_HAS_GOLDEN_AGE'),
	('COMMEMORATION_SCIENTIFIC_GA_HARBOR_MDG2', 'MODIFIER_PLAYER_CITIES_ATTACH_MODIFIER', 'PLAYER_HAS_GOLDEN_AGE'),
	('COMMEMORATION_SCIENTIFIC_GA_HARBOR_MDG3', 'MODIFIER_PLAYER_CITIES_ATTACH_MODIFIER', 'PLAYER_HAS_GOLDEN_AGE'),
	('COMMEMORATION_SCIENTIFIC_GA_HARBOR_MDG4', 'MODIFIER_PLAYER_CITIES_ATTACH_MODIFIER', 'PLAYER_HAS_GOLDEN_AGE'),
	('COMMEMORATION_SCIENTIFIC_GA_HARBOR_MDG5', 'MODIFIER_PLAYER_CITIES_ATTACH_MODIFIER', 'PLAYER_HAS_GOLDEN_AGE'),
	('COMMEMORATION_SCIENTIFIC_GA_HARBOR_MDG6', 'MODIFIER_PLAYER_CITIES_ATTACH_MODIFIER', 'PLAYER_HAS_GOLDEN_AGE'),
	('COMMEMORATION_SCIENTIFIC_GA_HARBOR_MDG7', 'MODIFIER_PLAYER_CITIES_ATTACH_MODIFIER', 'PLAYER_HAS_GOLDEN_AGE'),
	('COMMEMORATION_SCIENTIFIC_GA_HARBOR_MDG8', 'MODIFIER_PLAYER_CITIES_ATTACH_MODIFIER', 'PLAYER_HAS_GOLDEN_AGE'),
	('COMMEMORATION_SCIENTIFIC_GA_HARBOR_MDG9', 'MODIFIER_PLAYER_CITIES_ATTACH_MODIFIER', 'PLAYER_HAS_GOLDEN_AGE'),
	('COMMEMORATION_SCIENTIFIC_GA_HARBOR_MDG10', 'MODIFIER_PLAYER_CITIES_ATTACH_MODIFIER', 'PLAYER_HAS_GOLDEN_AGE'),
	('COMMEMORATION_SCIENTIFIC_GA_HARBOR_MDG11', 'MODIFIER_PLAYER_CITIES_ATTACH_MODIFIER', 'PLAYER_HAS_GOLDEN_AGE'),
	('COMMEMORATION_SCIENTIFIC_GA_HARBOR_MDG12', 'MODIFIER_PLAYER_CITIES_ATTACH_MODIFIER', 'PLAYER_HAS_GOLDEN_AGE');

INSERT INTO ModifierArguments (ModifierId, Name,Value)
	VALUES 
	('COMMEMORATION_SCIENTIFIC_GA_HARBOR_MDG1', 'ModifierId', 'COMMEMORATION_SCIENTIFIC_GA_HARBOR_MODIFIER_NEW_MDG1'),
	('COMMEMORATION_SCIENTIFIC_GA_HARBOR_MDG2', 'ModifierId', 'COMMEMORATION_SCIENTIFIC_GA_HARBOR_MODIFIER_NEW_MDG2'),
	('COMMEMORATION_SCIENTIFIC_GA_HARBOR_MDG3', 'ModifierId', 'COMMEMORATION_SCIENTIFIC_GA_HARBOR_MODIFIER_NEW_MDG3'),
	('COMMEMORATION_SCIENTIFIC_GA_HARBOR_MDG4', 'ModifierId', 'COMMEMORATION_SCIENTIFIC_GA_HARBOR_MODIFIER_NEW_MDG4'),
	('COMMEMORATION_SCIENTIFIC_GA_HARBOR_MDG5', 'ModifierId', 'COMMEMORATION_SCIENTIFIC_GA_HARBOR_MODIFIER_NEW_MDG5'),
	('COMMEMORATION_SCIENTIFIC_GA_HARBOR_MDG6', 'ModifierId', 'COMMEMORATION_SCIENTIFIC_GA_HARBOR_MODIFIER_NEW_MDG6'),
	('COMMEMORATION_SCIENTIFIC_GA_HARBOR_MDG7', 'ModifierId', 'COMMEMORATION_SCIENTIFIC_GA_HARBOR_MODIFIER_NEW_MDG7'),
	('COMMEMORATION_SCIENTIFIC_GA_HARBOR_MDG8', 'ModifierId', 'COMMEMORATION_SCIENTIFIC_GA_HARBOR_MODIFIER_NEW_MDG8'),
	('COMMEMORATION_SCIENTIFIC_GA_HARBOR_MDG9', 'ModifierId', 'COMMEMORATION_SCIENTIFIC_GA_HARBOR_MODIFIER_NEW_MDG9'),
	('COMMEMORATION_SCIENTIFIC_GA_HARBOR_MDG10', 'ModifierId', 'COMMEMORATION_SCIENTIFIC_GA_HARBOR_MODIFIER_NEW_MDG10'),
	('COMMEMORATION_SCIENTIFIC_GA_HARBOR_MDG11', 'ModifierId', 'COMMEMORATION_SCIENTIFIC_GA_HARBOR_MODIFIER_NEW_MDG11'),
	('COMMEMORATION_SCIENTIFIC_GA_HARBOR_MDG12', 'ModifierId', 'COMMEMORATION_SCIENTIFIC_GA_HARBOR_MODIFIER_NEW_SY12');

INSERT INTO CommemorationModifiers (CommemorationType, ModifierId)
	VALUES 
	('COMMEMORATION_SCIENTIFIC', 'COMMEMORATION_SCIENTIFIC_GA_HARBOR_MDG1'),
	('COMMEMORATION_SCIENTIFIC', 'COMMEMORATION_SCIENTIFIC_GA_HARBOR_MDG2'),
	('COMMEMORATION_SCIENTIFIC', 'COMMEMORATION_SCIENTIFIC_GA_HARBOR_MDG3'),
	('COMMEMORATION_SCIENTIFIC', 'COMMEMORATION_SCIENTIFIC_GA_HARBOR_MDG4'),
	('COMMEMORATION_SCIENTIFIC', 'COMMEMORATION_SCIENTIFIC_GA_HARBOR_MDG5'),
	('COMMEMORATION_SCIENTIFIC', 'COMMEMORATION_SCIENTIFIC_GA_HARBOR_MDG6'),
	('COMMEMORATION_SCIENTIFIC', 'COMMEMORATION_SCIENTIFIC_GA_HARBOR_MDG7'),
	('COMMEMORATION_SCIENTIFIC', 'COMMEMORATION_SCIENTIFIC_GA_HARBOR_MDG8'),
	('COMMEMORATION_SCIENTIFIC', 'COMMEMORATION_SCIENTIFIC_GA_HARBOR_MDG9'),
	('COMMEMORATION_SCIENTIFIC', 'COMMEMORATION_SCIENTIFIC_GA_HARBOR_MDG10'),
	('COMMEMORATION_SCIENTIFIC', 'COMMEMORATION_SCIENTIFIC_GA_HARBOR_MDG11'),
	('COMMEMORATION_SCIENTIFIC', 'COMMEMORATION_SCIENTIFIC_GA_HARBOR_MDG12');

*/