
--忽必烈
UPDATE ModifierArguments SET Value='1' WHERE ModifierId='TRAIT_TRADING_POST_TECH_BOOST' AND Name='Amount';
UPDATE ModifierArguments SET Value='1' WHERE ModifierId='TRAIT_TRADING_POST_CIVIC_BOOST' AND Name='Amount';
--忽必烈外商
INSERT INTO TraitModifiers (TraitType, ModifierId)
	VALUES ('TRAIT_LEADER_KUBLAI', 'TRAIT_INTERNATIONAL_TRADE_GAIN_GOLD_HBL');
INSERT INTO ModifierArguments (ModifierId, Name, Value)
	VALUES ('TRAIT_INTERNATIONAL_TRADE_GAIN_GOLD_HBL', 'YieldType' , 'YIELD_PRODUCTION');
INSERT INTO ModifierArguments (ModifierId, Name, Value)
	VALUES ('TRAIT_INTERNATIONAL_TRADE_GAIN_GOLD_HBL', 'Amount' , '0');	
INSERT INTO ModifierArguments (ModifierId, Name, Value)
	VALUES ('TRAIT_INTERNATIONAL_TRADE_GAIN_GOLD_HBL', 'Intercontinental' , 'false');	
INSERT INTO Modifiers (ModifierId, ModifierType)
	VALUES ('TRAIT_INTERNATIONAL_TRADE_GAIN_GOLD_HBL', 'MODIFIER_PLAYER_ADJUST_TRADE_ROUTE_YIELD_FOR_INTERNATIONAL');
--忽必烈外商
INSERT INTO TraitModifiers (TraitType, ModifierId)
	VALUES ('TRAIT_LEADER_KUBLAI', 'TRAIT_INTERNATIONAL_TRADE_GAIN_GOLD_HBL2');
INSERT INTO ModifierArguments (ModifierId, Name, Value)
	VALUES ('TRAIT_INTERNATIONAL_TRADE_GAIN_GOLD_HBL2', 'YieldType' , 'YIELD_FOOD');
INSERT INTO ModifierArguments (ModifierId, Name, Value)
	VALUES ('TRAIT_INTERNATIONAL_TRADE_GAIN_GOLD_HBL2', 'Amount' , '1');	
INSERT INTO ModifierArguments (ModifierId, Name, Value)
	VALUES ('TRAIT_INTERNATIONAL_TRADE_GAIN_GOLD_HBL2', 'Intercontinental' , 'false');	
INSERT INTO Modifiers (ModifierId, ModifierType)
	VALUES ('TRAIT_INTERNATIONAL_TRADE_GAIN_GOLD_HBL2', 'MODIFIER_PLAYER_ADJUST_TRADE_ROUTE_YIELD_FOR_INTERNATIONAL');
--忽必烈内商
INSERT INTO TraitModifiers (TraitType, ModifierId)
	VALUES ('TRAIT_LEADER_KUBLAI', 'TRAIT_DOMESTIC_TRADE_GAIN_PHBL');
INSERT INTO ModifierArguments (ModifierId, Name, Value)
	VALUES ('TRAIT_DOMESTIC_TRADE_GAIN_PHBL', 'YieldType' , 'YIELD_GOLD');
INSERT INTO ModifierArguments (ModifierId, Name, Value)
	VALUES ('TRAIT_DOMESTIC_TRADE_GAIN_PHBL', 'Amount' , '2');	
INSERT INTO Modifiers (ModifierId, ModifierType)
	VALUES ('TRAIT_DOMESTIC_TRADE_GAIN_PHBL', 'MODIFIER_PLAYER_ADJUST_TRADE_ROUTE_YIELD_FOR_DOMESTIC');
--忽必烈商路+1
INSERT INTO TraitModifiers (TraitType, ModifierId)
	VALUES ('TRAIT_LEADER_KUBLAI', 'TRAIT_SATRAPIES_POLITICAL_PHILOSOPHY_TRADE_ROUTE');

--越南
--战斗
UPDATE ModifierArguments SET Value='1' WHERE ModifierId='TRIEU_FRIENDLY_MOVEMENT' AND Name='Amount';--国内加成
UPDATE ModifierArguments SET Value='1' WHERE ModifierId='TRIEU_UNFRIENDLY_MOVEMENT' AND Name='Amount';--国外
UPDATE ModifierArguments SET Value='2' WHERE ModifierId='TRIEU_FRIENDLY_COMBAT' AND Name='Amount';--国内加成
UPDATE ModifierArguments SET Value='2' WHERE ModifierId='TRIEU_UNFRIENDLY_COMBAT' AND Name='Amount';--国外


--区域
--YIELD_SCIENCE
UPDATE ModifierArguments SET Value='YIELD_PRODUCTION' WHERE ModifierId='TRAIT_FOREST_BUILDINGS_CULTURE' AND Name='YieldType';
UPDATE ModifierArguments SET Value='1' WHERE ModifierId='TRAIT_FOREST_BUILDINGS_CULTURE' AND Name='Amount';
--YIELD_GOLD
UPDATE ModifierArguments SET Value='YIELD_SCIENCE' WHERE ModifierId='TRAIT_JUNGLE_BUILDINGS_SCIENCE' AND Name='YieldType';

UPDATE ModifierArguments SET Value='YIELD_PRODUCTION' WHERE ModifierId='TRAIT_MARSH_BUILDINGS_PRODUCTION' AND Name='YieldType';
--沼泽1金
INSERT INTO TraitModifiers (TraitType, ModifierId)
	VALUES ('TRAIT_CIVILIZATION_VIETNAM', 'TRAIT_MARSH_BUILDINGS_PRODUCTION_yljb');
INSERT INTO ModifierArguments (ModifierId, Name, Value)
	VALUES ('TRAIT_MARSH_BUILDINGS_PRODUCTION_yljb', 'YieldType' , 'YIELD_GOLD');
INSERT INTO ModifierArguments (ModifierId, Name, Value)
	VALUES ('TRAIT_MARSH_BUILDINGS_PRODUCTION_yljb', 'Amount' , '1');	
INSERT INTO ModifierArguments (ModifierId, Name, Value)
	VALUES ('TRAIT_MARSH_BUILDINGS_PRODUCTION_yljb', 'FeatureType' , 'FEATURE_MARSH');	
INSERT INTO Modifiers (ModifierId, ModifierType)
	VALUES ('TRAIT_MARSH_BUILDINGS_PRODUCTION_yljb', 'MODIFIER_PLAYER_CITIES_ADJUST_BUILDING_FEATURE_YIELD_CHANGE');

--城池
UPDATE Districts SET Maintenance=0 WHERE DistrictType="DISTRICT_THANH";
--UPDATE Adjacency_YieldChanges SET YieldType="YIELD_PRODUCTION",YieldChange="0" WHERE ID="District_Culture_Major";
DELETE FROM District_Adjacencies WHERE DistrictType="DISTRICT_THANH" and YieldChangeId="District_Culture_Major";
--INSERT INTO Adjacency_YieldChanges (ID, Description,YieldType,YieldChange,TilesRequired,AdjacentDistrict)
--	VALUES ("Government_Science_YIELD_PRODUCTION_YN", "LOC_DISTRICT_GOVERNMENT_SCIENCE_YN223","YIELD_SCIENCE",'-1','1','DISTRICT_THANH');

--INSERT INTO District_Adjacencies (DistrictType, YieldChangeId)
--	VALUES ('DISTRICT_THANH', 'Government_Science_YIELD_PRODUCTION_YN');
INSERT INTO DistrictModifiers (DistrictType , ModifierId)
    VALUES ('DISTRICT_THANH' , 'DISTRICT_CHENGSHI_SCIENCE_YIELD' );
INSERT INTO Modifiers (ModifierId, ModifierType)
	VALUES ('DISTRICT_CHENGSHI_SCIENCE_YIELD', 'MODIFIER_PLAYER_DISTRICT_ADJUST_BASE_YIELD_CHANGE');	
INSERT INTO ModifierArguments (ModifierId , Name , Value)
    VALUES ('DISTRICT_CHENGSHI_SCIENCE_YIELD' , 'YieldType' , 'YIELD_SCIENCE');
INSERT INTO ModifierArguments (ModifierId , Name , Value)
    VALUES ('DISTRICT_CHENGSHI_SCIENCE_YIELD' , 'Amount' , '1');

INSERT INTO DistrictModifiers (DistrictType , ModifierId)
    VALUES ('DISTRICT_THANH' , 'DISTRICT_CHENGSHI_PRO_YIELD' );
INSERT INTO Modifiers (ModifierId, ModifierType)
	VALUES ('DISTRICT_CHENGSHI_PRO_YIELD', 'MODIFIER_PLAYER_DISTRICT_ADJUST_BASE_YIELD_CHANGE');	
INSERT INTO ModifierArguments (ModifierId , Name , Value)
    VALUES ('DISTRICT_CHENGSHI_PRO_YIELD' , 'YieldType' , 'YIELD_PRODUCTION');
INSERT INTO ModifierArguments (ModifierId , Name , Value)
    VALUES ('DISTRICT_CHENGSHI_PRO_YIELD' , 'Amount' , '1');
--DISTRICT_THANH

--UU
UPDATE Units SET BaseMoves="2",Combat="32",RangedCombat="42" WHERE UnitType="UNIT_VIETNAMESE_VOI_CHIEN";

--地热相邻学院
UPDATE Adjacency_YieldChanges SET YieldChange='1' WHERE ID='Geothermal_Science';


--内商卡 外交部门 +4金
INSERT INTO Types (Type, Kind)
	VALUES ('POLICY_WISSELBANKEN_NS', 'KIND_POLICY');	
INSERT INTO Policies (PolicyType, Name ,Description,PrereqCivic,GovernmentSlotType)
	VALUES ('POLICY_WISSELBANKEN_NS', 'LOC_POLICY_WISSELBANKEN_NAME_NS',"LOC_POLICY_WISSELBANKEN_DESCRIPTION_NS","CIVIC_DIPLOMATIC_SERVICE","SLOT_DIPLOMATIC");
INSERT INTO PolicyModifiers (PolicyType, ModifierId)
	VALUES ('POLICY_WISSELBANKEN_NS', 'TRAIT_DOMESTIC_TRADE_GAIN_PHBL_NS');
INSERT INTO PolicyModifiers (PolicyType, ModifierId)
	VALUES ('POLICY_WISSELBANKEN_NS', 'TRAIT_DOMESTIC_TRADE_GAIN_PHBL_NS_PRODUCTION');
--锤
INSERT INTO ModifierArguments (ModifierId, Name, Value)
	VALUES ('TRAIT_DOMESTIC_TRADE_GAIN_PHBL_NS_PRODUCTION', 'YieldType' , 'YIELD_PRODUCTION');
INSERT INTO ModifierArguments (ModifierId, Name, Value)
	VALUES ('TRAIT_DOMESTIC_TRADE_GAIN_PHBL_NS_PRODUCTION', 'Amount' , '1');	
INSERT INTO Modifiers (ModifierId, ModifierType)
	VALUES ('TRAIT_DOMESTIC_TRADE_GAIN_PHBL_NS_PRODUCTION', 'MODIFIER_PLAYER_ADJUST_TRADE_ROUTE_YIELD_FOR_DOMESTIC');
--钱
INSERT INTO ModifierArguments (ModifierId, Name, Value)
	VALUES ('TRAIT_DOMESTIC_TRADE_GAIN_PHBL_NS', 'YieldType' , 'YIELD_GOLD');
INSERT INTO ModifierArguments (ModifierId, Name, Value)
	VALUES ('TRAIT_DOMESTIC_TRADE_GAIN_PHBL_NS', 'Amount' , '4');	
INSERT INTO Modifiers (ModifierId, ModifierType)
	VALUES ('TRAIT_DOMESTIC_TRADE_GAIN_PHBL_NS', 'MODIFIER_PLAYER_ADJUST_TRADE_ROUTE_YIELD_FOR_DOMESTIC');

--攻城系左1
INSERT INTO RequirementSetRequirements (RequirementSetId, RequirementId)
	VALUES
	('GRAPE_SHOT_REQUIREMENTS',			'PLAYER_IS_ATTACKER_REQUIREMENTS'),
	('SHRAPNEL_REQUIREMENTS',			'PLAYER_IS_ATTACKER_REQUIREMENTS');

--医疗兵
UPDATE Units SET Cost=240 WHERE UnitType='UNIT_MEDIC';
--补给车队
UPDATE Units SET Cost=400 WHERE UnitType='UNIT_SUPPLY';
--高级弹道学 前置科技
UPDATE TechnologyPrereqs SET PrereqTech="TECH_RIFLING" WHERE Technology="TECH_ADVANCED_BALLISTICS" and  PrereqTech="TECH_STEEL";

--西班牙 舰队
INSERT INTO TraitModifiers (TraitType, ModifierId)
	VALUES ('TRAIT_LEADER_EL_ESCORIAL', 'SEAPORT_TRAINED_CORPS_ARMY_DISCOUNT_XBY');
INSERT INTO ModifierArguments (ModifierId, Name, Value)
	VALUES ('SEAPORT_TRAINED_CORPS_ARMY_DISCOUNT_XBY', 'Amount' , '20');
INSERT INTO ModifierArguments (ModifierId, Name, Value)
	VALUES ('SEAPORT_TRAINED_CORPS_ARMY_DISCOUNT_XBY', 'UnitDomain' , 'DOMAIN_SEA');	
INSERT INTO Modifiers (ModifierId, ModifierType)
	VALUES ('SEAPORT_TRAINED_CORPS_ARMY_DISCOUNT_XBY', 'MODIFIER_CITY_CORPS_ARMY_ADJUST_DISCOUNT');

--日本 武士
UPDATE Units SET Cost=170 WHERE UnitType="UNIT_JAPANESE_SAMURAI";

--保护区
--UPDATE Districts SET Housing=2 WHERE DistrictType="DISTRICT_PRESERVE";
--UPDATE Adjacent_AppealYieldChanges SET BuildingType="",MinimumValue="3",MaximumValue="100" WHERE DistrictType="DISTRICT_PRESERVE" and YieldType="YIELD_FOOD" and MinimumValue="2" and MaximumValue="3";
--古树林 价格
UPDATE Buildings SET Cost=120 WHERE BuildingType='BUILDING_GROVE';
--古树林 食物-》1/2
--UPDATE Adjacent_AppealYieldChanges SET YieldChange="2" WHERE DistrictType="DISTRICT_PRESERVE" and YieldType="YIELD_FOOD" and MinimumValue="4" and MaximumValue="100";
--信仰
--UPDATE Adjacent_AppealYieldChanges SET YieldChange="1" WHERE DistrictType="DISTRICT_PRESERVE" and MinimumValue="4" and MaximumValue="100" and YieldType="YIELD_FAITH";
--文化
--UPDATE Adjacent_AppealYieldChanges SET YieldChange="1",MaximumValue='4' WHERE DistrictType="DISTRICT_PRESERVE" and MinimumValue="4" and MaximumValue="100" and YieldType="YIELD_CULTURE" and BuildingType="BUILDING_GROVE";
UPDATE Adjacent_AppealYieldChanges SET YieldChange="0" WHERE DistrictType="DISTRICT_PRESERVE" and BuildingType="BUILDING_GROVE";


--INSERT INTO Adjacent_AppealYieldChanges (DistrictType, MinimumValue,MaximumValue,YieldChange,YieldType,Unimproved,Description,BuildingType)
--	VALUES ('DISTRICT_PRESERVE', '5','100','2','YIELD_CULTURE',1,'LOC_TOOLTIP_APPEAL_BREATHTAKING','BUILDING_GROVE');

--西班牙 改良
--启蒙运动科技加成
UPDATE Improvement_BonusYieldChanges SET PrereqCivic="CIVIC_THE_ENLIGHTENMENT",BonusYieldChange="1" WHERE
ImprovementType="IMPROVEMENT_MISSION" And PrereqCivic="CIVIC_CULTURAL_HERITAGE";
--跨大陆 信仰需要宗教
UPDATE ModifierArguments SET Value='2' WHERE ModifierId='MISSION_NEWCONTINENT_FAITH' AND Name='Amount';

INSERT INTO RequirementSets (RequirementSetId, RequirementSetType)
	VALUES ('PLOT_NOT_OWNER_CAPITAL_CONTINENT_REQUIREMENTS2', 'REQUIREMENTSET_TEST_ALL');
INSERT INTO RequirementSetRequirements (RequirementSetId, RequirementId)
	VALUES ('PLOT_NOT_OWNER_CAPITAL_CONTINENT_REQUIREMENTS2', 'REQUIRES_PLOT_IS_NOT_OWNER_CAPITAL_CONTINENT');
INSERT INTO RequirementSetRequirements (RequirementSetId, RequirementId)
	VALUES ('PLOT_NOT_OWNER_CAPITAL_CONTINENT_REQUIREMENTS2', 'REQUIRES_PLAYER_HAS_FOUNDED_A_RELIGION');
UPDATE Modifiers SET SubjectRequirementSetId='PLOT_NOT_OWNER_CAPITAL_CONTINENT_REQUIREMENTS2' WHERE ModifierId='MISSION_NEWCONTINENT_FAITH' AND SubjectRequirementSetId='PLOT_NOT_OWNER_CAPITAL_CONTINENT_REQUIREMENTS';
--相邻学院、圣地+1信仰
INSERT INTO Adjacency_YieldChanges (ID, Description,YieldType,YieldChange,TilesRequired,AdjacentDistrict)
	VALUES ('Mission_Faith_HolySite2', 'Placeholder', 'YIELD_FAITH', '1', '1', 'DISTRICT_HOLY_SITE');
INSERT INTO Adjacency_YieldChanges (ID, Description,YieldType,YieldChange,TilesRequired,AdjacentDistrict)
	VALUES ('Mission_Faith_Campus2', 'Placeholder', 'YIELD_FAITH', '1', '1', 'DISTRICT_CAMPUS');

INSERT INTO Improvement_Adjacencies (ImprovementType, YieldChangeId)
	VALUES ('IMPROVEMENT_MISSION', 'Mission_Faith_HolySite2');
INSERT INTO Improvement_Adjacencies (ImprovementType, YieldChangeId)
	VALUES ('IMPROVEMENT_MISSION', 'Mission_Faith_Campus2');
--基础信仰
UPDATE Improvement_YieldChanges SET YieldChange='0' WHERE ImprovementType="IMPROVEMENT_MISSION" and YieldType="YIELD_FAITH";
--跨大陆生产力移动至基础
UPDATE Improvement_YieldChanges SET YieldChange='1' WHERE ImprovementType="IMPROVEMENT_MISSION" and YieldType="YIELD_PRODUCTION";
UPDATE ModifierArguments SET Value='0' WHERE ModifierId='MISSION_NEWCONTINENT_PRODUCTION' AND Name='Amount';
--不能相邻
UPDATE Improvements SET SameAdjacentValid=0 WHERE ImprovementType='IMPROVEMENT_MISSION';
--马里 矿山
UPDATE ModifierArguments SET Value='3' WHERE ModifierId='TRAIT_MALI_MINES_GOLD' AND Name='Amount';

--刚果 姆班赞 金币
UPDATE ModifierArguments SET Value='1' WHERE ModifierId='MBANZA_GOLD' AND Name='Amount';
UPDATE ModifierArguments SET Value='3' WHERE ModifierId='MBANZA_FOOD' AND Name='Amount';

--印加 山脉
--UPDATE ModifierArguments SET Value='3' WHERE ModifierId='TRAIT_PRODUCTION_MOUNTAIN' AND Name='Amount';

--德国 自由帝国城市 工业区建筑+25%
INSERT INTO TraitModifiers (TraitType , ModifierId)
	VALUES
	('TRAIT_CIVILIZATION_IMPERIAL_FREE_CITIES' , 'THEATER_BUILDING_PRODUCTION_BONUS_MEDIQI_DISTRICT_INDUSTRIAL_ZONE_DEGUO');
INSERT INTO Modifiers (ModifierId , ModifierType , SubjectRequirementSetId , OwnerRequirementSetId)
	VALUES
	('THEATER_BUILDING_PRODUCTION_BONUS_MEDIQI_DISTRICT_INDUSTRIAL_ZONE_DEGUO' , 'MODIFIER_PLAYER_CITIES_ADJUST_BUILDING_PRODUCTION' , NULL , NULL);
INSERT INTO ModifierArguments (ModifierId , Name , Value)
	VALUES
	('THEATER_BUILDING_PRODUCTION_BONUS_MEDIQI_DISTRICT_INDUSTRIAL_ZONE_DEGUO' , 'DistrictType' , 'DISTRICT_INDUSTRIAL_ZONE'),
	('THEATER_BUILDING_PRODUCTION_BONUS_MEDIQI_DISTRICT_INDUSTRIAL_ZONE_DEGUO' , 'Amount'       , '35' );	

--澳大利亚 改良基础+1金
INSERT INTO Improvement_YieldChanges (ImprovementType, YieldType,YieldChange)
	VALUES ('IMPROVEMENT_OUTBACK_STATION', 'YIELD_GOLD', '1');

--战略
--高级战略资源获取免费+1
INSERT OR IGNORE INTO RequirementSets (RequirementSetId, RequirementSetType)
	VALUES
	('PLAYER_CAN_SEE_COAL_CPLMOD'		, 	'REQUIREMENTSET_TEST_ALL'),
	('PLAYER_CAN_SEE_ALUMINUM_CPLMOD'	, 	'REQUIREMENTSET_TEST_ALL'),
	('PLAYER_CAN_SEE_OIL_CPLMOD'		, 	'REQUIREMENTSET_TEST_ALL'),
	('PLAYER_CAN_SEE_URANIUM_CPLMOD'	, 	'REQUIREMENTSET_TEST_ALL');
INSERT OR IGNORE INTO RequirementSetRequirements (RequirementSetId, RequirementId)
	VALUES
	('PLAYER_CAN_SEE_COAL_CPLMOD'		, 'REQUIRES_PLAYER_CAN_SEE_COAL'),
	('PLAYER_CAN_SEE_ALUMINUM_CPLMOD'	, 'REQUIRES_PLAYER_CAN_SEE_ALUMINUM'),
	('PLAYER_CAN_SEE_OIL_CPLMOD'		, 'REQUIRES_PLAYER_CAN_SEE_OIL'),
	('PLAYER_CAN_SEE_URANIUM_CPLMOD'	, 'REQUIRES_PLAYER_CAN_SEE_URANIUM');
--
INSERT INTO RequirementSets (RequirementSetId, RequirementSetType)
	VALUES
	('PLAYER_CAN_SEE_NITER_CPLMOD'		, 	'REQUIREMENTSET_TEST_ALL'),
	('PLAYER_CAN_SEE_RESOURCE_HORSES_11', 	'REQUIREMENTSET_TEST_ALL'),
	('PLAYER_CAN_SEE_RESOURCE_IRON_11'	, 	'REQUIREMENTSET_TEST_ALL'),
	('PLAYER_CAN_SEE_RESOURCE_URANIUM_11', 	'REQUIREMENTSET_TEST_ALL');
INSERT INTO RequirementSetRequirements (RequirementSetId, RequirementId)
	VALUES
	('PLAYER_CAN_SEE_NITER_CPLMOD'		, 'REQUIRES_PLAYER_CAN_SEE_NITER'),
	('PLAYER_CAN_SEE_RESOURCE_HORSES_11', 'REQUIRES_PLAYER_CAN_SEE_HORSES'),
	('PLAYER_CAN_SEE_RESOURCE_IRON_11'	, 'REQUIRES_PLAYER_CAN_SEE_IRON'),
	('PLAYER_CAN_SEE_RESOURCE_URANIUM_11'		, 'REQUIRES_PLAYER_CAN_SEE_URANIUM');
INSERT INTO Modifiers (ModifierId, ModifierType, SubjectRequirementSetId)
	VALUES
	('NITER_BASE_AMOUNT_MODIFIER'	, 'MODIFIER_PLAYER_ADJUST_FREE_RESOURCE_IMPORT_EXTRACTION', 'PLAYER_CAN_SEE_NITER_CPLMOD'),
	('HORSES_BASE_AMOUNT_MODIFIER'	, 'MODIFIER_PLAYER_ADJUST_FREE_RESOURCE_IMPORT_EXTRACTION', 'PLAYER_CAN_SEE_RESOURCE_HORSES_11'),
	('IRON_BASE_AMOUNT_MODIFIER', 'MODIFIER_PLAYER_ADJUST_FREE_RESOURCE_IMPORT_EXTRACTION', 'PLAYER_CAN_SEE_RESOURCE_IRON_11'),
	('COAL_BASE_AMOUNT_MODIFIER'		, 'MODIFIER_PLAYER_ADJUST_FREE_RESOURCE_IMPORT_EXTRACTION', 'PLAYER_CAN_SEE_COAL_CPLMOD');
INSERT INTO ModifierArguments (ModifierId, Name, Value)
	VALUES
	('NITER_BASE_AMOUNT_MODIFIER'	, 'ResourceType', 'RESOURCE_NITER'),
	('NITER_BASE_AMOUNT_MODIFIER'	, 'Amount', '1'),
	('HORSES_BASE_AMOUNT_MODIFIER'	, 'ResourceType', 'RESOURCE_HORSES'),
	('HORSES_BASE_AMOUNT_MODIFIER'	, 'Amount', '0'),
	('IRON_BASE_AMOUNT_MODIFIER', 'ResourceType', 'RESOURCE_IRON'),
	('IRON_BASE_AMOUNT_MODIFIER', 'Amount', '1'),
	('COAL_BASE_AMOUNT_MODIFIER'		, 'ResourceType', 'RESOURCE_COAL'),
	('COAL_BASE_AMOUNT_MODIFIER'		, 'Amount', '1');
INSERT INTO TraitModifiers (TraitType, ModifierId)
	VALUES
	('TRAIT_CIVILIZATION_INDUSTRIAL_REVOLUTION', 'NITER_BASE_AMOUNT_MODIFIER'),
	('TRAIT_LEADER_MAJOR_CIV', 'HORSES_BASE_AMOUNT_MODIFIER'),
	('TRAIT_CIVILIZATION_INDUSTRIAL_REVOLUTION', 'IRON_BASE_AMOUNT_MODIFIER'),
	('TRAIT_CIVILIZATION_INDUSTRIAL_REVOLUTION', 'COAL_BASE_AMOUNT_MODIFIER');
--军阀战略
INSERT INTO BuildingModifiers (BuildingType , ModifierId)
	VALUES ('BUILDING_GOV_CONQUEST' , 'OIL_FROM_MIL_ACAD_BBG_RESOURCE_IRON_4');--铁
INSERT INTO BuildingModifiers (BuildingType , ModifierId)
	VALUES ('BUILDING_GOV_CONQUEST' , 'OIL_FROM_MIL_ACAD_BBG_RESOURCE_HORSES_4');--马
INSERT INTO BuildingModifiers (BuildingType , ModifierId)
	VALUES ('BUILDING_GOV_CONQUEST' , 'OIL_FROM_MIL_ACAD_BBG_RESOURCE_NITER_4');--小石
INSERT INTO BuildingModifiers (BuildingType , ModifierId)
	VALUES ('BUILDING_GOV_CONQUEST' , 'OIL_FROM_MIL_ACAD_BBG——2');--油
INSERT INTO BuildingModifiers (BuildingType , ModifierId)
	VALUES ('BUILDING_GOV_CONQUEST' , 'ALUM_FROM_AIRPORT_BBG-2');--铝
INSERT INTO BuildingModifiers (BuildingType , ModifierId)
	VALUES ('BUILDING_GOV_CONQUEST' , 'COAL_FROM_SEAPORT_BBG-2');--煤
INSERT INTO BuildingModifiers (BuildingType , ModifierId)
	VALUES ('BUILDING_GOV_CONQUEST' , 'OIL_FROM_MIL_ACAD_BBG_RESOURCE_URANIUM_1');--铀
--铀 军阀 1
INSERT INTO Modifiers (ModifierId, ModifierType, SubjectRequirementSetId) VALUES
	('OIL_FROM_MIL_ACAD_BBG_RESOURCE_URANIUM_1', 'MODIFIER_PLAYER_ADJUST_FREE_RESOURCE_IMPORT_EXTRACTION', 'PLAYER_CAN_SEE_URANIUM_CPLMOD');
INSERT INTO ModifierArguments (ModifierId, Name, Value) VALUES
	('OIL_FROM_MIL_ACAD_BBG_RESOURCE_URANIUM_1', 'ResourceType', 'RESOURCE_URANIUM'),
	('OIL_FROM_MIL_ACAD_BBG_RESOURCE_URANIUM_1', 'Amount', '1');
--铁 军阀 4
INSERT INTO Modifiers (ModifierId, ModifierType, SubjectRequirementSetId) VALUES
	('OIL_FROM_MIL_ACAD_BBG_RESOURCE_IRON_4', 'MODIFIER_PLAYER_ADJUST_FREE_RESOURCE_IMPORT_EXTRACTION', 'PLAYER_CAN_SEE_RESOURCE_IRON_11');
INSERT INTO ModifierArguments (ModifierId, Name, Value) VALUES
	('OIL_FROM_MIL_ACAD_BBG_RESOURCE_IRON_4', 'ResourceType', 'RESOURCE_IRON'),
	('OIL_FROM_MIL_ACAD_BBG_RESOURCE_IRON_4', 'Amount', '4');
--马 军阀 4
INSERT INTO Modifiers (ModifierId, ModifierType, SubjectRequirementSetId) VALUES
	('OIL_FROM_MIL_ACAD_BBG_RESOURCE_HORSES_4', 'MODIFIER_PLAYER_ADJUST_FREE_RESOURCE_IMPORT_EXTRACTION', 'PLAYER_CAN_SEE_RESOURCE_HORSES_11');
INSERT INTO ModifierArguments (ModifierId, Name, Value) VALUES
	('OIL_FROM_MIL_ACAD_BBG_RESOURCE_HORSES_4', 'ResourceType', 'RESOURCE_HORSES'),
	('OIL_FROM_MIL_ACAD_BBG_RESOURCE_HORSES_4', 'Amount', '4');
--硝石 军阀 4
INSERT INTO Modifiers (ModifierId, ModifierType, SubjectRequirementSetId) VALUES
	('OIL_FROM_MIL_ACAD_BBG_RESOURCE_NITER_4', 'MODIFIER_PLAYER_ADJUST_FREE_RESOURCE_IMPORT_EXTRACTION', 'PLAYER_CAN_SEE_NITER_CPLMOD');
INSERT INTO ModifierArguments (ModifierId, Name, Value) VALUES
	('OIL_FROM_MIL_ACAD_BBG_RESOURCE_NITER_4', 'ResourceType', 'RESOURCE_NITER'),
	('OIL_FROM_MIL_ACAD_BBG_RESOURCE_NITER_4', 'Amount', '4');
--石油 军阀 2
INSERT INTO Modifiers (ModifierId, ModifierType, SubjectRequirementSetId) VALUES
	('OIL_FROM_MIL_ACAD_BBG——2', 'MODIFIER_PLAYER_ADJUST_FREE_RESOURCE_IMPORT_EXTRACTION', 'PLAYER_CAN_SEE_OIL_CPLMOD');
INSERT INTO ModifierArguments (ModifierId, Name, Value) VALUES
	('OIL_FROM_MIL_ACAD_BBG——2', 'ResourceType', 'RESOURCE_OIL'),
	('OIL_FROM_MIL_ACAD_BBG——2', 'Amount', '4');
--铝 军阀 2
INSERT INTO Modifiers (ModifierId, ModifierType, SubjectRequirementSetId) VALUES
	('ALUM_FROM_AIRPORT_BBG-2', 'MODIFIER_PLAYER_ADJUST_FREE_RESOURCE_IMPORT_EXTRACTION', 'PLAYER_CAN_SEE_ALUMINUM_CPLMOD');
INSERT INTO ModifierArguments (ModifierId, Name, Value) VALUES
	('ALUM_FROM_AIRPORT_BBG-2', 'ResourceType', 'RESOURCE_ALUMINUM'),
	('ALUM_FROM_AIRPORT_BBG-2', 'Amount', '4');
--煤 军阀 2
INSERT INTO Modifiers (ModifierId, ModifierType, SubjectRequirementSetId) VALUES
	('COAL_FROM_SEAPORT_BBG-2', 'MODIFIER_PLAYER_ADJUST_FREE_RESOURCE_IMPORT_EXTRACTION', 'PLAYER_CAN_SEE_COAL_CPLMOD');
INSERT INTO ModifierArguments (ModifierId, Name, Value) VALUES
	('COAL_FROM_SEAPORT_BBG-2', 'ResourceType', 'RESOURCE_COAL'),
	('COAL_FROM_SEAPORT_BBG-2', 'Amount', '4');

-- 铁
INSERT INTO BuildingModifiers (BuildingType, ModifierId) VALUES
	('BUILDING_BARRACKS', 'OIL_FROM_MIL_ACAD_BBG_RESOURCE_IRON');
INSERT INTO Modifiers (ModifierId, ModifierType, SubjectRequirementSetId) VALUES
	('OIL_FROM_MIL_ACAD_BBG_RESOURCE_IRON', 'MODIFIER_PLAYER_ADJUST_FREE_RESOURCE_IMPORT_EXTRACTION', 'PLAYER_CAN_SEE_RESOURCE_IRON_11');
INSERT INTO ModifierArguments (ModifierId, Name, Value) VALUES
	('OIL_FROM_MIL_ACAD_BBG_RESOURCE_IRON', 'ResourceType', 'RESOURCE_IRON'),
	('OIL_FROM_MIL_ACAD_BBG_RESOURCE_IRON', 'Amount', '2');
-- 铁 皇家学堂 铁
INSERT INTO BuildingModifiers (BuildingType, ModifierId) VALUES
	('BUILDING_BASILIKOI_PAIDES', 'OIL_FROM_MIL_ACAD_BBG_RESOURCE_IRON');
-- 马
INSERT INTO BuildingModifiers (BuildingType, ModifierId) VALUES
	('BUILDING_STABLE', 'OIL_FROM_MIL_ACAD_BBG_RESOURCE_HORSES');
INSERT INTO Modifiers (ModifierId, ModifierType, SubjectRequirementSetId) VALUES
	('OIL_FROM_MIL_ACAD_BBG_RESOURCE_HORSES', 'MODIFIER_PLAYER_ADJUST_FREE_RESOURCE_IMPORT_EXTRACTION', 'PLAYER_CAN_SEE_RESOURCE_HORSES_11');
INSERT INTO ModifierArguments (ModifierId, Name, Value) VALUES
	('OIL_FROM_MIL_ACAD_BBG_RESOURCE_HORSES', 'ResourceType', 'RESOURCE_HORSES'),
	('OIL_FROM_MIL_ACAD_BBG_RESOURCE_HORSES', 'Amount', '2');
-- 耳朵 马
INSERT INTO BuildingModifiers (BuildingType, ModifierId) VALUES
	('BUILDING_ORDU', 'OIL_FROM_MIL_ACAD_BBG_RESOURCE_HORSES');
-- 硝石
INSERT INTO BuildingModifiers (BuildingType, ModifierId) VALUES
	('BUILDING_ARMORY', 'OIL_FROM_MIL_ACAD_BBG_RESOURCE_NITER');
INSERT INTO Modifiers (ModifierId, ModifierType, SubjectRequirementSetId) VALUES
	('OIL_FROM_MIL_ACAD_BBG_RESOURCE_NITER', 'MODIFIER_PLAYER_ADJUST_FREE_RESOURCE_IMPORT_EXTRACTION', 'PLAYER_CAN_SEE_NITER_CPLMOD');
INSERT INTO ModifierArguments (ModifierId, Name, Value) VALUES
	('OIL_FROM_MIL_ACAD_BBG_RESOURCE_NITER', 'ResourceType', 'RESOURCE_NITER'),
	('OIL_FROM_MIL_ACAD_BBG_RESOURCE_NITER', 'Amount', '2');
-- +2 oil from mil acadamies
INSERT INTO BuildingModifiers (BuildingType, ModifierId) VALUES
	('BUILDING_MILITARY_ACADEMY', 'OIL_FROM_MIL_ACAD_BBG');
INSERT INTO Modifiers (ModifierId, ModifierType, SubjectRequirementSetId) VALUES
	('OIL_FROM_MIL_ACAD_BBG', 'MODIFIER_PLAYER_ADJUST_FREE_RESOURCE_IMPORT_EXTRACTION', 'PLAYER_CAN_SEE_OIL_CPLMOD');
INSERT INTO ModifierArguments (ModifierId, Name, Value) VALUES
	('OIL_FROM_MIL_ACAD_BBG', 'ResourceType', 'RESOURCE_OIL'),
	('OIL_FROM_MIL_ACAD_BBG', 'Amount', '1');
-- +2 alum from airports
INSERT INTO BuildingModifiers (BuildingType, ModifierId) VALUES
	('BUILDING_AIRPORT', 'ALUM_FROM_AIRPORT_BBG');
INSERT INTO BuildingModifiers (BuildingType, ModifierId) VALUES
	('BUILDING_HANGAR', 'ALUM_FROM_AIRPORT_BBG');
INSERT INTO Modifiers (ModifierId, ModifierType, SubjectRequirementSetId) VALUES
	('ALUM_FROM_AIRPORT_BBG', 'MODIFIER_PLAYER_ADJUST_FREE_RESOURCE_IMPORT_EXTRACTION', 'PLAYER_CAN_SEE_ALUMINUM_CPLMOD');
INSERT INTO ModifierArguments (ModifierId, Name, Value) VALUES
	('ALUM_FROM_AIRPORT_BBG', 'ResourceType', 'RESOURCE_ALUMINUM'),
	('ALUM_FROM_AIRPORT_BBG', 'Amount', '1');
-- +1 coal for SHIPYARD
INSERT INTO BuildingModifiers (BuildingType, ModifierId) VALUES
	('BUILDING_SHIPYARD', 'COAL_FROM_SHIPYARD_BBG');
INSERT INTO Modifiers (ModifierId, ModifierType, SubjectRequirementSetId) VALUES
	('COAL_FROM_SHIPYARD_BBG', 'MODIFIER_PLAYER_ADJUST_FREE_RESOURCE_IMPORT_EXTRACTION', 'PLAYER_CAN_SEE_COAL_CPLMOD');
INSERT INTO ModifierArguments (ModifierId, Name, Value) VALUES
	('COAL_FROM_SHIPYARD_BBG', 'ResourceType', 'RESOURCE_COAL'),
	('COAL_FROM_SHIPYARD_BBG', 'Amount', '1');
-- +1 coal for SEAPORT
INSERT INTO BuildingModifiers (BuildingType, ModifierId) VALUES
	('BUILDING_SEAPORT', 'COAL_FROM_SEAPORT_BBG');
INSERT INTO Modifiers (ModifierId, ModifierType, SubjectRequirementSetId) VALUES
	('COAL_FROM_SEAPORT_BBG', 'MODIFIER_PLAYER_ADJUST_FREE_RESOURCE_IMPORT_EXTRACTION', 'PLAYER_CAN_SEE_COAL_CPLMOD');
INSERT INTO ModifierArguments (ModifierId, Name, Value) VALUES
	('COAL_FROM_SEAPORT_BBG', 'ResourceType', 'RESOURCE_COAL'),
	('COAL_FROM_SEAPORT_BBG', 'Amount', '1');

--城池相邻+科技
--INSERT INTO District_Adjacencies (DistrictType, YieldChangeId)
--	VALUES ('DISTRICT_THANH', 'District_Culture_Major_YIELD_SCIENCE');
--INSERT INTO Adjacency_YieldChanges (ID, Description,YieldType,YieldChange,TilesRequired,OtherDistrictAdjacent)
--	VALUES ('District_Culture_Major_YIELD_SCIENCE', 'LOC_DISTRICT_DISTRICT_CULTURE_MAJOR_YIELD_SCIENCE',"YIELD_SCIENCE","1","1",1);

--种树提前
UPDATE ModifierArguments SET Value='CIVIC_STATE_WORKFORCE' WHERE ModifierId='TRAIT_PLANT_MEDIEVAL_WOODS' AND Name='CivicType';

--男希腊
INSERT INTO Modifiers (ModifierId, ModifierType)
	VALUES ('TRAIT_SCIENCE_DECREASE_XILA', 'MODIFIER_PLAYER_CITIES_ADJUST_CITY_YIELD_MODIFIER');
INSERT INTO ModifierArguments (ModifierId, Name, Value)
	VALUES ('TRAIT_SCIENCE_DECREASE_XILA', 'YieldType' , 'YIELD_CULTURE');	
INSERT INTO ModifierArguments (ModifierId, Name, Value)
	VALUES ('TRAIT_SCIENCE_DECREASE_XILA', 'Amount' , '6');	
INSERT INTO TraitModifiers (TraitType, ModifierId)
	VALUES ('TRAIT_LEADER_SURROUNDED_BY_GLORY', 'TRAIT_SCIENCE_DECREASE_XILA');

--埃塞
/*INSERT INTO RequirementSetRequirements (RequirementSetId , RequirementId)
	VALUES ('ETHIOPIA_PLOT_IS_HILLS_REQUIREMENTS2' , 'PLOT_IS_HILLS_REQUIREMENT');
INSERT INTO RequirementSets (RequirementSetId , RequirementSetType)
	VALUES ('ETHIOPIA_PLOT_IS_HILLS_REQUIREMENTS2' , 'REQUIREMENTSET_TEST_ANY');
	
UPDATE Modifiers SET SubjectRequirementSetId='ETHIOPIA_PLOT_IS_HILLS_REQUIREMENTS2' WHERE ModifierId='TRAIT_FAITH_INTO_SCIENCE_HILLS' AND ModifierType='MODIFIER_PLAYER_CITIES_ADJUST_YIELD_MODIFIER_FROM_FAITH';
UPDATE Modifiers SET SubjectRequirementSetId='ETHIOPIA_PLOT_IS_HILLS_REQUIREMENTS2' WHERE ModifierId='TRAIT_FAITH_INTO_SCIENCE_HILLS' AND ModifierType='MODIFIER_PLAYER_CITIES_ADJUST_YIELD_MODIFIER_FROM_FAITH';
*/
--印加 侦察兵经验
INSERT INTO Types (Type, Kind)
	VALUES ('ABILITY_NUBIA_RANGED_EXPERIENCE_MODIFIER_YINJIA', 'KIND_ABILITY');
INSERT INTO TypeTags (Type, Tag)
	VALUES ('ABILITY_NUBIA_RANGED_EXPERIENCE_MODIFIER_YINJIA', 'CLASS_RECON');
INSERT INTO UnitAbilities (UnitAbilityType, Name ,Description ,Inactive)
	VALUES ('ABILITY_NUBIA_RANGED_EXPERIENCE_MODIFIER_YINJIA', 'LOC_ABILITY_NUBIA_RANGED_EXPERIENCE_MODIFIER_YINJIA_NAME','LOC_ABILITY_NUBIA_RANGED_EXPERIENCE_MODIFIER_YINJIA_DESCRIPTION',1);
INSERT INTO UnitAbilityModifiers (UnitAbilityType, ModifierId)
	VALUES ('ABILITY_NUBIA_RANGED_EXPERIENCE_MODIFIER_YINJIA', 'NUBIA_RANGED_EXPERIENCE_MODIFIER_YINJIA');
INSERT INTO Modifiers (ModifierId, ModifierType)
	VALUES ('NUBIA_RANGED_EXPERIENCE_MODIFIER_YINJIA', 'MODIFIER_PLAYER_UNIT_ADJUST_UNIT_EXPERIENCE_MODIFIER');
INSERT INTO ModifierArguments (ModifierId, Name ,Value)
	VALUES ('NUBIA_RANGED_EXPERIENCE_MODIFIER_YINJIA', 'Amount','100');

INSERT INTO Modifiers (ModifierId, ModifierType)
	VALUES ('TRAIT_RANGED_EXPERIENCE_MODIFIER_YINJIA', 'MODIFIER_PLAYER_UNITS_GRANT_ABILITY');
INSERT INTO ModifierArguments (ModifierId, Name, Value)
	VALUES ('TRAIT_RANGED_EXPERIENCE_MODIFIER_YINJIA', 'AbilityType' , 'ABILITY_NUBIA_RANGED_EXPERIENCE_MODIFIER_YINJIA');
INSERT INTO TraitModifiers (TraitType, ModifierId)
	VALUES ('TRAIT_CIVILIZATION_GREAT_MOUNTAINS', 'TRAIT_RANGED_EXPERIENCE_MODIFIER_YINJIA');

--独裁 2-1-0-1
UPDATE Government_SlotCounts SET NumSlots='2' WHERE GovernmentType="GOVERNMENT_AUTOCRACY" and GovernmentSlotType="SLOT_MILITARY";
UPDATE Government_SlotCounts SET NumSlots='0' WHERE GovernmentType="GOVERNMENT_AUTOCRACY" and GovernmentSlotType="SLOT_DIPLOMATIC";


--骑士阶级
UPDATE ModifierArguments SET Value='2' WHERE ModifierId='EQUESTRIAN_ORDERS_ADDITIONAL_IRON_EXTRACTION' AND Name='Amount';
UPDATE ModifierArguments SET Value='2' WHERE ModifierId='EQUESTRIAN_ORDERS_ADDITIONAL_HORSES_EXTRACTION' AND Name='Amount';

--训练手册
update Policies set PrereqCivic="CIVIC_DIVINE_RIGHT" where PolicyType="POLICY_DRILL_MANUALS";
UPDATE ModifierArguments SET Value='2' WHERE ModifierId='DRILL_MANUALS_ADDITIONAL_NITER_EXTRACTION' AND Name='Amount';
UPDATE ModifierArguments SET Value='2' WHERE ModifierId='DRILL_MANUALS_ADDITIONAL_COAL_EXTRACTION' AND Name='Amount';

--资源管理
UPDATE ModifierArguments SET Value='2' WHERE ModifierId='RESOURCE_MANAGEMENT_ADDITIONAL_ALUMINUM_EXTRACTION' AND Name='Amount';
UPDATE ModifierArguments SET Value='2' WHERE ModifierId='RESOURCE_MANAGEMENT_ADDITIONAL_OIL_EXTRACTION' AND Name='Amount';

--时代科文惩罚调整
UPDATE GlobalParameters SET Value="30" WHERE Name="CIVIC_COST_PERCENT_CHANGE_AFTER_GAME_ERA";
UPDATE GlobalParameters SET Value="-25" WHERE Name="CIVIC_COST_PERCENT_CHANGE_BEFORE_GAME_ERA";
UPDATE GlobalParameters SET Value="30" WHERE Name="TECH_COST_PERCENT_CHANGE_AFTER_GAME_ERA";
UPDATE GlobalParameters SET Value="-25" WHERE Name="TECH_COST_PERCENT_CHANGE_BEFORE_GAME_ERA";


--谒见厅
UPDATE ModifierArguments SET Value='1' WHERE ModifierId='GOV_TALL_AMENITY_BUFF' and Name='Amount';
UPDATE ModifierArguments SET Value='3' WHERE ModifierId='GOV_TALL_HOUSING_BUFF' and Name='Amount';

--葡萄牙
UPDATE ModifierArguments SET Value='3' WHERE ModifierId='TRADE_GOLD_FROM_FEITORIA' and Name='Amount';
--遇见+0
UPDATE ModifierArguments SET Value='0' WHERE ModifierId='TRAIT_JOAO_TRADE_ROUTE_ON_MEET' and Name='Amount';
--基础+2
INSERT INTO Modifiers (ModifierId , ModifierType)
    VALUES ('TRAIT_JOAO_TRADE_ROUTE_ON_MEET_PUTAOYA' , 'MODIFIER_PLAYER_ADJUST_TRADE_ROUTE_CAPACITY');	

INSERT INTO ModifierArguments(ModifierId,Name,Value)	
	VALUES("TRAIT_JOAO_TRADE_ROUTE_ON_MEET_PUTAOYA","Amount","2");

INSERT INTO TraitModifiers(TraitType,ModifierId)
    VALUES("TRAIT_LEADER_JOAO_III","TRAIT_JOAO_TRADE_ROUTE_ON_MEET_PUTAOYA");

--奇观 沼特拉
--UPDATE Buildings SET Cost="180" WHERE BuildingType="BUILDING_ETEMENANKI";

--全局宜居度
INSERT INTO Modifiers (ModifierId , ModifierType)
    VALUES ('GOV_TALL_AMENITY_BUFF_QUANJ' , 'MODIFIER_PLAYER_CITIES_ADJUST_AMENITIES_FROM_GOVERNORS');	

INSERT INTO ModifierArguments(ModifierId,Name,Value)	
	VALUES("GOV_TALL_AMENITY_BUFF_QUANJ","Amount","1");

INSERT INTO TraitModifiers (TraitType, ModifierId)
	VALUES
	('TRAIT_LEADER_MAJOR_CIV', 'GOV_TALL_AMENITY_BUFF_QUANJ');

--克里
--条件
INSERT INTO Requirements (RequirementId , RequirementType)
	VALUES ('PLAYER_HAS_TECH_ASTROLOGY_KELI_BANK' , 'REQUIREMENT_PLAYER_HAS_TECHNOLOGY');
INSERT INTO RequirementArguments (RequirementId , Name , Value)
	VALUES ('PLAYER_HAS_TECH_ASTROLOGY_KELI_BANK' , 'TechnologyType' , 'TECH_BANKING');
INSERT INTO RequirementSetRequirements (RequirementSetId, RequirementId)
	VALUES ('PLAYER_HAS_POLITICAL_PHILOSOPHY_KELI_BANK', 'PLAYER_HAS_TECH_ASTROLOGY_KELI_BANK');
INSERT INTO RequirementSets (RequirementSetId, RequirementSetType)
	VALUES ('PLAYER_HAS_POLITICAL_PHILOSOPHY_KELI_BANK', 'REQUIREMENTSET_TEST_ALL');

INSERT INTO Requirements (RequirementId , RequirementType)
	VALUES ('PLAYER_HAS_TECH_ASTROLOGY_KELI_ECONOMICS' , 'REQUIREMENT_PLAYER_HAS_TECHNOLOGY');
INSERT INTO RequirementArguments (RequirementId , Name , Value)
	VALUES ('PLAYER_HAS_TECH_ASTROLOGY_KELI_ECONOMICS' , 'TechnologyType' , 'TECH_ECONOMICS');
INSERT INTO RequirementSetRequirements (RequirementSetId, RequirementId)
	VALUES ('PLAYER_HAS_POLITICAL_PHILOSOPHY_KELI_ECONOMICS', 'PLAYER_HAS_TECH_ASTROLOGY_KELI_ECONOMICS');
INSERT INTO RequirementSets (RequirementSetId, RequirementSetType)
	VALUES ('PLAYER_HAS_POLITICAL_PHILOSOPHY_KELI_ECONOMICS', 'REQUIREMENTSET_TEST_ALL');

INSERT INTO Modifiers (ModifierId , ModifierType , OwnerRequirementsetId ,RunOnce,Permanent)
    VALUES ('TRAIT_POTTERY_ADD_TRADER_BANK' , 'MODIFIER_PLAYER_GRANT_UNIT_IN_CAPITAL',"PLAYER_HAS_POLITICAL_PHILOSOPHY_KELI_BANK",1,1);	

INSERT INTO ModifierArguments(ModifierId,Name,Value)	
	VALUES("TRAIT_POTTERY_ADD_TRADER_BANK","UnitType","UNIT_TRADER");

INSERT INTO ModifierArguments(ModifierId,Name,Value)	
	VALUES("TRAIT_POTTERY_ADD_TRADER_BANK","UnitAllowUniqueOverrideType","false");

INSERT INTO ModifierArguments(ModifierId,Name,Value)	
	VALUES("TRAIT_POTTERY_ADD_TRADER_BANK","Amount","0");

INSERT INTO TraitModifiers (TraitType, ModifierId)
	VALUES
	('TRAIT_CIVILIZATION_CREE_TRADE_GAIN_TILES', 'TRAIT_POTTERY_ADD_TRADER_BANK');


INSERT INTO Modifiers (ModifierId , ModifierType,SubjectRequirementSetId)
    VALUES ('TRAIT_POTTERY_TRADE_ROUTE_BANK' , 'MODIFIER_PLAYER_ADJUST_TRADE_ROUTE_CAPACITY',"PLAYER_HAS_POLITICAL_PHILOSOPHY_KELI_BANK");	

INSERT INTO ModifierArguments(ModifierId,Name,Value)	
	VALUES("TRAIT_POTTERY_TRADE_ROUTE_BANK","Amount","0");

INSERT INTO TraitModifiers (TraitType, ModifierId)
	VALUES
	('TRAIT_CIVILIZATION_CREE_TRADE_GAIN_TILES', 'TRAIT_POTTERY_TRADE_ROUTE_BANK');

INSERT INTO Modifiers (ModifierId , ModifierType , OwnerRequirementsetId ,RunOnce,Permanent)
    VALUES ('TRAIT_POTTERY_ADD_TRADER_ECONOMICS' , 'MODIFIER_PLAYER_GRANT_UNIT_IN_CAPITAL',"PLAYER_HAS_POLITICAL_PHILOSOPHY_KELI_ECONOMICS",1,1);	

INSERT INTO ModifierArguments(ModifierId,Name,Value)	
	VALUES("TRAIT_POTTERY_ADD_TRADER_ECONOMICS","UnitType","UNIT_TRADER");

INSERT INTO ModifierArguments(ModifierId,Name,Value)	
	VALUES("TRAIT_POTTERY_ADD_TRADER_ECONOMICS","UnitAllowUniqueOverrideType","false");

INSERT INTO ModifierArguments(ModifierId,Name,Value)	
	VALUES("TRAIT_POTTERY_ADD_TRADER_ECONOMICS","Amount","0");

INSERT INTO TraitModifiers (TraitType, ModifierId)
	VALUES
	('TRAIT_CIVILIZATION_CREE_TRADE_GAIN_TILES', 'TRAIT_POTTERY_ADD_TRADER_ECONOMICS');


INSERT INTO Modifiers (ModifierId , ModifierType,SubjectRequirementSetId)
    VALUES ('TRAIT_POTTERY_TRADE_ROUTE_ECONOMICS' , 'MODIFIER_PLAYER_ADJUST_TRADE_ROUTE_CAPACITY',"PLAYER_HAS_POLITICAL_PHILOSOPHY_KELI_ECONOMICS");	

INSERT INTO ModifierArguments(ModifierId,Name,Value)	
	VALUES("TRAIT_POTTERY_TRADE_ROUTE_ECONOMICS","Amount","0");

INSERT INTO TraitModifiers (TraitType, ModifierId)
	VALUES
	('TRAIT_CIVILIZATION_CREE_TRADE_GAIN_TILES', 'TRAIT_POTTERY_TRADE_ROUTE_ECONOMICS');

--斯基泰
INSERT INTO Modifiers(ModifierId , ModifierType, SubjectRequirementSetId)
	VALUES ('SHIPHERDER_PATH_PASTURE_GOLD_MODIFIER2_SIJITAI', 'MODIFIER_PLAYER_ADJUST_PLOT_YIELD', 'PLOT_HAS_PASTURE_REQUIREMENTS');
INSERT INTO ModifierArguments(ModifierId , Name, Value)
	VALUES ('SHIPHERDER_PATH_PASTURE_GOLD_MODIFIER2_SIJITAI', 'YieldType','YIELD_FAITH');
INSERT INTO ModifierArguments(ModifierId , Name, Value)
	VALUES ('SHIPHERDER_PATH_PASTURE_GOLD_MODIFIER2_SIJITAI', 'Amount', '1');
INSERT INTO TraitModifiers (TraitType , ModifierId)
	VALUES ('TRAIT_CIVILIZATION_EXTRA_LIGHT_CAVALRY' , 'SHIPHERDER_PATH_PASTURE_GOLD_MODIFIER2_SIJITAI');

INSERT INTO Modifiers (ModifierId, ModifierType,SubjectRequirementSetId)
	VALUES ('alabo_hasxueyuan_shengdi_SIJITAI', 'MODIFIER_PLAYER_DISTRICTS_ADJUST_YIELD_CHANGE','DISTRICT_IS_ENCAMPMENT');
INSERT INTO ModifierArguments (ModifierId, Name ,Value)
	VALUES ('alabo_hasxueyuan_shengdi_SIJITAI', 'Amount','0');
INSERT INTO ModifierArguments (ModifierId, Name ,Value)
	VALUES ('alabo_hasxueyuan_shengdi_SIJITAI', 'YieldType','YIELD_FAITH');
INSERT INTO TraitModifiers (TraitType, ModifierId)
	VALUES ('TRAIT_CIVILIZATION_EXTRA_LIGHT_CAVALRY', 'alabo_hasxueyuan_shengdi_SIJITAI');

--毛利ub
UPDATE Buildings SET Cost="90" WHERE BuildingType="BUILDING_MARAE";

--寡头 1-1-1-1
UPDATE Government_SlotCounts SET NumSlots='1' WHERE GovernmentType="GOVERNMENT_OLIGARCHY" and GovernmentSlotType="SLOT_MILITARY";
INSERT INTO Government_SlotCounts (GovernmentType, GovernmentSlotType,NumSlots)
	VALUES ('GOVERNMENT_OLIGARCHY', 'SLOT_DIPLOMATIC','1');
UPDATE ModifierArguments SET Value='40' WHERE ModifierId='OLIGARCHY_UNIT_EXPERIENCE' and Name='Amount';

--葡萄牙 外商
UPDATE ModifierArguments SET Value='50, 50, 50, 50, 0, 50' WHERE ModifierId='TRAIT_INTERNATIONAL_TRADE_GAIN_ALL_YIELDS' and Name='Amount';
--葡萄牙 uu
UPDATE Units SET Cost="270",Maintenance=4 WHERE UnitType="UNIT_PORTUGUESE_NAU";

--农耕女神
UPDATE Beliefs SET Name="LOC_BELIEF_GOD_OF_NONGGENG_NAME",Description="LOC_BELIEF_GOD_OF_NONGGENG_NAME_DESCRIPTION" WHERE BeliefType="BELIEF_GOD_OF_HEALING";

INSERT INTO Modifiers(ModifierId , ModifierType, SubjectRequirementSetId)
	VALUES ('GOD_OF_NONGGENG_FOOD_FARM_FOOD2', 'MODIFIER_ALL_CITIES_ATTACH_MODIFIER', 'CITY_FOLLOWS_PANTHEON_REQUIREMENTS');
INSERT INTO ModifierArguments(ModifierId , Name, Value)
	VALUES ('GOD_OF_NONGGENG_FOOD_FARM_FOOD2', 'ModifierId','GOD_OF_NONGGENG_FOOD_MODIFIER2');

INSERT INTO Modifiers(ModifierId , ModifierType, SubjectRequirementSetId)
	VALUES ('GOD_OF_NONGGENG_FOOD_MODIFIER2', 'MODIFIER_CITY_PLOT_YIELDS_ADJUST_PLOT_YIELD', 'GOD_OF_NONGGENG_FOOD_MODIFIER_REQUIREMENTS');
INSERT INTO ModifierArguments(ModifierId , Name, Value)
	VALUES ('GOD_OF_NONGGENG_FOOD_MODIFIER2', 'YieldType','YIELD_FOOD');
INSERT INTO ModifierArguments(ModifierId , Name, Value)
	VALUES ('GOD_OF_NONGGENG_FOOD_MODIFIER2', 'Amount', 1);

INSERT INTO RequirementSets(RequirementSetId , RequirementSetType)
	VALUES ('GOD_OF_NONGGENG_FOOD_MODIFIER_REQUIREMENTS', 'REQUIREMENTSET_TEST_ALL');	
INSERT INTO RequirementSetRequirements(RequirementSetId , RequirementId)
	VALUES ('GOD_OF_NONGGENG_FOOD_MODIFIER_REQUIREMENTS', 'REQUIRES_PLOT_HAS_FARM');

UPDATE BeliefModifiers SET ModifierId='GOD_OF_NONGGENG_FOOD_FARM_FOOD2' WHERE BeliefType='BELIEF_GOD_OF_HEALING';

--马其顿 沃林
/*INSERT INTO Modifiers (ModifierId, ModifierType,SubjectRequirementSetId)
	VALUES ('MINOR_CIV_WOLIN_GREAT_GENERAL_INFLUENCE_BONUS22', 'MODIFIER_PLAYER_UNITS_GRANT_ABILITY',"PLAYER_HAS_POLITICAL_PHILOSOPHY_GYB");
INSERT INTO ModifierArguments (ModifierId, Name ,Value)
	VALUES ('MINOR_CIV_WOLIN_GREAT_GENERAL_INFLUENCE_BONUS22', 'AbilityType','ABILITY_WOLIN_LAND_UNITS');
INSERT INTO TraitModifiers (TraitType, ModifierId)
	VALUES ('TRAIT_CIVILIZATION_HELLENISTIC_FUSION', 'MINOR_CIV_WOLIN_GREAT_GENERAL_INFLUENCE_BONUS22');*/

--需要 雇佣兵文化
INSERT INTO Requirements (RequirementId, RequirementType)
	VALUES ('REQUIRES_PLAYER_HAS_POLITICAL_PHILOSOPHY_GYB', 'REQUIREMENT_PLAYER_HAS_CIVIC');
INSERT INTO RequirementArguments (RequirementId, Name, Value)
	VALUES ('REQUIRES_PLAYER_HAS_POLITICAL_PHILOSOPHY_GYB', 'CivicType', 'CIVIC_MERCENARIES');
INSERT INTO RequirementSetRequirements (RequirementSetId, RequirementId)
	VALUES ('PLAYER_HAS_POLITICAL_PHILOSOPHY_GYB', 'REQUIRES_PLAYER_HAS_POLITICAL_PHILOSOPHY_GYB');
INSERT INTO RequirementSets (RequirementSetId, RequirementSetType)
	VALUES ('PLAYER_HAS_POLITICAL_PHILOSOPHY_GYB', 'REQUIREMENTSET_TEST_ALL');

--礁石改良渔船
INSERT INTO Improvement_ValidFeatures (ImprovementType, FeatureType)
	VALUES ('IMPROVEMENT_FISHING_BOATS', 'FEATURE_REEF');
--地热+1锤
--INSERT INTO Feature_YieldChanges (FeatureType, YieldType,YieldChange)
--	VALUES ('FEATURE_GEOTHERMAL_FISSURE', "YIELD_PRODUCTION",'0');
