-- Author: C
-- DateCreated: 6/22/2024 10:05:18 PM
--------------------------------------------------------------
--行业公司类型
INSERT INTO Improvement_ValidResources
        (ImprovementType,	            ResourceType, MustRemoveFeature)
VALUES	
        ('IMPROVEMENT_INDUSTRY',        'RESOURCE_C_HEAVENLY_HORSE',0),
	    ('IMPROVEMENT_INDUSTRY',        'RESOURCE_C_ZEBU',0),
	    ('IMPROVEMENT_CORPORATION',     'RESOURCE_C_HEAVENLY_HORSE',0),
	    ('IMPROVEMENT_CORPORATION',     'RESOURCE_C_ZEBU',0);

INSERT INTO ResourceIndustries
        (ResourceType,	                ResourceEffect,         	    ResourceEffectText)
VALUES	
        ('RESOURCE_C_HEAVENLY_HORSE',   'INDUSTRY_HD_AMENITY_BONUS',    'LOC_INDUSTRY_HD_AMENITY_BONUS_DESCRIPTION'),
        ('RESOURCE_C_ZEBU',             'INDUSTRY_HD_FAITH_BONUS',      'LOC_INDUSTRY_HD_FAITH_BONUS_DESCRIPTION');

INSERT INTO ResourceCorporations
        (ResourceType,	                ResourceEffect,	                        ResourceEffectText)
VALUES	
        ('RESOURCE_C_HEAVENLY_HORSE',   'CORPORATION_HD_ENTERTAINMENT_BONUS',   'LOC_CORPORATION_HD_ENTERTAINMENT_BONUS_DESCRIPTION'),
        ('RESOURCE_C_ZEBU',             'CORPORATION_HD_FAITH_BONUS',           'LOC_CORPORATION_HD_FAITH_BONUS_DESCRIPTION');

--产品项目
INSERT INTO Types
        (Type,	                                                            Kind)
VALUES	
        ('PROJECT_CREATE_CORPORATION_PRODUCT_C_HEAVENLY_HORSE',    'KIND_PROJECT'),
        ('PROJECT_CREATE_CORPORATION_PRODUCT_C_ZEBU',              'KIND_PROJECT');

INSERT INTO Projects
        (ProjectType,Name,ShortName,Description,Cost,AdvisorType)
VALUES	
        ('PROJECT_CREATE_CORPORATION_PRODUCT_C_HEAVENLY_HORSE',        
        'LOC_PROJECT_CREATE_CORPORATION_PRODUCT_C_HEAVENLY_HORSE_NAME',
        'LOC_PROJECT_CREATE_CORPORATION_PRODUCT_C_HEAVENLY_HORSE_SHORT_NAME',
        'LOC_PROJECT_CREATE_CORPORATION_PRODUCT_C_HEAVENLY_HORSE_DESCRIPTION',
        160,
        'ADVISOR_GENERIC'),
        ('PROJECT_CREATE_CORPORATION_PRODUCT_C_ZEBU',                         
        'LOC_PROJECT_CREATE_CORPORATION_PRODUCT_C_ZEBU_NAME',
        'LOC_PROJECT_CREATE_CORPORATION_PRODUCT_C_ZEBU_SHORT_NAME',
        'LOC_PROJECT_CREATE_CORPORATION_PRODUCT_C_ZEBU_DESCRIPTION',
        160,
        'ADVISOR_GENERIC');

INSERT INTO Projects_MODE
        (ProjectType,	ResourceType)
VALUES	
        ('PROJECT_CREATE_CORPORATION_PRODUCT_C_HEAVENLY_HORSE',        'RESOURCE_C_HEAVENLY_HORSE'),
        ('PROJECT_CREATE_CORPORATION_PRODUCT_C_ZEBU',                  'RESOURCE_C_ZEBU');

INSERT INTO ProjectCompletionModifiers
        (ProjectType,	ModifierId)
 VALUES	
        ('PROJECT_CREATE_CORPORATION_PRODUCT_C_HEAVENLY_HORSE',        'PROJECT_COMPLETION_CREATE_CORPORATION_PRODUCT_C_HEAVENLY_HORSE'),       
        ('PROJECT_CREATE_CORPORATION_PRODUCT_C_ZEBU',                  'PROJECT_COMPLETION_CREATE_CORPORATION_PRODUCT_C_ZEBU');

INSERT INTO Modifiers
        (ModifierId,	ModifierType)
 VALUES	
        ('PROJECT_COMPLETION_CREATE_CORPORATION_PRODUCT_C_HEAVENLY_HORSE',     'MODIFIER_PLAYER_GRANT_RANDOM_RESOURCE_PRODUCT'),
        ('PROJECT_COMPLETION_CREATE_CORPORATION_PRODUCT_C_ZEBU',               'MODIFIER_PLAYER_GRANT_RANDOM_RESOURCE_PRODUCT');    

INSERT INTO ModifierArguments
        (ModifierId,	Name,	Value)       
 VALUES	
        ('PROJECT_COMPLETION_CREATE_CORPORATION_PRODUCT_C_HEAVENLY_HORSE',     'ResourceType', 'RESOURCE_C_HEAVENLY_HORSE'),
        ('PROJECT_COMPLETION_CREATE_CORPORATION_PRODUCT_C_ZEBU',               'ResourceType', 'RESOURCE_C_ZEBU');  

--产品巨作
INSERT INTO Types
        (Type,	Kind)
VALUES
        ('GREATWORK_PRODUCT_C_HEAVENLY_HORSE_1',	'KIND_GREATWORK'),
        ('GREATWORK_PRODUCT_C_HEAVENLY_HORSE_2',	'KIND_GREATWORK'),
        ('GREATWORK_PRODUCT_C_HEAVENLY_HORSE_3',	'KIND_GREATWORK'),
        ('GREATWORK_PRODUCT_C_HEAVENLY_HORSE_4',	'KIND_GREATWORK'),
        ('GREATWORK_PRODUCT_C_HEAVENLY_HORSE_5',	'KIND_GREATWORK'),
        ('GREATWORK_PRODUCT_C_ZEBU_1',	                'KIND_GREATWORK'),
        ('GREATWORK_PRODUCT_C_ZEBU_2',	                'KIND_GREATWORK'),      
        ('GREATWORK_PRODUCT_C_ZEBU_3',	                'KIND_GREATWORK'),
        ('GREATWORK_PRODUCT_C_ZEBU_4',	                'KIND_GREATWORK'),      
        ('GREATWORK_PRODUCT_C_ZEBU_5',	                'KIND_GREATWORK');

INSERT INTO GreatWorks
        (GreatWorkType,	GreatWorkObjectType,	Name,	Tourism)
VALUES
        ('GREATWORK_PRODUCT_C_HEAVENLY_HORSE_1',	'GREATWORKOBJECT_PRODUCT',	'LOC_GREATWORK_PRODUCT_C_HEAVENLY_HORSE_1_NAME',6),
        ('GREATWORK_PRODUCT_C_HEAVENLY_HORSE_2',	'GREATWORKOBJECT_PRODUCT',	'LOC_GREATWORK_PRODUCT_C_HEAVENLY_HORSE_2_NAME',6),
        ('GREATWORK_PRODUCT_C_HEAVENLY_HORSE_3',	'GREATWORKOBJECT_PRODUCT',	'LOC_GREATWORK_PRODUCT_C_HEAVENLY_HORSE_3_NAME',6),
        ('GREATWORK_PRODUCT_C_HEAVENLY_HORSE_4',	'GREATWORKOBJECT_PRODUCT',	'LOC_GREATWORK_PRODUCT_C_HEAVENLY_HORSE_4_NAME',6),
        ('GREATWORK_PRODUCT_C_HEAVENLY_HORSE_5',	'GREATWORKOBJECT_PRODUCT',	'LOC_GREATWORK_PRODUCT_C_HEAVENLY_HORSE_5_NAME',6),
        ('GREATWORK_PRODUCT_C_ZEBU_1',	                'GREATWORKOBJECT_PRODUCT',	'LOC_GREATWORK_PRODUCT_C_ZEBU_1_NAME',6),
        ('GREATWORK_PRODUCT_C_ZEBU_2',                 'GREATWORKOBJECT_PRODUCT',	'LOC_GREATWORK_PRODUCT_C_ZEBU_2_NAME',6),
        ('GREATWORK_PRODUCT_C_ZEBU_3',                 'GREATWORKOBJECT_PRODUCT',	'LOC_GREATWORK_PRODUCT_C_ZEBU_3_NAME',6),
        ('GREATWORK_PRODUCT_C_ZEBU_4',                 'GREATWORKOBJECT_PRODUCT',	'LOC_GREATWORK_PRODUCT_C_ZEBU_4_NAME',6),
        ('GREATWORK_PRODUCT_C_ZEBU_5',	                'GREATWORKOBJECT_PRODUCT',	'LOC_GREATWORK_PRODUCT_C_ZEBU_5_NAME',6);

INSERT INTO GreatWorks_ImprovementType
        (GreatWorkType,	ResourceType)
VALUES
        ('GREATWORK_PRODUCT_C_HEAVENLY_HORSE_1',	'RESOURCE_C_HEAVENLY_HORSE'),
        ('GREATWORK_PRODUCT_C_HEAVENLY_HORSE_2',	'RESOURCE_C_HEAVENLY_HORSE'),
        ('GREATWORK_PRODUCT_C_HEAVENLY_HORSE_3',	'RESOURCE_C_HEAVENLY_HORSE'),
        ('GREATWORK_PRODUCT_C_HEAVENLY_HORSE_4',	'RESOURCE_C_HEAVENLY_HORSE'),
        ('GREATWORK_PRODUCT_C_HEAVENLY_HORSE_5',	'RESOURCE_C_HEAVENLY_HORSE'),
        ('GREATWORK_PRODUCT_C_ZEBU_1',	                'RESOURCE_C_ZEBU'),
        ('GREATWORK_PRODUCT_C_ZEBU_2',                 'RESOURCE_C_ZEBU'),
        ('GREATWORK_PRODUCT_C_ZEBU_3',                 'RESOURCE_C_ZEBU'),
        ('GREATWORK_PRODUCT_C_ZEBU_4',                 'RESOURCE_C_ZEBU'),
        ('GREATWORK_PRODUCT_C_ZEBU_5',	                'RESOURCE_C_ZEBU');

INSERT INTO GreatWork_YieldChanges
        (GreatWorkType,	                                        YieldType,	YieldChange)
VALUES
        ('GREATWORK_PRODUCT_C_HEAVENLY_HORSE_1',	'YIELD_SCIENCE',4),
        ('GREATWORK_PRODUCT_C_HEAVENLY_HORSE_1',	'YIELD_PRODUCTION',4),
        ('GREATWORK_PRODUCT_C_HEAVENLY_HORSE_2',	'YIELD_SCIENCE',4),
        ('GREATWORK_PRODUCT_C_HEAVENLY_HORSE_2',	'YIELD_PRODUCTION',4),        
        ('GREATWORK_PRODUCT_C_HEAVENLY_HORSE_3',	'YIELD_SCIENCE',4),
        ('GREATWORK_PRODUCT_C_HEAVENLY_HORSE_3',	'YIELD_PRODUCTION',4),       
        ('GREATWORK_PRODUCT_C_HEAVENLY_HORSE_4',	'YIELD_SCIENCE',4),
        ('GREATWORK_PRODUCT_C_HEAVENLY_HORSE_4',	'YIELD_PRODUCTION',4),        
        ('GREATWORK_PRODUCT_C_HEAVENLY_HORSE_5',	'YIELD_SCIENCE',4),
        ('GREATWORK_PRODUCT_C_HEAVENLY_HORSE_5',	'YIELD_PRODUCTION',4),
        ('GREATWORK_PRODUCT_C_ZEBU_1',	                'YIELD_FAITH',4),
        ('GREATWORK_PRODUCT_C_ZEBU_1',	                'YIELD_CULTURE',4),
        ('GREATWORK_PRODUCT_C_ZEBU_2',	                'YIELD_FAITH',4),
        ('GREATWORK_PRODUCT_C_ZEBU_2',                 'YIELD_CULTURE',4),        
        ('GREATWORK_PRODUCT_C_ZEBU_3',         	'YIELD_FAITH',4),
        ('GREATWORK_PRODUCT_C_ZEBU_3',	                'YIELD_CULTURE',4),       
        ('GREATWORK_PRODUCT_C_ZEBU_4',	                'YIELD_FAITH',4),
        ('GREATWORK_PRODUCT_C_ZEBU_4',	                'YIELD_CULTURE',4),        
        ('GREATWORK_PRODUCT_C_ZEBU_5',	                'YIELD_FAITH',4),
        ('GREATWORK_PRODUCT_C_ZEBU_5',	                'YIELD_CULTURE',4);