------------------------------------------------------------------------------
-- FILE:    XP2/MonopoliesAndCorporations.sql
-- PURPOSE: Sukritact-style Shark industry and corporation support.
-- Only loaded when the Monopolies & Corporations game mode is enabled.
------------------------------------------------------------------------------

INSERT OR REPLACE INTO Improvement_ValidResources
	(ImprovementType, ResourceType, MustRemoveFeature)
VALUES
	('IMPROVEMENT_INDUSTRY', 'RESOURCE_ZYL_LBM_SHARK', 0),
	('IMPROVEMENT_CORPORATION', 'RESOURCE_ZYL_LBM_SHARK', 0);

INSERT OR REPLACE INTO ResourceIndustries
	(ResourceType, ResourceEffect, ResourceEffectText)
VALUES
	('RESOURCE_ZYL_LBM_SHARK', 'INDUSTRY_CIVILIAN_UNIT_DISCOUNT', 'LOC_INDUSTRY_CIVILIAN_UNIT_DISCOUNT_DESCRIPTION');

INSERT OR REPLACE INTO ResourceCorporations
	(ResourceType, ResourceEffect, ResourceEffectText)
VALUES
	('RESOURCE_ZYL_LBM_SHARK', 'CORPORATION_CIVILIAN_UNIT_DISCOUNT', 'LOC_CORPORATION_CIVILIAN_UNIT_DISCOUNT_DESCRIPTION');

INSERT OR REPLACE INTO Types (Type, Kind) VALUES
	('GREATWORK_PRODUCT_ZYL_LBM_SHARK_1', 'KIND_GREATWORK'),
	('GREATWORK_PRODUCT_ZYL_LBM_SHARK_2', 'KIND_GREATWORK'),
	('GREATWORK_PRODUCT_ZYL_LBM_SHARK_3', 'KIND_GREATWORK'),
	('GREATWORK_PRODUCT_ZYL_LBM_SHARK_4', 'KIND_GREATWORK'),
	('GREATWORK_PRODUCT_ZYL_LBM_SHARK_5', 'KIND_GREATWORK'),
	('PROJECT_CREATE_CORPORATION_PRODUCT_ZYL_LBM_SHARK', 'KIND_PROJECT');

INSERT OR REPLACE INTO GreatWorks
	(GreatWorkType, GreatWorkObjectType, Name, Tourism)
VALUES
	('GREATWORK_PRODUCT_ZYL_LBM_SHARK_1', 'GREATWORKOBJECT_PRODUCT', 'LOC_GREATWORK_PRODUCT_ZYL_LBM_SHARK_1_NAME', 1),
	('GREATWORK_PRODUCT_ZYL_LBM_SHARK_2', 'GREATWORKOBJECT_PRODUCT', 'LOC_GREATWORK_PRODUCT_ZYL_LBM_SHARK_2_NAME', 1),
	('GREATWORK_PRODUCT_ZYL_LBM_SHARK_3', 'GREATWORKOBJECT_PRODUCT', 'LOC_GREATWORK_PRODUCT_ZYL_LBM_SHARK_3_NAME', 1),
	('GREATWORK_PRODUCT_ZYL_LBM_SHARK_4', 'GREATWORKOBJECT_PRODUCT', 'LOC_GREATWORK_PRODUCT_ZYL_LBM_SHARK_4_NAME', 1),
	('GREATWORK_PRODUCT_ZYL_LBM_SHARK_5', 'GREATWORKOBJECT_PRODUCT', 'LOC_GREATWORK_PRODUCT_ZYL_LBM_SHARK_5_NAME', 1);

INSERT OR REPLACE INTO GreatWorks_ImprovementType (GreatWorkType, ResourceType) VALUES
	('GREATWORK_PRODUCT_ZYL_LBM_SHARK_1', 'RESOURCE_ZYL_LBM_SHARK'),
	('GREATWORK_PRODUCT_ZYL_LBM_SHARK_2', 'RESOURCE_ZYL_LBM_SHARK'),
	('GREATWORK_PRODUCT_ZYL_LBM_SHARK_3', 'RESOURCE_ZYL_LBM_SHARK'),
	('GREATWORK_PRODUCT_ZYL_LBM_SHARK_4', 'RESOURCE_ZYL_LBM_SHARK'),
	('GREATWORK_PRODUCT_ZYL_LBM_SHARK_5', 'RESOURCE_ZYL_LBM_SHARK');

INSERT OR REPLACE INTO GreatWork_YieldChanges (GreatWorkType, YieldType, YieldChange) VALUES
	('GREATWORK_PRODUCT_ZYL_LBM_SHARK_1', 'YIELD_FOOD', 3),
	('GREATWORK_PRODUCT_ZYL_LBM_SHARK_2', 'YIELD_FOOD', 3),
	('GREATWORK_PRODUCT_ZYL_LBM_SHARK_3', 'YIELD_FOOD', 3),
	('GREATWORK_PRODUCT_ZYL_LBM_SHARK_4', 'YIELD_FOOD', 3),
	('GREATWORK_PRODUCT_ZYL_LBM_SHARK_5', 'YIELD_FOOD', 3);

INSERT OR REPLACE INTO Modifiers (ModifierId, ModifierType, SubjectStackLimit)
SELECT 'PRODUCT_CIVILIAN_UNIT_DISCOUNT_ZYL_LBM_SHARK', ModifierType, 1
FROM Modifiers
WHERE ModifierId = 'PRODUCT_CIVILIAN_UNIT_DISCOUNT_FURS';

INSERT OR REPLACE INTO ModifierArguments (ModifierId, Name, Value)
SELECT 'PRODUCT_CIVILIAN_UNIT_DISCOUNT_ZYL_LBM_SHARK', Name, Value
FROM ModifierArguments
WHERE ModifierId = 'PRODUCT_CIVILIAN_UNIT_DISCOUNT_FURS';

INSERT OR REPLACE INTO ModifierStrings (ModifierId, Context, "Text")
SELECT 'PRODUCT_CIVILIAN_UNIT_DISCOUNT_ZYL_LBM_SHARK', Context, "Text"
FROM ModifierStrings
WHERE ModifierId = 'PRODUCT_CIVILIAN_UNIT_DISCOUNT_FURS';

INSERT OR REPLACE INTO GreatWorkModifiers (GreatWorkType, ModifierId) VALUES
	('GREATWORK_PRODUCT_ZYL_LBM_SHARK_1', 'PRODUCT_CIVILIAN_UNIT_DISCOUNT_ZYL_LBM_SHARK'),
	('GREATWORK_PRODUCT_ZYL_LBM_SHARK_2', 'PRODUCT_CIVILIAN_UNIT_DISCOUNT_ZYL_LBM_SHARK'),
	('GREATWORK_PRODUCT_ZYL_LBM_SHARK_3', 'PRODUCT_CIVILIAN_UNIT_DISCOUNT_ZYL_LBM_SHARK'),
	('GREATWORK_PRODUCT_ZYL_LBM_SHARK_4', 'PRODUCT_CIVILIAN_UNIT_DISCOUNT_ZYL_LBM_SHARK'),
	('GREATWORK_PRODUCT_ZYL_LBM_SHARK_5', 'PRODUCT_CIVILIAN_UNIT_DISCOUNT_ZYL_LBM_SHARK');

INSERT OR REPLACE INTO Projects
	(ProjectType, Name, ShortName, Description, Cost, AdvisorType)
VALUES
	('PROJECT_CREATE_CORPORATION_PRODUCT_ZYL_LBM_SHARK', 'LOC_PROJECT_CREATE_CORPORATION_PRODUCT_ZYL_LBM_SHARK_NAME', 'LOC_PROJECT_CREATE_CORPORATION_PRODUCT_ZYL_LBM_SHARK_SHORT_NAME', 'LOC_PROJECT_CREATE_CORPORATION_PRODUCT_ZYL_LBM_SHARK_DESCRIPTION', 500, 'ADVISOR_GENERIC');

INSERT OR REPLACE INTO Projects_MODE (ProjectType, ResourceType) VALUES
	('PROJECT_CREATE_CORPORATION_PRODUCT_ZYL_LBM_SHARK', 'RESOURCE_ZYL_LBM_SHARK');

INSERT OR REPLACE INTO Modifiers (ModifierId, ModifierType) VALUES
	('PROJECT_COMPLETION_CREATE_CORPORATION_PRODUCT_ZYL_LBM_SHARK', 'MODIFIER_PLAYER_GRANT_RANDOM_RESOURCE_PRODUCT');

INSERT OR REPLACE INTO ModifierArguments (ModifierId, Name, Value) VALUES
	('PROJECT_COMPLETION_CREATE_CORPORATION_PRODUCT_ZYL_LBM_SHARK', 'ResourceType', 'RESOURCE_ZYL_LBM_SHARK');

INSERT OR REPLACE INTO ProjectCompletionModifiers (ProjectType, ModifierId) VALUES
	('PROJECT_CREATE_CORPORATION_PRODUCT_ZYL_LBM_SHARK', 'PROJECT_COMPLETION_CREATE_CORPORATION_PRODUCT_ZYL_LBM_SHARK');

UPDATE RequirementArguments
SET Value = Value || ', RESOURCE_ZYL_LBM_SHARK'
WHERE RequirementId = 'REQUIREMENT_CIVILIAN_DISCOUNT_RESOURCE'
	AND instr(Value, 'RESOURCE_ZYL_LBM_SHARK') = 0;
