---- 保护区新建筑
insert or ignore into Types (Type, Kind) values
  ('BUILDING_HD_CULTURE_HERITAGE_PRESERVE',	'KIND_BUILDING'),

	('BUILDING_HD_LANDFORM_EPO',		          'KIND_BUILDING'),
	('BUILDING_HD_RESOURCE_EPO',		          'KIND_BUILDING'),
	('BUILDING_HD_SPECIES_EPO',		            'KIND_BUILDING'),
	('BUILDING_HD_SCENIC_EPO',		            'KIND_BUILDING');

insert or ignore into Buildings (BuildingType, PrereqDistrict, PrereqCivic, PrereqTech, Cost, Maintenance, PurchaseYield, AdvisorType, Name, Description) values					
	('BUILDING_HD_CULTURE_HERITAGE_PRESERVE',	'DISTRICT_PRESERVE',	    'CIVIC_HUMANISM',	    NULL,               240,	4,				    'YIELD_GOLD',		'ADVISOR_CULTURE',		'LOC_BUILDING_HD_CULTURE_HERITAGE_PRESERVE_NAME',	'LOC_BUILDING_HD_CULTURE_HERITAGE_PRESERVE_DESCRIPTION'),

	('BUILDING_HD_LANDFORM_EPO',		          'DISTRICT_PRESERVE',	    'CIVIC_CONSERVATION',	NULL,       	      750,	7,				    NULL,				    'ADVISOR_GENERIC',		'LOC_BUILDING_HD_LANDFORM_EPO_NAME',		          'LOC_BUILDING_HD_LANDFORM_EPO_DESCRIPTION'),
	('BUILDING_HD_RESOURCE_EPO',		          'DISTRICT_PRESERVE',	    NULL,	                'TECH_CHEMISTRY',   750,	7,				    NULL,				    'ADVISOR_GENERIC',		'LOC_BUILDING_HD_RESOURCE_EPO_NAME',		          'LOC_BUILDING_HD_RESOURCE_EPO_DESCRIPTION'),
	('BUILDING_HD_SPECIES_EPO',		            'DISTRICT_PRESERVE',	    NULL,	                'TECH_BIOLOGY_HD',  750,	7,				    NULL,				    'ADVISOR_GENERIC',		'LOC_BUILDING_HD_SPECIES_EPO_NAME',			          'LOC_BUILDING_HD_SPECIES_EPO_DESCRIPTION'),
	('BUILDING_HD_SCENIC_EPO',		            'DISTRICT_PRESERVE',	    'CIVIC_CONSERVATION',	NULL,       	      750,	7,				    NULL,				    'ADVISOR_CULTURE',		'LOC_BUILDING_HD_SCENIC_EPO_NAME',			          'LOC_BUILDING_HD_SCENIC_EPO_DESCRIPTION');

update Buildings set MaxPlayerInstances = 1 where BuildingType in ('BUILDING_HD_LANDFORM_EPO','BUILDING_HD_RESOURCE_EPO','BUILDING_HD_SPECIES_EPO','BUILDING_HD_SCENIC_EPO');
update Buildings set Maintenance = 1,	Cost = 75, AdvisorType = 'ADVISOR_GENERIC' where BuildingType = 'BUILDING_GROVE';
update Buildings set Maintenance = 4,	Cost = 240, AdvisorType = 'ADVISOR_GENERIC', PrereqCivic = NULL, PrereqTech = 'TECH_BUTTRESS' where BuildingType = 'BUILDING_SANCTUARY';

insert or replace into Building_YieldChanges (BuildingType, YieldType, YieldChange) values
	('BUILDING_GROVE',                        'YIELD_FAITH',    2),
	('BUILDING_SANCTUARY',                    'YIELD_FOOD',     2),
	('BUILDING_SANCTUARY',                    'YIELD_GOLD',     6),
	('BUILDING_HD_CULTURE_HERITAGE_PRESERVE', 'YIELD_CULTURE',  2),
	('BUILDING_HD_CULTURE_HERITAGE_PRESERVE', 'YIELD_GOLD',     6);

insert or ignore into MutuallyExclusiveBuildings (Building, MutuallyExclusiveBuilding) values
  ('BUILDING_HD_LANDFORM_EPO',      'BUILDING_HD_RESOURCE_EPO'),
  ('BUILDING_HD_LANDFORM_EPO',      'BUILDING_HD_SPECIES_EPO'),
  ('BUILDING_HD_LANDFORM_EPO',      'BUILDING_HD_SCENIC_EPO'),
  ('BUILDING_HD_RESOURCE_EPO',      'BUILDING_HD_LANDFORM_EPO'),
  ('BUILDING_HD_RESOURCE_EPO',      'BUILDING_HD_SPECIES_EPO'),
  ('BUILDING_HD_RESOURCE_EPO',      'BUILDING_HD_SCENIC_EPO'),
  ('BUILDING_HD_SPECIES_EPO',	      'BUILDING_HD_LANDFORM_EPO'),
  ('BUILDING_HD_SPECIES_EPO',	      'BUILDING_HD_RESOURCE_EPO'),
  ('BUILDING_HD_SPECIES_EPO',	      'BUILDING_HD_SCENIC_EPO'),
  ('BUILDING_HD_SCENIC_EPO',	      'BUILDING_HD_LANDFORM_EPO'),
  ('BUILDING_HD_SCENIC_EPO',	      'BUILDING_HD_RESOURCE_EPO'),
  ('BUILDING_HD_SCENIC_EPO',	      'BUILDING_HD_SPECIES_EPO');

insert or ignore into BuildingPrereqs (Building, PrereqBuilding) values
  ('BUILDING_SANCTUARY',                    'BUILDING_GROVE'),
  ('BUILDING_HD_CULTURE_HERITAGE_PRESERVE', 'BUILDING_GROVE'),

  ('BUILDING_HD_LANDFORM_EPO',              'BUILDING_SANCTUARY'),
  ('BUILDING_HD_LANDFORM_EPO',              'BUILDING_HD_CULTURE_HERITAGE_PRESERVE'),

  ('BUILDING_HD_RESOURCE_EPO',              'BUILDING_SANCTUARY'),
  ('BUILDING_HD_RESOURCE_EPO',              'BUILDING_HD_CULTURE_HERITAGE_PRESERVE'),

  ('BUILDING_HD_SPECIES_EPO',               'BUILDING_SANCTUARY'),
  ('BUILDING_HD_SPECIES_EPO',               'BUILDING_HD_CULTURE_HERITAGE_PRESERVE'),

  ('BUILDING_HD_SCENIC_EPO',                'BUILDING_SANCTUARY'),
  ('BUILDING_HD_SCENIC_EPO',                'BUILDING_HD_CULTURE_HERITAGE_PRESERVE');