-- Types
insert or ignore into Types
	(Type,						                              Kind)
values
	('UNIT_PLUM_INTERNAL_SECURITY_HD',              'KIND_UNIT'),

  ('TRAIT_PLUM_INTERNAL_SECURITY_HD',	            'KIND_TRAIT'),

  ('PROMOTION_CLASS_PLUM_INTERNAL_SECURITY_HD',	  'KIND_PROMOTION_CLASS'),

  ('PROMOTION_SWIFT_LEGS_HD',	                    'KIND_PROMOTION'),
  ('PROMOTION_SWIMMING_EXPERT_HD',	              'KIND_PROMOTION'),
  ('PROMOTION_LAND_SURVEYING_HD',	                'KIND_PROMOTION'),
  ('PROMOTION_SUPERVISE_OFFICIALS_HD',	          'KIND_PROMOTION'),
  ('PROMOTION_NEIGHBORHOOD_PATROL_HD',	          'KIND_PROMOTION'),
  ('PROMOTION_GATHER_INTELLIGENCE_HD',	          'KIND_PROMOTION'),
  ('PROMOTION_RURAL_SUPERVISION_HD',	            'KIND_PROMOTION'),
  ('PROMOTION_PROTECT_OFFICIALS_HD',	            'KIND_PROMOTION'),
  ('PROMOTION_ASSASSINATION_HD',	                'KIND_PROMOTION'),
  ('PROMOTION_HIJACKING_HD',	                    'KIND_PROMOTION'),
  ('PROMOTION_INCITE_DEFECTION_HD',	              'KIND_PROMOTION'),
  ('PROMOTION_RECRUIT_BULIANG_HD',	              'KIND_PROMOTION'),
  ('PROMOTION_DEVELOP_DOWNLINES_HD',	            'KIND_PROMOTION'),
  ('PROMOTION_DESTRUCTION_EXPERT_HD',	            'KIND_PROMOTION'),
  ('PROMOTION_SECRET_ORDER_HD',	                  'KIND_PROMOTION'),
  ('PROMOTION_KUNG_FU_MASTER_HD',	                'KIND_PROMOTION'),
  ('PROMOTION_ROYAL_GUARD_HD',  	                'KIND_PROMOTION'),
  ('PROMOTION_ROYAL_ENVOY_HD',	                  'KIND_PROMOTION'),
  ('PROMOTION_ROYAL_TRIBUTE_HD',	                'KIND_PROMOTION'),
  ('PROMOTION_SECRETS_OF_NATURE_HD',	            'KIND_PROMOTION'),

  ('ABILITY_PLUM_INTERNAL_SECURITY_HD',	          'KIND_ABILITY'),
  ('ABILITY_HD_PROTECT_OFFICIALS',	              'KIND_ABILITY');

-- GlobalParameters
insert or replace into GlobalParameters
	(Name,															          Value)
values
	('HD_PROMOTION_ASSASSINATION_MAX_TIMES',			3),
	('HD_PROMOTION_HIJACKING_MAX_TIMES',				  1),
	('HD_PROMOTION_INCITE_DEFECTION_MAX_TIMES',		1),
	('HD_PROMOTION_RECRUIT_BULIANG_MAX_TIMES',		1),
	('HD_PROMOTION_DEVELOP_DOWNLINES_MAX_TIMES',	1),
	('HD_PROMOTION_DESTRUCTION_EXPERT_MAX_TIMES',	1),
	('HD_PROMOTION_SECRET_ORDER_MAX_TIMES',				1),
	('HD_PROMOTION_KUNG_FU_MASTER_MAX_TIMES',			3),
	('HD_PROMOTION_ROYAL_GUARD_MAX_TIMES',				2),
	('HD_PROMOTION_ROYAL_ENVOY_MAX_TIMES',				1),
	('HD_PROMOTION_ROYAL_TRIBUTE_MAX_TIMES',			1),
	('HD_PROMOTION_SECRETS_OF_NATURE_MAX_TIMES',	1),

	('HD_PROMOTION_ROYAL_ENVOY_NUM',	            2),
	('HD_PROMOTION_ROYAL_TRIBUTE_GOLD',           200),
	('HD_PROMOTION_SECRETS_OF_NATURE_GPP',        100);

-- Units
insert or ignore into Units
  (UnitType, Name, Description, TraitType, PrereqTech, MandatoryObsoleteTech,
  BaseSightRange, BaseMoves, Combat, RangedCombat, Range, Cost, Maintenance, ZoneOfControl, PurchaseYield, Domain,
  FormationClass, PromotionClass, AdvisorType, CostProgressionModel, CostProgressionParam1, NumRandomChoices)
values
  ('UNIT_PLUM_INTERNAL_SECURITY_HD', 'LOC_UNIT_PLUM_INTERNAL_SECURITY_HD_NAME', 'LOC_UNIT_PLUM_INTERNAL_SECURITY_HD_DESCRIPTION', 'TRAIT_PLUM_INTERNAL_SECURITY_HD', NULL, NULL,
  2, 3, 0, 0, 0, 60, 1, 0, 'YIELD_GOLD', 'DOMAIN_LAND', 'FORMATION_CLASS_SUPPORT', 'PROMOTION_CLASS_PLUM_INTERNAL_SECURITY_HD', 'ADVISOR_CULTURE',
  'COST_PROGRESSION_PREVIOUS_COPIES', 15, 3);

-- Units_XP2
insert or replace into Units_XP2 (UnitType, CanEarnExperience) values
  ('UNIT_PLUM_INTERNAL_SECURITY_HD', 1);

-- UnitAiInfos
insert or ignore into UnitAiInfos (UnitType, AiType)
  select 'UNIT_PLUM_INTERNAL_SECURITY_HD', AiType
from UnitAiInfos where UnitType = 'UNIT_SCOUT';

-- UnitPromotionClasses
insert or ignore into UnitPromotionClasses (PromotionClassType, Name) values
  ('PROMOTION_CLASS_PLUM_INTERNAL_SECURITY_HD', 'LOC_PROMOTION_CLASS_PLUM_INTERNAL_SECURITY_HD_NAME');

-- UnitPromotions
insert or ignore into UnitPromotions
  (UnitPromotionType,                   Name,                                         Description,                                        Level,PromotionClass,                               Column)
values
  ('PROMOTION_SWIFT_LEGS_HD',           'LOC_PROMOTION_SWIFT_LEGS_HD_NAME',           'LOC_PROMOTION_SWIFT_LEGS_HD_DESCRIPTION',          1,    'PROMOTION_CLASS_PLUM_INTERNAL_SECURITY_HD',  0),
  ('PROMOTION_SWIMMING_EXPERT_HD',      'LOC_PROMOTION_SWIMMING_EXPERT_HD_NAME',      'LOC_PROMOTION_SWIMMING_EXPERT_HD_DESCRIPTION',     1,    'PROMOTION_CLASS_PLUM_INTERNAL_SECURITY_HD',  0),
  ('PROMOTION_LAND_SURVEYING_HD',       'LOC_PROMOTION_LAND_SURVEYING_HD_NAME',       'LOC_PROMOTION_LAND_SURVEYING_HD_DESCRIPTION',      1,    'PROMOTION_CLASS_PLUM_INTERNAL_SECURITY_HD',  0),
  ('PROMOTION_SUPERVISE_OFFICIALS_HD',  'LOC_PROMOTION_SUPERVISE_OFFICIALS_HD_NAME',  'LOC_PROMOTION_SUPERVISE_OFFICIALS_HD_DESCRIPTION', 1,    'PROMOTION_CLASS_PLUM_INTERNAL_SECURITY_HD',  0),
  ('PROMOTION_NEIGHBORHOOD_PATROL_HD',  'LOC_PROMOTION_NEIGHBORHOOD_PATROL_HD_NAME',  'LOC_PROMOTION_NEIGHBORHOOD_PATROL_HD_DESCRIPTION', 1,    'PROMOTION_CLASS_PLUM_INTERNAL_SECURITY_HD',  0),
  ('PROMOTION_GATHER_INTELLIGENCE_HD',  'LOC_PROMOTION_GATHER_INTELLIGENCE_HD_NAME',  'LOC_PROMOTION_GATHER_INTELLIGENCE_HD_DESCRIPTION', 1,    'PROMOTION_CLASS_PLUM_INTERNAL_SECURITY_HD',  0),
  ('PROMOTION_RURAL_SUPERVISION_HD',    'LOC_PROMOTION_RURAL_SUPERVISION_HD_NAME',    'LOC_PROMOTION_RURAL_SUPERVISION_HD_DESCRIPTION',   1,    'PROMOTION_CLASS_PLUM_INTERNAL_SECURITY_HD',  0),
  ('PROMOTION_PROTECT_OFFICIALS_HD',    'LOC_PROMOTION_PROTECT_OFFICIALS_HD_NAME',    'LOC_PROMOTION_PROTECT_OFFICIALS_HD_DESCRIPTION',   1,    'PROMOTION_CLASS_PLUM_INTERNAL_SECURITY_HD',  0),
  ('PROMOTION_ASSASSINATION_HD',        'LOC_PROMOTION_ASSASSINATION_HD_NAME',        'LOC_PROMOTION_ASSASSINATION_HD_DESCRIPTION',       1,    'PROMOTION_CLASS_PLUM_INTERNAL_SECURITY_HD',  0),
  ('PROMOTION_HIJACKING_HD',            'LOC_PROMOTION_HIJACKING_HD_NAME',            'LOC_PROMOTION_HIJACKING_HD_DESCRIPTION',           1,    'PROMOTION_CLASS_PLUM_INTERNAL_SECURITY_HD',  0),
  ('PROMOTION_INCITE_DEFECTION_HD',     'LOC_PROMOTION_INCITE_DEFECTION_HD_NAME',     'LOC_PROMOTION_INCITE_DEFECTION_HD_DESCRIPTION',    1,    'PROMOTION_CLASS_PLUM_INTERNAL_SECURITY_HD',  0),
  ('PROMOTION_RECRUIT_BULIANG_HD',      'LOC_PROMOTION_RECRUIT_BULIANG_HD_NAME',      'LOC_PROMOTION_RECRUIT_BULIANG_HD_DESCRIPTION',     1,    'PROMOTION_CLASS_PLUM_INTERNAL_SECURITY_HD',  0),
  ('PROMOTION_DEVELOP_DOWNLINES_HD',    'LOC_PROMOTION_DEVELOP_DOWNLINES_HD_NAME',    'LOC_PROMOTION_DEVELOP_DOWNLINES_HD_DESCRIPTION',   1,    'PROMOTION_CLASS_PLUM_INTERNAL_SECURITY_HD',  0),
  ('PROMOTION_DESTRUCTION_EXPERT_HD',   'LOC_PROMOTION_DESTRUCTION_EXPERT_HD_NAME',   'LOC_PROMOTION_DESTRUCTION_EXPERT_HD_DESCRIPTION',  1,    'PROMOTION_CLASS_PLUM_INTERNAL_SECURITY_HD',  0),
  ('PROMOTION_SECRET_ORDER_HD',         'LOC_PROMOTION_SECRET_ORDER_HD_NAME',         'LOC_PROMOTION_SECRET_ORDER_HD_DESCRIPTION',        1,    'PROMOTION_CLASS_PLUM_INTERNAL_SECURITY_HD',  0),
  ('PROMOTION_KUNG_FU_MASTER_HD',       'LOC_PROMOTION_KUNG_FU_MASTER_HD_NAME',       'LOC_PROMOTION_KUNG_FU_MASTER_HD_DESCRIPTION',      1,    'PROMOTION_CLASS_PLUM_INTERNAL_SECURITY_HD',  0),
  ('PROMOTION_ROYAL_GUARD_HD',          'LOC_PROMOTION_ROYAL_GUARD_HD_NAME',          'LOC_PROMOTION_ROYAL_GUARD_HD_DESCRIPTION',         1,    'PROMOTION_CLASS_PLUM_INTERNAL_SECURITY_HD',  0),
  ('PROMOTION_ROYAL_ENVOY_HD',          'LOC_PROMOTION_ROYAL_ENVOY_HD_NAME',          'LOC_PROMOTION_ROYAL_ENVOY_HD_DESCRIPTION',         1,    'PROMOTION_CLASS_PLUM_INTERNAL_SECURITY_HD',  0),
  ('PROMOTION_ROYAL_TRIBUTE_HD',        'LOC_PROMOTION_ROYAL_TRIBUTE_HD_NAME',        'LOC_PROMOTION_ROYAL_TRIBUTE_HD_DESCRIPTION',       1,    'PROMOTION_CLASS_PLUM_INTERNAL_SECURITY_HD',  0),
  ('PROMOTION_SECRETS_OF_NATURE_HD',    'LOC_PROMOTION_SECRETS_OF_NATURE_HD_NAME',    'LOC_PROMOTION_SECRETS_OF_NATURE_HD_DESCRIPTION',   1,    'PROMOTION_CLASS_PLUM_INTERNAL_SECURITY_HD',  0);

-- Tags
insert or ignore into Tags
	(Tag,									                  Vocabulary)
values
	('CLASS_PLUM_INTERNAL_SECURITY_HD',	    'ABILITY_CLASS');

-- TypeTags
insert or ignore into TypeTags
  (Type,                                  Tag)
values
  ('UNIT_PLUM_INTERNAL_SECURITY_HD',      'CLASS_SUPPORT'),
  ('UNIT_PLUM_INTERNAL_SECURITY_HD',      'CLASS_PLUM_INTERNAL_SECURITY_HD'),
  ('ABILITY_PLUM_INTERNAL_SECURITY_HD',   'CLASS_PLUM_INTERNAL_SECURITY_HD'),
  ('ABILITY_HD_PROTECT_OFFICIALS',        'CLASS_MILITARY');

-- Traits
insert or ignore into Traits (TraitType, Name) values
	('TRAIT_PLUM_INTERNAL_SECURITY_HD', 'LOC_TRAIT_PLUM_INTERNAL_SECURITY_HD_NAME');

-- UnitAbilities
insert or replace into UnitAbilities (UnitAbilityType, Name, Description, Inactive) values
  ('ABILITY_PLUM_INTERNAL_SECURITY_HD', 'LOC_ABILITY_PLUM_INTERNAL_SECURITY_HD_NAME', 'LOC_ABILITY_PLUM_INTERNAL_SECURITY_HD_DESCRIPTION',  0),
  ('ABILITY_HD_PROTECT_OFFICIALS',      'LOC_ABILITY_HD_PROTECT_OFFICIALS_NAME',      'LOC_ABILITY_HD_PROTECT_OFFICIALS_DESCRIPTION',       1);

insert or replace into MomentIllustrations
	(MomentIllustrationType, 								MomentDataType,					GameDataType,				              Texture)
values
	('MOMENT_ILLUSTRATION_UNIQUE_UNIT', 		'MOMENT_DATA_UNIT',			'UNIT_PLUM_INTERNAL_SECURITY_HD',	'UNIT_PLUM_INTERNAL_SECURITY_HD_MONMENT.dds');