-------------------------------------
--      Buildings Adjustments      --
-------------------------------------
-- 记录虚拟建筑
insert or replace into HD_DUMMY_BUILDINGS (BuildingType) select BuildingType
	from Buildings where InternalOnly = 1;

-- Specialist Yield
-- The total yields of the specialist is 2, 3, 4, 6 for each tier of building excepts:
-- Specialist in Industrial Zone yields 2, 4, 5, 6.
-- Specialist in Holy Site yields 3, 4, 5, 6.
-- each extra yield increases the gold requirement of the specialist by 1 (or 2) except Gold or Faith yield.
insert or replace into Building_CitizenYieldChanges
	(BuildingType,							YieldType,			YieldChange)
values
	-- Campus
	('BUILDING_LIBRARY',					'YIELD_SCIENCE',	1),
	('BUILDING_LIBRARY',					'YIELD_GOLD',		-1),
	('BUILDING_UNIVERSITY',					'YIELD_SCIENCE',	1),
	('BUILDING_UNIVERSITY',					'YIELD_GOLD',		-1),
	('BUILDING_MADRASA',					'YIELD_SCIENCE',	1),
	('BUILDING_MADRASA',					'YIELD_FAITH',	1),
	('BUILDING_MADRASA',					'YIELD_GOLD',		-1),
	('BUILDING_RESEARCH_LAB',				'YIELD_SCIENCE',	2),
	('BUILDING_RESEARCH_LAB',				'YIELD_GOLD',		-2),
	('BUILDING_HD_DATA_CENTER',				'YIELD_SCIENCE',	1),
	('BUILDING_HD_DATA_CENTER',				'YIELD_CULTURE',	1),
	('BUILDING_HD_DATA_CENTER',				'YIELD_GOLD',		-2),
	-- Theater Square
	('BUILDING_AMPHITHEATER',				'YIELD_CULTURE',	1),
	('BUILDING_AMPHITHEATER',				'YIELD_GOLD',		-1),
	('BUILDING_MARAE',						'YIELD_CULTURE',	1),
	('BUILDING_MARAE',						'YIELD_GOLD',		-1),
	('BUILDING_MUSEUM_ART',					'YIELD_CULTURE',	1),
	('BUILDING_MUSEUM_ART',					'YIELD_GOLD',		-1),
	('BUILDING_MUSEUM_ARTIFACT',			'YIELD_CULTURE',	1),
	('BUILDING_MUSEUM_ARTIFACT',			'YIELD_GOLD',		-1),
	('BUILDING_FILM_STUDIO',				'YIELD_CULTURE',	2),
	('BUILDING_FILM_STUDIO',				'YIELD_GOLD',		-2),
	('BUILDING_BROADCAST_CENTER',			'YIELD_CULTURE',	2),
	('BUILDING_BROADCAST_CENTER',			'YIELD_GOLD',		-2),
	-- Industrial Zone
	('BUILDING_WORKSHOP',					'YIELD_PRODUCTION', 2),
	('BUILDING_WORKSHOP',					'YIELD_GOLD',		-2),
	('BUILDING_FACTORY',					'YIELD_PRODUCTION', 1),
	('BUILDING_FACTORY',					'YIELD_GOLD',		-1),
	-- ('BUILDING_ELECTRONICS_FACTORY',		'YIELD_PRODUCTION', 1),
	-- ('BUILDING_ELECTRONICS_FACTORY',		'YIELD_GOLD',		-1),
	('BUILDING_COAL_POWER_PLANT',			'YIELD_PRODUCTION', 1),
	('BUILDING_COAL_POWER_PLANT',			'YIELD_GOLD',		-1),
	('BUILDING_FOSSIL_FUEL_POWER_PLANT',	'YIELD_PRODUCTION', 1),
	('BUILDING_FOSSIL_FUEL_POWER_PLANT',	'YIELD_GOLD',		-1),
	('BUILDING_POWER_PLANT',				'YIELD_PRODUCTION', 1),
	('BUILDING_POWER_PLANT',				'YIELD_GOLD',		-1),
	-- Holy Site
	('BUILDING_SHRINE',						'YIELD_FAITH',		1),
	('BUILDING_TEMPLE',						'YIELD_FAITH',		1),
	('BUILDING_HD_ALCHEMY_ROOM',						'YIELD_FAITH',		1),
	('BUILDING_STAVE_CHURCH',				'YIELD_FAITH',		1),
	-- Harbor
	('BUILDING_LIGHTHOUSE',					'YIELD_PRODUCTION', 2),
	('BUILDING_SHIPYARD',					'YIELD_FOOD',		1),
	('BUILDING_SHIPYARD',					'YIELD_PRODUCTION',	1),
	('BUILDING_SHIPYARD',					'YIELD_GOLD',		-2),
	-- harbor: third level
	('BUILDING_SEAPORT',					'YIELD_FOOD',		0),
	('BUILDING_SEAPORT',					'YIELD_PRODUCTION',	2),
	('BUILDING_SEAPORT',					'YIELD_GOLD',		-2),
	-- Encampment
	('BUILDING_BARRACKS',					'YIELD_PRODUCTION', 1),
	('BUILDING_BARRACKS',					'YIELD_GOLD',		-1),
	('BUILDING_STABLE',						'YIELD_PRODUCTION', 1),
	('BUILDING_STABLE',						'YIELD_GOLD',		-1),
	('BUILDING_ORDU',						'YIELD_PRODUCTION', 1),
	('BUILDING_ORDU',						'YIELD_GOLD',		-1),
	('BUILDING_ARMORY',						'YIELD_PRODUCTION', 1),
	('BUILDING_ARMORY',						'YIELD_GOLD',		-1),
	('BUILDING_MILITARY_ACADEMY',			'YIELD_PRODUCTION', 2),
	('BUILDING_MILITARY_ACADEMY',			'YIELD_GOLD',		-2),
	-- Commercial Hub
	('BUILDING_FAIR',						'YIELD_GOLD',		2),
	('BUILDING_MARKET',						'YIELD_GOLD',		2),
	('BUILDING_BANK',						'YIELD_GOLD',		2),
	('BUILDING_GRAND_BAZAAR',				'YIELD_GOLD',		2),
	('BUILDING_STOCK_EXCHANGE',				'YIELD_GOLD',		4),
	-- Neighbourhood
	('BUILDING_FOOD_MARKET',				'YIELD_FOOD',		1),
	('BUILDING_SHOPPING_MALL',				'YIELD_GOLD',		3),
	('BUILDING_HD_MANSION',				'YIELD_FOOD',		1),
	('BUILDING_HD_MANSION',				'YIELD_PRODUCTION',		1);
delete from Building_CitizenYieldChanges where BuildingType = 'BUILDING_SEAPORT' and YieldType = 'YIELD_FOOD';

-- Citizen Slot
update Buildings set CitizenSlots = 2 where BuildingType = 'BUILDING_FOOD_MARKET' or BuildingType = 'BUILDING_SHOPPING_MALL';

-- Prereq Tech & Civic
update Buildings set PrereqTech = NULL, PrereqCivic = 'CIVIC_HUMANISM' where BuildingType = 'BUILDING_ZOO' or BuildingType = 'BUILDING_THERMAL_BATH';
update Buildings set PrereqTech = NULL, PrereqCivic = 'CIVIC_MEDIEVAL_FAIRES' where BuildingType = 'BUILDING_GRAND_BAZAAR';
update Buildings set PrereqTech = 'TECH_REFRIGERATION_HD', PrereqCivic = NULL, RegionalRange = 0 where BuildingType = 'BUILDING_FOOD_MARKET';
update Buildings set PrereqTech = NULL, PrereqCivic = 'CIVIC_CAPITALISM', Entertainment = 0, RegionalRange = 0 where BuildingType = 'BUILDING_SHOPPING_MALL';
update Buildings set PrereqTech = 'TECH_IRON_WORKING', PrereqCivic = NULL where BuildingType = 'BUILDING_BARRACKS';
update Buildings set PrereqTech = 'TECH_BUTTRESS', PrereqCivic = NULL where BuildingType = 'BUILDING_TSIKHE';
update Buildings set PrereqTech = 'TECH_SADDLE_HD' where PrereqTech = 'TECH_HORSEBACK_RIDING';

-- Regional Range
update Buildings set RegionalRange = 4
where BuildingType = 'BUILDING_AMPHITHEATER'
	or BuildingType = 'BUILDING_ARENA'
	or BuildingType = 'BUILDING_TLACHTLI';
update Buildings set RegionalRange = 6
where BuildingType = 'BUILDING_UNIVERSITY'
	or BuildingType = 'BUILDING_MADRASA';
update Buildings set RegionalRange = 6
where BuildingType = 'BUILDING_RESEARCH_LAB'
	or BuildingType = 'BUILDING_MUSEUM_ART'
	or BuildingType = 'BUILDING_MUSEUM_ARTIFACT'
	or BuildingType = 'BUILDING_FILM_STUDIO'
	or BuildingType = 'BUILDING_BROADCAST_CENTER'
	or BuildingType = 'BUILDING_BANK'
	or BuildingType = 'BUILDING_GRAND_BAZAAR'
	or BuildingType = 'BUILDING_STOCK_EXCHANGE'
	or BuildingType = 'BUILDING_FERRIS_WHEEL';

-- Entertainment
update Buildings set Entertainment = 1
where BuildingType = 'BUILDING_ARENA'
	or BuildingType = 'BUILDING_TLACHTLI'
	or BuildingType = 'BUILDING_FERRIS_WHEEL'
	or BuildingType = 'BUILDING_SEWER';
update Buildings set Entertainment = 2, RegionalRange = 0
where BuildingType = 'BUILDING_AQUARIUM'
	or BuildingType = 'BUILDING_ZOO';

-- Housing
update Buildings set Housing = 1
where BuildingType = 'BUILDING_CASTLE'
	or BuildingType = 'BUILDING_STAR_FORT'
	or BuildingType = 'BUILDING_TSIKHE'
	or BuildingType = 'BUILDING_GRANARY'
	or BuildingType = 'BUILDING_WATER_MILL';
update Buildings set Housing = 2
where BuildingType = 'BUILDING_LIGHTHOUSE';
update Buildings set Housing = 0
where BuildingType = 'BUILDING_UNIVERSITY'
	or BuildingType = 'BUILDING_MADRASA'
	or BuildingType = 'BUILDING_NAVIGATION_SCHOOL';

-- Misc
insert or replace into Building_YieldDistrictCopies
	(BuildingType,							OldYieldType,			NewYieldType)
values
	('BUILDING_FOSSIL_FUEL_POWER_PLANT',	'YIELD_PRODUCTION',		'YIELD_PRODUCTION'),
	('BUILDING_POWER_PLANT',				'YIELD_PRODUCTION',		'YIELD_PRODUCTION');

delete from Building_YieldDistrictCopies where BuildingType in ('BUILDING_MADRASA');

delete from BuildingPrereqs where Building = 'BUILDING_AIRPORT' and PrereqBuilding = 'BUILDING_HANGAR';

-- Yield
delete from Building_YieldChanges where BuildingType = 'BUILDING_WATER_MILL';
delete from Building_YieldChanges where BuildingType = 'BUILDING_ZOO';
delete from Building_YieldChanges where BuildingType = 'BUILDING_AQUARIUM';
insert or replace into Building_YieldChanges
	(BuildingType,					YieldType,			YieldChange)
values
	-- City Center
	('BUILDING_PALACE',				'YIELD_FOOD',		1),
	('BUILDING_PALACE',				'YIELD_PRODUCTION',	3),
	('BUILDING_GRANARY',			'YIELD_FOOD',		3),
	('BUILDING_WATER_MILL',			'YIELD_PRODUCTION',	3),
	('BUILDING_SEWER',			'YIELD_FOOD',		3),
	('BUILDING_SEWER',			'YIELD_PRODUCTION',		3),
	('BUILDING_HD_POLICE_STATION',			'YIELD_CULTURE',		2),
	('BUILDING_HD_POLICE_STATION',			'YIELD_PRODUCTION',		2),
	-- Holy Site
	('BUILDING_CATHEDRAL',			'YIELD_FAITH',		8),
	('BUILDING_GURDWARA',			'YIELD_FAITH',		8),
	('BUILDING_MEETING_HOUSE',		'YIELD_FAITH',		8),
	('BUILDING_MOSQUE',				'YIELD_FAITH',		8),
	('BUILDING_PAGODA',				'YIELD_FAITH',		8),
	('BUILDING_SYNAGOGUE',			'YIELD_FAITH',		12),
	('BUILDING_WAT',				'YIELD_FAITH',		8),
	('BUILDING_STUPA',				'YIELD_FAITH',		8),
	('BUILDING_DAR_E_MEHR',			'YIELD_FAITH',		8),
	('BUILDING_HD_ALCHEMY_ROOM',			'YIELD_FAITH',		7),
	-- Commercial Hub
	('BUILDING_MARKET',				'YIELD_GOLD',		5),
	('BUILDING_BANK',				'YIELD_GOLD',		8),
	('BUILDING_GRAND_BAZAAR',		'YIELD_GOLD',		8),
	('BUILDING_STOCK_EXCHANGE',		'YIELD_GOLD',		10),
	-- Industrial Zone
	('BUILDING_WORKSHOP',			'YIELD_PRODUCTION',	5),
	('BUILDING_FACTORY',			'YIELD_PRODUCTION',	8),
	('BUILDING_COAL_POWER_PLANT',			'YIELD_PRODUCTION',	1),
	-- Campus
	('BUILDING_LIBRARY',			'YIELD_SCIENCE',	3),
	('BUILDING_UNIVERSITY',			'YIELD_SCIENCE',	4),
	('BUILDING_MADRASA',			'YIELD_SCIENCE',	2),
	('BUILDING_MADRASA',			'YIELD_CULTURE',	2),
	('BUILDING_MADRASA',			'YIELD_FAITH',	2),
	('BUILDING_RESEARCH_LAB',		'YIELD_SCIENCE',	4),
	('BUILDING_HD_DATA_CENTER',		'YIELD_SCIENCE',	10),
	-- Theater Square
	('BUILDING_MUSEUM_ART',			'YIELD_CULTURE',	4),
	('BUILDING_MUSEUM_ARTIFACT',	'YIELD_CULTURE',	4),
	('BUILDING_BROADCAST_CENTER',	'YIELD_CULTURE',	4),
	('BUILDING_FILM_STUDIO',		'YIELD_CULTURE',	4),
	-- Harbor
	('BUILDING_SEAPORT',			'YIELD_FOOD',		3),
	('BUILDING_SEAPORT',			'YIELD_GOLD',		6),
	-- Airport
	('BUILDING_HANGAR',				'YIELD_PRODUCTION',	5),
	-- Neighborhood
	('BUILDING_SHOPPING_MALL',		'YIELD_GOLD',		6),
	('BUILDING_FOOD_MARKET',		'YIELD_FOOD',		2),
	-- Entertainment
	('BUILDING_ZOO',		'YIELD_CULTURE',		2),
	('BUILDING_ZOO',		'YIELD_GOLD',		6),
	('BUILDING_AQUARIUM',		'YIELD_SCIENCE',		2),
	('BUILDING_AQUARIUM',		'YIELD_CULTURE',		2);
insert or replace into Building_YieldChangesBonusWithPower
	(BuildingType,					YieldType,			YieldChange)
values
	('BUILDING_STOCK_EXCHANGE',		'YIELD_GOLD',		10),
	('BUILDING_RESEARCH_LAB',		'YIELD_SCIENCE',	4),
	('BUILDING_BROADCAST_CENTER',	'YIELD_CULTURE',	3),
	('BUILDING_FILM_STUDIO',		'YIELD_CULTURE',	3),
	('BUILDING_SHOPPING_MALL',		'YIELD_GOLD',		6),
	('BUILDING_FOOD_MARKET',		'YIELD_FOOD',		2),
	('BUILDING_HD_DATA_CENTER',		'YIELD_SCIENCE',	10);

-- Yield Percentage
insert or replace into BuildingModifiers
	(BuildingType,							ModifierId)
values
	-- City Center
	('BUILDING_SEWER',						'SEWER_GROWTH_RATE'),
	-- Campus
	('BUILDING_RESEARCH_LAB',				'RESEARCH_LAB_SCIENCE_PERCENTAGE_BOOST'),
	('BUILDING_RESEARCH_LAB',				'POWERED_RESEARCH_LAB_SCIENCE_PERCENTAGE_BOOST'),
	-- Theater Square
	('BUILDING_MUSEUM_ART',					'MUSEUM_CULTURE_PERCENTAGE_BOOST'),
	('BUILDING_MUSEUM_ARTIFACT',			'MUSEUM_CULTURE_PERCENTAGE_BOOST'),
	('BUILDING_BROADCAST_CENTER',			'BROADCAST_CENTER_CULTURE_PERCENTAGE_BOOST'),
	('BUILDING_BROADCAST_CENTER',			'POWERED_BROADCAST_CENTER_CULTURE_PERCENTAGE_BOOST'),
	('BUILDING_FILM_STUDIO',				'BROADCAST_CENTER_CULTURE_PERCENTAGE_BOOST'),
	('BUILDING_FILM_STUDIO',				'POWERED_BROADCAST_CENTER_CULTURE_PERCENTAGE_BOOST'),
	-- Commercial hub
	('BUILDING_BANK',						'BANK_GOLD_PERCENTAGE_BOOST'),
	('BUILDING_GRAND_BAZAAR',				'BANK_GOLD_PERCENTAGE_BOOST'),
	('BUILDING_STOCK_EXCHANGE',				'HD_STOCK_EXCHANGE_GOLD_PERCENTAGE_BOOST_ATTACH'),
	('BUILDING_STOCK_EXCHANGE',				'HD_STOCK_EXCHANGE_GOLD_PERCENTAGE_BOOST_POWERED_ATTACH'),
	('BUILDING_STOCK_EXCHANGE',				'HD_STOCK_EXCHANGE_EXTRA_GREAT_MERCHANT_POINTS_ATTACH'),
	('BUILDING_STOCK_EXCHANGE',				'HD_STOCK_EXCHANGE_EXTRA_GREAT_MERCHANT_POINTS_POWERED_ATTACH'),
	-- Holy site
	('BUILDING_CATHEDRAL',					'RELIGIOUS_BUILDING_FAITH_PERCENTAGE_BOOST'),
	('BUILDING_GURDWARA',					'RELIGIOUS_BUILDING_FAITH_PERCENTAGE_BOOST'),
	('BUILDING_MEETING_HOUSE',				'RELIGIOUS_BUILDING_FAITH_PERCENTAGE_BOOST'),
	('BUILDING_MOSQUE',						'RELIGIOUS_BUILDING_FAITH_PERCENTAGE_BOOST'),
	('BUILDING_PAGODA',						'RELIGIOUS_BUILDING_FAITH_PERCENTAGE_BOOST'),
	('BUILDING_SYNAGOGUE',					'RELIGIOUS_BUILDING_FAITH_PERCENTAGE_BOOST'),
	('BUILDING_WAT',						'RELIGIOUS_BUILDING_FAITH_PERCENTAGE_BOOST'),
	('BUILDING_STUPA',						'RELIGIOUS_BUILDING_FAITH_PERCENTAGE_BOOST'),
	('BUILDING_DAR_E_MEHR',					'RELIGIOUS_BUILDING_FAITH_PERCENTAGE_BOOST'),
	-- Industrial Zone
	-- ('BUILDING_FACTORY',					'FACTORY_BUILDING_PRODUCTION_PERCENTAGE_BOOST'),
	-- ('BUILDING_FACTORY',					'FACTORY_DISTRICT_PRODUCTION_PERCENTAGE_BOOST'),
	-- ('BUILDING_ELECTRONICS_FACTORY',		'FACTORY_BUILDING_PRODUCTION_PERCENTAGE_BOOST'),
	-- ('BUILDING_ELECTRONICS_FACTORY',		'FACTORY_DISTRICT_PRODUCTION_PERCENTAGE_BOOST'),
	('BUILDING_POWER_PLANT',				'POWER_PLANT_BUILDING_PRODUCTION_PERCENTAGE_BOOST'),
	('BUILDING_POWER_PLANT',				'POWER_PLANT_DISTRICT_PRODUCTION_PERCENTAGE_BOOST'),
	('BUILDING_COAL_POWER_PLANT',			'POWER_PLANT_BUILDING_PRODUCTION_PERCENTAGE_BOOST'),
	('BUILDING_COAL_POWER_PLANT',			'POWER_PLANT_DISTRICT_PRODUCTION_PERCENTAGE_BOOST'),
	('BUILDING_FOSSIL_FUEL_POWER_PLANT',	'POWER_PLANT_BUILDING_PRODUCTION_PERCENTAGE_BOOST'),
	('BUILDING_FOSSIL_FUEL_POWER_PLANT',	'POWER_PLANT_DISTRICT_PRODUCTION_PERCENTAGE_BOOST');
insert or replace into Modifiers
	(ModifierId,											ModifierType)
values
	-- City Center
	('SEWER_GROWTH_RATE',									'MODIFIER_SINGLE_CITY_ADJUST_CITY_GROWTH'),
	-- Campus
	('RESEARCH_LAB_SCIENCE_PERCENTAGE_BOOST', 				'MODIFIER_SINGLE_CITY_ADJUST_CITY_YIELD_MODIFIER'),
	-- Theater Square
	('MUSEUM_CULTURE_PERCENTAGE_BOOST', 					'MODIFIER_SINGLE_CITY_ADJUST_CITY_YIELD_MODIFIER'),
	('BROADCAST_CENTER_CULTURE_PERCENTAGE_BOOST', 			'MODIFIER_SINGLE_CITY_ADJUST_CITY_YIELD_MODIFIER'),
	-- Commercial Hub
	('BANK_GOLD_PERCENTAGE_BOOST', 							'MODIFIER_SINGLE_CITY_ADJUST_CITY_YIELD_MODIFIER'),
	('STOCK_EXCHANGE_GOLD_PERCENTAGE_BOOST', 				'MODIFIER_SINGLE_CITY_ADJUST_CITY_YIELD_MODIFIER'),
	('STOCK_EXCHANGE_EXTRA_GREAT_MERCHANT_POINTS',    	'MODIFIER_PLAYER_ADJUST_GREAT_PERSON_POINTS_PERCENT'),
	-- Holy Site
	('TEMPLE_FAITH_PERCENTAGE_BOOST', 						'MODIFIER_SINGLE_CITY_ADJUST_CITY_YIELD_MODIFIER'),
	('RELIGIOUS_BUILDING_FAITH_PERCENTAGE_BOOST', 			'MODIFIER_SINGLE_CITY_ADJUST_CITY_YIELD_MODIFIER'),
	-- Industrial Zone
	('FACTORY_BUILDING_PRODUCTION_PERCENTAGE_BOOST',		'MODIFIER_SINGLE_CITY_ADJUST_BUILDING_PRODUCTION_MODIFIER'),
	('FACTORY_DISTRICT_PRODUCTION_PERCENTAGE_BOOST',		'MODIFIER_SINGLE_CITY_ADJUST_DISTRICT_PRODUCTION_MODIFIER'),
	('POWER_PLANT_BUILDING_PRODUCTION_PERCENTAGE_BOOST',	'MODIFIER_SINGLE_CITY_ADJUST_BUILDING_PRODUCTION_MODIFIER'),
	('POWER_PLANT_DISTRICT_PRODUCTION_PERCENTAGE_BOOST',	'MODIFIER_SINGLE_CITY_ADJUST_DISTRICT_PRODUCTION_MODIFIER');
insert or replace into Modifiers
	(ModifierId, 											ModifierType,										SubjectRequirementSetId)
values
	('POWERED_RESEARCH_LAB_SCIENCE_PERCENTAGE_BOOST',		'MODIFIER_SINGLE_CITY_ADJUST_CITY_YIELD_MODIFIER',	'CITY_IS_POWERED'),
	('POWERED_BROADCAST_CENTER_CULTURE_PERCENTAGE_BOOST',	'MODIFIER_SINGLE_CITY_ADJUST_CITY_YIELD_MODIFIER',	'CITY_IS_POWERED');

insert or replace into Modifiers
	(ModifierId, 																										ModifierType,															OwnerRequirementSetId,	SubjectRequirementSetId,			SubjectStackLimit)
values
	('HD_STOCK_EXCHANGE_GOLD_PERCENTAGE_BOOST_ATTACH',							'MODIFIER_PLAYER_CITIES_ATTACH_MODIFIER',	null,										'HD_OBJECT_WITHIN_6_TILES',		1),
	('HD_STOCK_EXCHANGE_GOLD_PERCENTAGE_BOOST_POWERED_ATTACH',			'MODIFIER_PLAYER_CITIES_ATTACH_MODIFIER',	'CITY_IS_POWERED',			'HD_OBJECT_WITHIN_6_TILES',		1),
	('HD_STOCK_EXCHANGE_EXTRA_GREAT_MERCHANT_POINTS_ATTACH',				'MODIFIER_PLAYER_CITIES_ATTACH_MODIFIER',	null,										'HD_OBJECT_WITHIN_6_TILES',		1),
	('HD_STOCK_EXCHANGE_EXTRA_GREAT_MERCHANT_POINTS_POWERED_ATTACH','MODIFIER_PLAYER_CITIES_ATTACH_MODIFIER',	'CITY_IS_POWERED',			'HD_OBJECT_WITHIN_6_TILES',		1);

insert or replace into ModifierArguments
	(ModifierId,																										Name,										Value)
values
	-- City Center
	('SEWER_GROWTH_RATE',																						'Amount',								20),
	-- Campus
	('RESEARCH_LAB_SCIENCE_PERCENTAGE_BOOST',												'YieldType',						'YIELD_SCIENCE'),
	('RESEARCH_LAB_SCIENCE_PERCENTAGE_BOOST',												'Amount',								5),
	-- Theater Square
	('MUSEUM_CULTURE_PERCENTAGE_BOOST',															'YieldType',						'YIELD_CULTURE'),
	('MUSEUM_CULTURE_PERCENTAGE_BOOST',															'Amount',								5),
	('BROADCAST_CENTER_CULTURE_PERCENTAGE_BOOST',										'YieldType',						'YIELD_CULTURE'),
	('BROADCAST_CENTER_CULTURE_PERCENTAGE_BOOST',										'Amount',								5),
	-- Commercial Hub
	('BANK_GOLD_PERCENTAGE_BOOST',																	'YieldType',						'YIELD_GOLD'),
	('BANK_GOLD_PERCENTAGE_BOOST',																	'Amount',								5),
	('STOCK_EXCHANGE_GOLD_PERCENTAGE_BOOST',												'YieldType',						'YIELD_GOLD'),
	('STOCK_EXCHANGE_GOLD_PERCENTAGE_BOOST',												'Amount',								10),
	('STOCK_EXCHANGE_EXTRA_GREAT_MERCHANT_POINTS',									'Amount',								10),
	('STOCK_EXCHANGE_EXTRA_GREAT_MERCHANT_POINTS',									'GreatPersonClassType',	'GREAT_PERSON_CLASS_MERCHANT'),
	
	('HD_STOCK_EXCHANGE_GOLD_PERCENTAGE_BOOST_ATTACH',							'ModifierId',						'STOCK_EXCHANGE_GOLD_PERCENTAGE_BOOST'),
	('HD_STOCK_EXCHANGE_GOLD_PERCENTAGE_BOOST_POWERED_ATTACH',			'ModifierId',						'STOCK_EXCHANGE_GOLD_PERCENTAGE_BOOST'),
	('HD_STOCK_EXCHANGE_EXTRA_GREAT_MERCHANT_POINTS_ATTACH',				'ModifierId',						'STOCK_EXCHANGE_EXTRA_GREAT_MERCHANT_POINTS'),
	('HD_STOCK_EXCHANGE_EXTRA_GREAT_MERCHANT_POINTS_POWERED_ATTACH','ModifierId',						'STOCK_EXCHANGE_EXTRA_GREAT_MERCHANT_POINTS'),
	-- Holy Site
	('TEMPLE_FAITH_PERCENTAGE_BOOST',																'YieldType',						'YIELD_FAITH'),
	('TEMPLE_FAITH_PERCENTAGE_BOOST',																'Amount',								5),
	('RELIGIOUS_BUILDING_FAITH_PERCENTAGE_BOOST',										'YieldType',						'YIELD_FAITH'),
	('RELIGIOUS_BUILDING_FAITH_PERCENTAGE_BOOST',										'Amount',								10),
	-- Industrial Zone
	('FACTORY_BUILDING_PRODUCTION_PERCENTAGE_BOOST',								'Amount',								5),
	('FACTORY_DISTRICT_PRODUCTION_PERCENTAGE_BOOST',								'Amount',								5),
	('POWER_PLANT_BUILDING_PRODUCTION_PERCENTAGE_BOOST',						'Amount',								10),
	('POWER_PLANT_DISTRICT_PRODUCTION_PERCENTAGE_BOOST',						'Amount',								10),
	-- Powered
	('POWERED_RESEARCH_LAB_SCIENCE_PERCENTAGE_BOOST',								'YieldType',						'YIELD_SCIENCE'),
	('POWERED_RESEARCH_LAB_SCIENCE_PERCENTAGE_BOOST',								'Amount',								10),
	('POWERED_BROADCAST_CENTER_CULTURE_PERCENTAGE_BOOST',						'YieldType',						'YIELD_CULTURE'),
	('POWERED_BROADCAST_CENTER_CULTURE_PERCENTAGE_BOOST',						'Amount',								5);

-- 美国UB 电影制片厂
update ModifierArguments set Value = 'ERA_ANCIENT' where ModifierId = 'FILMSTUDIO_ENHANCEDLATETOURISM' and Name = 'MinimumEra';
update ModifierArguments set Value = 50 where ModifierId = 'FILMSTUDIO_ENHANCEDLATETOURISM' and Name = 'Modifier';

-- Maintenance and Cost
-- City Center
update Buildings set Maintenance = 0,	Cost = 50	where BuildingType = 'BUILDING_MONUMENT';
update Buildings set Maintenance = 1,	Cost = 60	where BuildingType = 'BUILDING_GRANARY';
update Buildings set Maintenance = 1,	Cost = 60,
	PrereqTech = 'TECH_MINING', RequiresAdjacentRiver = 0	where BuildingType = 'BUILDING_WATER_MILL';
update Buildings set Maintenance = 1,	Cost = 80	where BuildingType = 'BUILDING_PALGUM';
update Buildings set Maintenance = 0,	Cost = 60	where BuildingType = 'BUILDING_WALLS';
update Buildings set Maintenance = 1,	Cost = 180	where BuildingType = 'BUILDING_CASTLE';
update Buildings set Maintenance = 2,	Cost = 300	where BuildingType = 'BUILDING_STAR_FORT';
update Buildings set Maintenance = 2,	Cost = 140	where BuildingType = 'BUILDING_TSIKHE';
update Buildings set Maintenance = 5,	Cost = 200	where BuildingType = 'BUILDING_SEWER';
update Buildings set PrereqTech = 'TECH_INDUSTRIAL_AUTOMATION_HD'	where BuildingType = 'BUILDING_FLOOD_BARRIER';
-- Campus
update Buildings set Maintenance = 1,	Cost = 95	where BuildingType = 'BUILDING_LIBRARY';
update Buildings set Maintenance = 4,	Cost = 275	where BuildingType = 'BUILDING_UNIVERSITY';
update Buildings set Maintenance = 0,	Cost = 420, CitizenSlots = 4, MaxPlayerInstances = 1 where BuildingType = 'BUILDING_MADRASA';
update Buildings set Maintenance = 10,	Cost = 600	where BuildingType = 'BUILDING_RESEARCH_LAB';
-- Commercial Hub
update Buildings set Maintenance = 1,	Cost = 120	where BuildingType = 'BUILDING_MARKET';
update Buildings set Maintenance = 4,	Cost = 250	where BuildingType = 'BUILDING_BANK';
update Buildings set Maintenance = 4,	Cost = 225	where BuildingType = 'BUILDING_GRAND_BAZAAR';
update Buildings set Maintenance = 10,	Cost = 550	where BuildingType = 'BUILDING_STOCK_EXCHANGE';
-- Harbor
update Buildings set Maintenance = 1,	Cost = 120	where BuildingType = 'BUILDING_LIGHTHOUSE';
update Buildings set Maintenance = 4,	Cost = 250	where BuildingType = 'BUILDING_SHIPYARD';
update Buildings set Maintenance = 10,	Cost = 400	where BuildingType = 'BUILDING_SEAPORT';
-- Encampment
update Buildings set Maintenance = 1,	Cost = 90	where BuildingType = 'BUILDING_BARRACKS';
update Buildings set Maintenance = 1,	Cost = 90	where BuildingType = 'BUILDING_STABLE';
update Buildings set Maintenance = 1,	Cost = 90	where BuildingType = 'BUILDING_BASILIKOI_PAIDES';
update Buildings set Maintenance = 1,	Cost = 90	where BuildingType = 'BUILDING_ORDU';
update Buildings set Maintenance = 4,	Cost = 200	where BuildingType = 'BUILDING_ARMORY';
update Buildings set Maintenance = 7,	Cost = 400	where BuildingType = 'BUILDING_MILITARY_ACADEMY';
-- Industrial Zone
update Buildings set Maintenance = 4,	Cost = 200	where BuildingType = 'BUILDING_WORKSHOP';
update Buildings set Maintenance = 7,	Cost = 400	where BuildingType = 'BUILDING_FACTORY';
-- update Buildings set Maintenance = 7,	Cost = 360	where BuildingType = 'BUILDING_ELECTRONICS_FACTORY';
update Buildings set Maintenance = 10,	Cost = 500	where BuildingType = 'BUILDING_COAL_POWER_PLANT';
update Buildings set Maintenance = 10,	Cost = 550	where BuildingType = 'BUILDING_FOSSIL_FUEL_POWER_PLANT';
update Buildings set Maintenance = 10,	Cost = 600	where BuildingType = 'BUILDING_POWER_PLANT';
-- Holy Site
update Buildings set Maintenance = 1,	Cost = 80	where BuildingType = 'BUILDING_SHRINE';
update Buildings set Maintenance = 2,	Cost = 140	where BuildingType = 'BUILDING_TEMPLE';
update Buildings set Maintenance = 2,	Cost = 140	where BuildingType = 'BUILDING_STAVE_CHURCH';
update Buildings set Maintenance = 4,	Cost = 220	where BuildingType = 'BUILDING_CATHEDRAL';
update Buildings set Maintenance = 4,	Cost = 220	where BuildingType = 'BUILDING_GURDWARA';
update Buildings set Maintenance = 4,	Cost = 220	where BuildingType = 'BUILDING_MEETING_HOUSE';
update Buildings set Maintenance = 4,	Cost = 220	where BuildingType = 'BUILDING_MOSQUE';
update Buildings set Maintenance = 4,	Cost = 220	where BuildingType = 'BUILDING_PAGODA';
update Buildings set Maintenance = 4,	Cost = 220	where BuildingType = 'BUILDING_SYNAGOGUE';
update Buildings set Maintenance = 4,	Cost = 220	where BuildingType = 'BUILDING_WAT';
update Buildings set Maintenance = 4,	Cost = 220	where BuildingType = 'BUILDING_STUPA';
update Buildings set Maintenance = 4,	Cost = 220	where BuildingType = 'BUILDING_DAR_E_MEHR';
update Buildings set Maintenance = 2,	Cost = 140	where BuildingType = 'BUILDING_PRASAT';
-- Theater Square
update Buildings set Maintenance = 1,	Cost = 135	where BuildingType = 'BUILDING_AMPHITHEATER';
update Buildings set Maintenance = 1,	Cost = 100	where BuildingType = 'BUILDING_MARAE';
update Buildings set Maintenance = 4,	Cost = 300	where BuildingType = 'BUILDING_MUSEUM_ART';
update Buildings set Maintenance = 4,	Cost = 300  where BuildingType = 'BUILDING_MUSEUM_ARTIFACT';
update Buildings set Maintenance = 10,	Cost = 550	where BuildingType = 'BUILDING_BROADCAST_CENTER';
update Buildings set Maintenance = 10,	Cost = 480	where BuildingType = 'BUILDING_FILM_STUDIO';
-- Entertainment & Water Park
update Buildings set Maintenance = 1,	Cost = 150	where BuildingType = 'BUILDING_ARENA';
update Buildings set Maintenance = 1,	Cost = 120	where BuildingType = 'BUILDING_TLACHTLI';
update Buildings set Maintenance = 4,	Cost = 300	where BuildingType = 'BUILDING_ZOO';
update Buildings set Maintenance = 4,	Cost = 300	where BuildingType = 'BUILDING_THERMAL_BATH';
update Buildings set Maintenance = 10,	Cost = 550	where BuildingType = 'BUILDING_STADIUM';
update Buildings set Maintenance = 1,	Cost = 250	where BuildingType = 'BUILDING_FERRIS_WHEEL';
update Buildings set Maintenance = 4,	Cost = 300, PrereqTech = 'TECH_OCEANOGRAPHY_HD', PrereqCivic = NULL	where BuildingType = 'BUILDING_AQUARIUM';
update Buildings set Maintenance = 10,	Cost = 550	where BuildingType = 'BUILDING_AQUATICS_CENTER';
-- Airport
update Buildings set Maintenance = 8,	Cost = 360	where BuildingType = 'BUILDING_HANGAR';
update Buildings set Maintenance = 12,	Cost = 480	where BuildingType = 'BUILDING_AIRPORT';
-- Dam
update Buildings set Maintenance = 6,	Cost = 360	where BuildingType = 'BUILDING_HYDROELECTRIC_DAM';
-- Diplomatic Quater
update Buildings set Maintenance = 1,	Cost = 150	where BuildingType = 'BUILDING_CONSULATE';
update Buildings set Maintenance = 4,	Cost = 300	where BuildingType = 'BUILDING_CHANCERY';
-- Neighborhood
update Buildings set Maintenance = 7,	Cost = 400, MaxPlayerInstances = 1, RegionalRange = 6 where BuildingType = 'BUILDING_FOOD_MARKET';
update Buildings set Maintenance = 7,	Cost = 400, MaxPlayerInstances = 1, RegionalRange = 6 where BuildingType = 'BUILDING_SHOPPING_MALL';
-- Government Plaza
update Buildings set Maintenance = 1,	Cost = 150	where BuildingType = 'BUILDING_GOV_TALL';
update Buildings set Maintenance = 1,	Cost = 150	where BuildingType = 'BUILDING_GOV_WIDE';
update Buildings set Maintenance = 1,	Cost = 150	where BuildingType = 'BUILDING_GOV_CONQUEST';
update Buildings set Maintenance = 4,	Cost = 300	where BuildingType = 'BUILDING_GOV_CITYSTATES';
update Buildings set Maintenance = 4,	Cost = 300	where BuildingType = 'BUILDING_GOV_SPIES';
update Buildings set Maintenance = 4,	Cost = 300	where BuildingType = 'BUILDING_GOV_FAITH';
update Buildings set Maintenance = 4,	Cost = 300	where BuildingType = 'BUILDING_QUEENS_BIBLIOTHEQUE';
update Buildings set Maintenance = 7,	Cost = 600	where BuildingType = 'BUILDING_GOV_MILITARY';
update Buildings set Maintenance = 7,	Cost = 600	where BuildingType = 'BUILDING_GOV_CULTURE';
update Buildings set Maintenance = 7,	Cost = 600	where BuildingType = 'BUILDING_GOV_SCIENCE';

-- BuildingModifiers
update Modifiers set SubjectRequirementSetId = NULL where ModifierId = 'LIGHTHOUSE_TRADE_ROUTE_CAPACITY';

delete from BuildingModifiers where BuildingType = 'BUILDING_GOV_TALL' and ModifierId = 'GOV_TALL_LOYALTY_DEBUFF';
delete from BuildingModifiers where BuildingType = 'BUILDING_GOV_TALL' and ModifierId = 'GOV_TALL_AMENITY_BUFF';
-- update Modifiers set SubjectRequirementSetId = NULL where ModifierId = 'GOV_TALL_AMENITY_BUFF';
-- update Modifiers set ModifierType = 'MODIFIER_PLAYER_CITIES_ADJUST_TRAIT_AMENITY' where ModifierId = 'GOV_TALL_AMENITY_BUFF';
-- update ModifierArguments set Value = 1 where ModifierId = 'GOV_TALL_AMENITY_BUFF';
update Modifiers set SubjectRequirementSetId = NULL where ModifierId = 'GOV_TALL_HOUSING_BUFF';

delete from BuildingModifiers where BuildingType = 'BUILDING_LIGHTHOUSE' and ModifierId = 'LIGHTHOUSE_COASTAL_CITY_HOUSING';
delete from BuildingModifiers where BuildingType = 'BUILDING_AIRPORT' and ModifierId = 'AIRPORT_BONUS_AIR_SLOTS';
update ModifierArguments set Value = 2 where ModifierId = 'HANGAR_BONUS_AIR_SLOTS' and Name = 'Amount';
delete from BuildingModifiers where ModifierId like '%_ADJUST_RESOURCE_STOCKPILE_CAP';
delete from BuildingModifiers where BuildingType = 'BUILDING_SHOPPING_MALL' and ModifierId = 'SHOPPING_MALL_TOURISM';
delete from BuildingModifiers where BuildingType = 'BUILDING_WATER_MILL';

insert or replace into Unit_BuildingPrereqs
    (Unit,                  PrereqBuilding)
values
	('UNIT_APOSTLE',        'BUILDING_HD_ALCHEMY_ROOM'),
	('UNIT_GURU',           'BUILDING_HD_ALCHEMY_ROOM'),
	('UNIT_INQUISITOR',     'BUILDING_HD_ALCHEMY_ROOM'),
	('UNIT_WARRIOR_MONK',   'BUILDING_HD_ALCHEMY_ROOM');

insert or replace into BuildingModifiers
	(BuildingType,					ModifierId)
values
	-- City Center
	('BUILDING_GRANARY',			'GRANARY_BONUS_LUMBER_MILL_FOOD'),
	('BUILDING_GRANARY',			'GRANARY_BONUS_PASTURE_FOOD'),
	('BUILDING_GRANARY',			'GRANARY_BONUS_CAMP_FOOD'),
	('BUILDING_GRANARY',			'GRANARY_BONUS_FISHING_BOAT_FOOD'),
	('BUILDING_GRANARY',			'GRANARY_BONUS_LUMBER_MILL_FOOD_LATE'),
	('BUILDING_GRANARY',			'GRANARY_BONUS_PASTURE_FOOD_LATE'),
	('BUILDING_GRANARY',			'GRANARY_BONUS_CAMP_FOOD_LATE'),
	('BUILDING_GRANARY',			'GRANARY_BONUS_FISHING_BOAT_FOOD_LATE'),
	('BUILDING_WATER_MILL',		'WATER_MILL_BONUS_FARM_PRODUCTION'),
	('BUILDING_WATER_MILL',		'WATER_MILL_BONUS_MINE_PRODUCTION'),
	('BUILDING_WATER_MILL',		'WATER_MILL_BONUS_QUARRY_PRODUCTION'),
	('BUILDING_WATER_MILL',		'WATER_MILL_BONUS_PLANTATION_PRODUCTION'),
	('BUILDING_WATER_MILL',		'WATER_MILL_BONUS_FARM_PRODUCTION_LATE'),
	('BUILDING_WATER_MILL',		'WATER_MILL_BONUS_MINE_PRODUCTION_LATE'),
	('BUILDING_WATER_MILL',		'WATER_MILL_BONUS_QUARRY_PRODUCTION_LATE'),
	('BUILDING_WATER_MILL',		'WATER_MILL_BONUS_PLANTATION_PRODUCTION_LATE'),
	-- Holy Site
	('BUILDING_SHRINE',				'SHRINE_BUILDER_PURCHASE'),
	('BUILDING_TEMPLE',				'TEMPLE_SETTLER_PURCHASE'),
	('BUILDING_STAVE_CHURCH',		'TEMPLE_SETTLER_PURCHASE'),
	('BUILDING_HD_ALCHEMY_ROOM',		'TEMPLE_SETTLER_PURCHASE'),
	('BUILDING_HD_ALCHEMY_ROOM',		'HD_ALCHEMY_ROOM_POP_SCIENCE'),
	-- Campus
	('BUILDING_LIBRARY',			'LIBRARY_POP_SCIENCE_MODIFIER'),
	-- Industrial Zone
	('BUILDING_WORKSHOP',           'WORKSHOP_IMPROVEMENT_PRODUCTION'),
	-- ('BUILDING_FACTORY',			'FACTORY_POP_PRODUCTION_MODIFIER'),
	-- ('BUILDING_ELECTRONICS_FACTORY','FACTORY_POP_PRODUCTION_MODIFIER'),
	-- ('BUILDING_FACTORY',			'FACTORY_ADD_RESOURCE_PRODUCTION'),
	-- ('BUILDING_ELECTRONICS_FACTORY','FACTORY_ADD_RESOURCE_PRODUCTION'),
	-- Harbor
	-- ('BUILDING_LIGHTHOUSE',			'LIGHTHOUSE_ADD_FISHERY_GOLD'),
	('BUILDING_SHIPYARD',			'SHIPYARD_NAVAL_UNIT_PRODUCTION'),
	('BUILDING_SEAPORT',			'SEAPORT_EXTRA_GREAT_ADMIRAL_POINTS'),
	('BUILDING_SEAPORT',			'SEAPORT_TRAINED_STRENGTH_MODIFIER'),
	-- Encampment
	('BUILDING_BARRACKS',			'BARRACKS_ADD_IRON_PRODUCTION'),
	('BUILDING_BARRACKS',			'BARRACKS_TRAINED_STRENGTH_MODIFIER'),
	('BUILDING_STABLE',				'STABLE_ADD_HORSES_PRODUCTION'),
	('BUILDING_STABLE',				'STABLE_TRAINED_STRENGTH_MODIFIER'),
	('BUILDING_ORDU',				'STABLE_ADD_HORSES_PRODUCTION'),
	('BUILDING_ORDU',				'ORDU_TRAINED_STRENGTH_MODIFIER'),
	('BUILDING_ARMORY',				'ARMORY_ADD_RESOURCE_PRODUCTION'),
	('BUILDING_ARMORY',				'CITY_DEFENDER_FREE_PROMOTIONS'),
	('BUILDING_ARMORY',				'HD_ARMORY_ADJUST_RESOURCE_STOCKPILE_CAP'),
	('BUILDING_MILITARY_ACADEMY',	'MILITARY_ACADEMY_ADD_RESOURCE_PRODUCTION'),
	('BUILDING_MILITARY_ACADEMY',	'MILITARY_ACADEMY_EXTRA_GREAT_GENERAL_POINTS'),
	('BUILDING_MILITARY_ACADEMY',	'MILITARY_ACADEMY_TRAINED_STRENGTH_MODIFIER'),
	-- Aerodrome
	('BUILDING_HANGAR',				'HANGAR_AIR_UNIT_PRODUCTION'),
	-- Dam
	('BUILDING_HYDROELECTRIC_DAM',	'HYDROELECTRIC_DAM_ADD_RIVER_PRODUCTION');

insert or replace into Modifiers
	(ModifierId,											ModifierType)
values
	('SHRINE_BUILDER_PURCHASE',								'MODIFIER_CITY_ENABLE_UNIT_FAITH_PURCHASE'),
	('TEMPLE_SETTLER_PURCHASE',								'MODIFIER_CITY_ENABLE_UNIT_FAITH_PURCHASE'),
	('HD_ALCHEMY_ROOM_POP_SCIENCE',								'MODIFIER_SINGLE_CITY_ADJUST_CITY_YIELD_PER_POPULATION'),
	('FACTORY_POP_PRODUCTION_MODIFIER',						'MODIFIER_SINGLE_CITY_ADJUST_CITY_YIELD_PER_POPULATION'),
	('SEAPORT_EXTRA_GREAT_ADMIRAL_POINTS',					'MODIFIER_PLAYER_ADJUST_GREAT_PERSON_POINTS_PERCENT'),
	('MILITARY_ACADEMY_EXTRA_GREAT_GENERAL_POINTS',			'MODIFIER_PLAYER_ADJUST_GREAT_PERSON_POINTS_PERCENT'),
	('HD_ARMORY_ADJUST_RESOURCE_STOCKPILE_CAP',				'MODIFIER_PLAYER_ADJUST_RESOURCE_STOCKPILE_CAP'),
	('HANGAR_AIR_UNIT_PRODUCTION',							'MODIFIER_CITY_ADJUST_UNIT_DOMAIN_PRODUCTION'),
	('SHIPYARD_NAVAL_UNIT_PRODUCTION',						'MODIFIER_CITY_ADJUST_UNIT_DOMAIN_PRODUCTION');

insert or replace into Modifiers
	(ModifierId,									ModifierType,													SubjectRequirementSetId)
values
	('GRANARY_BONUS_LUMBER_MILL_FOOD',				'MODIFIER_CITY_PLOT_YIELDS_ADJUST_PLOT_YIELD',					'HD_PLOT_HAS_LUMBER_MILL_OVER_BONUS_RESOURCES'),
	('GRANARY_BONUS_PASTURE_FOOD',					'MODIFIER_CITY_PLOT_YIELDS_ADJUST_PLOT_YIELD',					'HD_PLOT_HAS_PASTURE_OVER_BONUS_RESOURCES'),
	('GRANARY_BONUS_CAMP_FOOD',							'MODIFIER_CITY_PLOT_YIELDS_ADJUST_PLOT_YIELD',					'HD_PLOT_HAS_CAMP_OVER_BONUS_RESOURCES'),
	('GRANARY_BONUS_FISHING_BOAT_FOOD',			'MODIFIER_CITY_PLOT_YIELDS_ADJUST_PLOT_YIELD',					'HD_PLOT_HAS_FISHING_BOATS_OVER_BONUS_RESOURCES'),
	('GRANARY_BONUS_LUMBER_MILL_FOOD_LATE',				'MODIFIER_CITY_PLOT_YIELDS_ADJUST_PLOT_YIELD',					'HD_PLOT_HAS_LUMBER_MILL_OVER_BONUS_RESOURCES'),
	('GRANARY_BONUS_PASTURE_FOOD_LATE',					'MODIFIER_CITY_PLOT_YIELDS_ADJUST_PLOT_YIELD',					'HD_PLOT_HAS_PASTURE_OVER_BONUS_RESOURCES'),
	('GRANARY_BONUS_CAMP_FOOD_LATE',							'MODIFIER_CITY_PLOT_YIELDS_ADJUST_PLOT_YIELD',					'HD_PLOT_HAS_CAMP_OVER_BONUS_RESOURCES'),
	('GRANARY_BONUS_FISHING_BOAT_FOOD_LATE',			'MODIFIER_CITY_PLOT_YIELDS_ADJUST_PLOT_YIELD',					'HD_PLOT_HAS_FISHING_BOATS_OVER_BONUS_RESOURCES'),
	('WATER_MILL_BONUS_FARM_PRODUCTION',					'MODIFIER_CITY_PLOT_YIELDS_ADJUST_PLOT_YIELD',					'HD_PLOT_HAS_FARM_OVER_BONUS_RESOURCES'),
	('WATER_MILL_BONUS_MINE_PRODUCTION',					'MODIFIER_CITY_PLOT_YIELDS_ADJUST_PLOT_YIELD',					'HD_PLOT_HAS_MINE_OVER_BONUS_RESOURCES'),
	('WATER_MILL_BONUS_QUARRY_PRODUCTION',				'MODIFIER_CITY_PLOT_YIELDS_ADJUST_PLOT_YIELD',					'HD_PLOT_HAS_QUARRY_OVER_BONUS_RESOURCES'),
	('WATER_MILL_BONUS_PLANTATION_PRODUCTION',		'MODIFIER_CITY_PLOT_YIELDS_ADJUST_PLOT_YIELD',					'HD_PLOT_HAS_PLANTATION_OVER_BONUS_RESOURCES'),
	('WATER_MILL_BONUS_FARM_PRODUCTION_LATE',					'MODIFIER_CITY_PLOT_YIELDS_ADJUST_PLOT_YIELD',					'HD_PLOT_HAS_FARM_OVER_BONUS_RESOURCES'),
	('WATER_MILL_BONUS_MINE_PRODUCTION_LATE',					'MODIFIER_CITY_PLOT_YIELDS_ADJUST_PLOT_YIELD',					'HD_PLOT_HAS_MINE_OVER_BONUS_RESOURCES'),
	('WATER_MILL_BONUS_QUARRY_PRODUCTION_LATE',				'MODIFIER_CITY_PLOT_YIELDS_ADJUST_PLOT_YIELD',					'HD_PLOT_HAS_QUARRY_OVER_BONUS_RESOURCES'),
	('WATER_MILL_BONUS_PLANTATION_PRODUCTION_LATE',		'MODIFIER_CITY_PLOT_YIELDS_ADJUST_PLOT_YIELD',					'HD_PLOT_HAS_PLANTATION_OVER_BONUS_RESOURCES'),
	('BARRACKS_ADD_IRON_PRODUCTION',				'MODIFIER_CITY_PLOT_YIELDS_ADJUST_PLOT_YIELD',					'HAS_IMPROVED_IRON'),
	('STABLE_ADD_HORSES_PRODUCTION',				'MODIFIER_CITY_PLOT_YIELDS_ADJUST_PLOT_YIELD',					'HAS_IMPROVED_HORSES'),
	('ARMORY_ADD_RESOURCE_PRODUCTION',				'MODIFIER_CITY_PLOT_YIELDS_ADJUST_PLOT_YIELD',					'HAS_ARMORY_RESOURCE'),
	('FACTORY_ADD_RESOURCE_PRODUCTION',				'MODIFIER_CITY_PLOT_YIELDS_ADJUST_PLOT_YIELD',					'HAS_FACTORY_RESOURCE'),
	('MILITARY_ACADEMY_ADD_RESOURCE_PRODUCTION',	'MODIFIER_CITY_PLOT_YIELDS_ADJUST_PLOT_YIELD',					'HAS_MILITARY_ACADEMY_RESOURCE'),
	('WORKSHOP_IMPROVEMENT_PRODUCTION',          	'MODIFIER_CITY_PLOT_YIELDS_ADJUST_PLOT_YIELD',          		'PLOT_IS_IMPROVED'),
	('HYDROELECTRIC_DAM_ADD_RIVER_PRODUCTION',		'MODIFIER_CITY_PLOT_YIELDS_ADJUST_PLOT_YIELD',					'PLOT_ADJACENT_TO_RIVER_REQUIREMENTS'),
	('LIBRARY_POP_SCIENCE_MODIFIER',				'MODIFIER_SINGLE_CITY_ADJUST_CITY_YIELD_PER_POPULATION',		'PLAYER_HAS_PAPER_MAKING_REQUIREMENTS');

update Modifiers set OwnerRequirementSetId = 'PLAYER_HAS_TECH_MATHEMATICS_REQUIREMENTS' where ModifierId in (
	'GRANARY_BONUS_LUMBER_MILL_FOOD_LATE',
	'GRANARY_BONUS_PASTURE_FOOD_LATE',
	'GRANARY_BONUS_CAMP_FOOD_LATE',
	'GRANARY_BONUS_FISHING_BOAT_FOOD_LATE'
);
update Modifiers set OwnerRequirementSetId = 'PLAYER_HAS_TECH_ENGINEERING_REQUIREMENTS' where ModifierId in (
	'WATER_MILL_BONUS_FARM_PRODUCTION_LATE',
	'WATER_MILL_BONUS_MINE_PRODUCTION_LATE',
	'WATER_MILL_BONUS_QUARRY_PRODUCTION_LATE',
	'WATER_MILL_BONUS_PLANTATION_PRODUCTION_LATE'
);

insert or replace into Modifiers
	(ModifierId,									ModifierType,												Permanent)
values
	('BARRACKS_TRAINED_STRENGTH_MODIFIER',			'MODIFIER_SINGLE_CITY_GRANT_ABILITY_FOR_TRAINED_UNITS',		1),
	('BASILIKOI_TRAINED_STRENGTH_MODIFIER', 		'MODIFIER_SINGLE_CITY_GRANT_ABILITY_FOR_TRAINED_UNITS',		1),
	('STABLE_TRAINED_STRENGTH_MODIFIER',			'MODIFIER_SINGLE_CITY_GRANT_ABILITY_FOR_TRAINED_UNITS',		1),
	('SEAPORT_TRAINED_STRENGTH_MODIFIER',			'MODIFIER_SINGLE_CITY_GRANT_ABILITY_FOR_TRAINED_UNITS',		1),
	('MILITARY_ACADEMY_TRAINED_STRENGTH_MODIFIER',	'MODIFIER_SINGLE_CITY_GRANT_ABILITY_FOR_TRAINED_UNITS',		1),
	('ORDU_TRAINED_STRENGTH_MODIFIER',				'MODIFIER_SINGLE_CITY_GRANT_ABILITY_FOR_TRAINED_UNITS',		1);

insert or replace into ModifierArguments
	(ModifierId,									Name,						Value)
values
	('SHRINE_BUILDER_PURCHASE',						'Tag',						'CLASS_BUILDER'),
	('TEMPLE_SETTLER_PURCHASE',						'Tag',						'CLASS_SETTLER'),
	('HD_ALCHEMY_ROOM_POP_SCIENCE',					'YieldType',				'YIELD_SCIENCE'),
	('HD_ALCHEMY_ROOM_POP_SCIENCE',					'Amount',					0.3),
	('LIBRARY_POP_SCIENCE_MODIFIER',				'YieldType',				'YIELD_SCIENCE'),
	('LIBRARY_POP_SCIENCE_MODIFIER',				'Amount',					'0.3'),
	('FACTORY_POP_PRODUCTION_MODIFIER',				'YieldType',				'YIELD_PRODUCTION'),
	('FACTORY_POP_PRODUCTION_MODIFIER',				'Amount',					'0.5'),
	('SEAPORT_EXTRA_GREAT_ADMIRAL_POINTS',			'GreatPersonClassType',		'GREAT_PERSON_CLASS_ADMIRAL'),
	('SEAPORT_EXTRA_GREAT_ADMIRAL_POINTS',			'Amount',					10),
	('MILITARY_ACADEMY_EXTRA_GREAT_GENERAL_POINTS',	'GreatPersonClassType',		'GREAT_PERSON_CLASS_GENERAL'),
	('MILITARY_ACADEMY_EXTRA_GREAT_GENERAL_POINTS',	'Amount',					10),
	('HD_ARMORY_ADJUST_RESOURCE_STOCKPILE_CAP',		'Amount',					30),
	('HANGAR_AIR_UNIT_PRODUCTION',					'Domain',					'DOMAIN_AIR'),
	('HANGAR_AIR_UNIT_PRODUCTION',					'Amount',					50),
	('SHIPYARD_NAVAL_UNIT_PRODUCTION',				'Domain',					'DOMAIN_SEA'),
	('SHIPYARD_NAVAL_UNIT_PRODUCTION',				'Amount',					25),
	('GRANARY_BONUS_LUMBER_MILL_FOOD',				'YieldType',				'YIELD_FOOD'),
	('GRANARY_BONUS_LUMBER_MILL_FOOD',				'Amount',					1),
	('GRANARY_BONUS_PASTURE_FOOD',						'YieldType',				'YIELD_FOOD'),
	('GRANARY_BONUS_PASTURE_FOOD',						'Amount',					1),
	('GRANARY_BONUS_CAMP_FOOD',								'YieldType',				'YIELD_FOOD'),
	('GRANARY_BONUS_CAMP_FOOD',								'Amount',					1),
	('GRANARY_BONUS_FISHING_BOAT_FOOD',						'YieldType',				'YIELD_FOOD'),
	('GRANARY_BONUS_FISHING_BOAT_FOOD',						'Amount',					1),
	('GRANARY_BONUS_LUMBER_MILL_FOOD_LATE',				'YieldType',				'YIELD_FOOD'),
	('GRANARY_BONUS_LUMBER_MILL_FOOD_LATE',				'Amount',					1),
	('GRANARY_BONUS_PASTURE_FOOD_LATE',						'YieldType',				'YIELD_FOOD'),
	('GRANARY_BONUS_PASTURE_FOOD_LATE',						'Amount',					1),
	('GRANARY_BONUS_CAMP_FOOD_LATE',								'YieldType',				'YIELD_FOOD'),
	('GRANARY_BONUS_CAMP_FOOD_LATE',								'Amount',					1),
	('GRANARY_BONUS_FISHING_BOAT_FOOD_LATE',						'YieldType',				'YIELD_FOOD'),
	('GRANARY_BONUS_FISHING_BOAT_FOOD_LATE',						'Amount',					1),
	('WATER_MILL_BONUS_FARM_PRODUCTION',				'YieldType',				'YIELD_PRODUCTION'),
	('WATER_MILL_BONUS_FARM_PRODUCTION',				'Amount',					1),
	('WATER_MILL_BONUS_MINE_PRODUCTION',						'YieldType',				'YIELD_PRODUCTION'),
	('WATER_MILL_BONUS_MINE_PRODUCTION',						'Amount',					1),
	('WATER_MILL_BONUS_QUARRY_PRODUCTION',								'YieldType',				'YIELD_PRODUCTION'),
	('WATER_MILL_BONUS_QUARRY_PRODUCTION',								'Amount',					1),
	('WATER_MILL_BONUS_PLANTATION_PRODUCTION',						'YieldType',				'YIELD_PRODUCTION'),
	('WATER_MILL_BONUS_PLANTATION_PRODUCTION',						'Amount',					1),
	('WATER_MILL_BONUS_FARM_PRODUCTION_LATE',				'YieldType',				'YIELD_PRODUCTION'),
	('WATER_MILL_BONUS_FARM_PRODUCTION_LATE',				'Amount',					1),
	('WATER_MILL_BONUS_MINE_PRODUCTION_LATE',						'YieldType',				'YIELD_PRODUCTION'),
	('WATER_MILL_BONUS_MINE_PRODUCTION_LATE',						'Amount',					1),
	('WATER_MILL_BONUS_QUARRY_PRODUCTION_LATE',								'YieldType',				'YIELD_PRODUCTION'),
	('WATER_MILL_BONUS_QUARRY_PRODUCTION_LATE',								'Amount',					1),
	('WATER_MILL_BONUS_PLANTATION_PRODUCTION_LATE',						'YieldType',				'YIELD_PRODUCTION'),
	('WATER_MILL_BONUS_PLANTATION_PRODUCTION_LATE',						'Amount',					1),
	('BARRACKS_ADD_IRON_PRODUCTION',				'YieldType',				'YIELD_PRODUCTION'),
	('BARRACKS_ADD_IRON_PRODUCTION',				'Amount',					2),
	('STABLE_ADD_HORSES_PRODUCTION',				'YieldType',				'YIELD_PRODUCTION'),
	('STABLE_ADD_HORSES_PRODUCTION',				'Amount',					2),
	('ARMORY_ADD_RESOURCE_PRODUCTION',				'YieldType',				'YIELD_PRODUCTION'),
	('ARMORY_ADD_RESOURCE_PRODUCTION',				'Amount', 					1),
	('FACTORY_ADD_RESOURCE_PRODUCTION',				'YieldType',				'YIELD_PRODUCTION'),
	('FACTORY_ADD_RESOURCE_PRODUCTION',				'Amount', 					1),
	('MILITARY_ACADEMY_ADD_RESOURCE_PRODUCTION',	'YieldType',				'YIELD_PRODUCTION'),
	('MILITARY_ACADEMY_ADD_RESOURCE_PRODUCTION',	'Amount',					1),
	('HYDROELECTRIC_DAM_ADD_RIVER_PRODUCTION',		'YieldType',				'YIELD_PRODUCTION'),
	('HYDROELECTRIC_DAM_ADD_RIVER_PRODUCTION',		'Amount',					1),
    ('WORKSHOP_IMPROVEMENT_PRODUCTION',      		'YieldType',    			'YIELD_PRODUCTION'),
    ('WORKSHOP_IMPROVEMENT_PRODUCTION',         	'Amount',       			1),
	('BARRACKS_TRAINED_STRENGTH_MODIFIER',			'AbilityType',				'ABILITY_BARRACKS_TRAINED_UNIT_STRENGTH'),
	('BASILIKOI_TRAINED_STRENGTH_MODIFIER',			'AbilityType',				'ABILITY_BASILIKOI_TRAINED_UNIT_STRENGTH'),
	('STABLE_TRAINED_STRENGTH_MODIFIER',			'AbilityType',				'ABILITY_STABLE_TRAINED_UNIT_STRENGTH'),
	('MILITARY_ACADEMY_TRAINED_STRENGTH_MODIFIER',	'AbilityType',				'ABILITY_MILITARY_ACADEMY_TRAINED_UNIT_STRENGTH'),
	('SEAPORT_TRAINED_STRENGTH_MODIFIER',			'AbilityType',				'ABILITY_SEAPORT_TRAINED_UNIT_STRENGTH'),
	('ORDU_TRAINED_STRENGTH_MODIFIER',				'AbilityType',				'ABILITY_ORDU_TRAINED_UNIT_STRENGTH');

---University buff adjacent rainforest and gain science from rainforest
insert or replace into BuildingModifiers
	(BuildingType,					ModifierId)
values
	('BUILDING_UNIVERSITY',			'UNIVERSITY_ADD_POPULATION_SCIENCE');

insert or ignore into Modifiers
	(ModifierId,									ModifierType,												SubjectRequirementSetId)
values
	('UNIVERSITY_ADD_POPULATION_SCIENCE',			'MODIFIER_SINGLE_CITY_ADJUST_CITY_YIELD_PER_POPULATION',	NULL);

insert or ignore into ModifierArguments
	(ModifierId,										Name,				Value)
values
	('UNIVERSITY_ADD_POPULATION_SCIENCE',				'YieldType',		'YIELD_SCIENCE'),
	('UNIVERSITY_ADD_POPULATION_SCIENCE',				'Amount',			0.5);

--政体建筑改动
--一级政体建筑
--谒见厅住房
update ModifierArguments set Value = 2 where ModifierId = 'GOV_TALL_HOUSING_BUFF';
--军阀宝座下城加产
update ModifierArguments set Value = 15 where ModifierId = 'GOV_PRODUCTION_BOOST_FROM_CAPTURE' and Name = 'Amount';

insert or replace into BuildingModifiers
	(BuildingType,					ModifierId)
values
--谒见厅余粮
--	('BUILDING_GOV_TALL',			'GOV_TALL_GROWTH_RATE'),
--谒见厅奇观、建筑加速
	('BUILDING_GOV_TALL',			'GOV_TALL_BUILDING_PRODUCTION'),
	('BUILDING_GOV_TALL',			'GOV_TALL_WONDER_PRODUCTION'),
--谒见厅区域加速
	('BUILDING_GOV_TALL',			'GOV_TALL_DISTRICT_PRODUCTION'),
--谒见厅区域使者
--	('BUILDING_GOV_TALL',			'GOV_TALL_DISTRICT_ENVOY'),
--谒见厅额外区域
	('BUILDING_GOV_TALL',			'GOV_TALL_EXTRA_DISTRICT'),
--军阀宝座劫掠加成
	('BUILDING_GOV_CONQUEST',		'GOV_CONQUEST_DOUBLEPILLAGEDISTRICT'),
	('BUILDING_GOV_CONQUEST',		'GOV_CONQUEST_DOUBLEPILLAGEIMPROVE'),
--军阀宝座锤军事单位加速
	('BUILDING_GOV_CONQUEST',	    'GOV_CONQUEST_MILITARY_UNIT_PRODUCTION');

insert or replace into Modifiers
	(ModifierId,								ModifierType,														SubjectRequirementSetId)
values
--谒见厅余粮
	('GOV_TALL_GROWTH_RATE',					'MODIFIER_PLAYER_CITIES_ADJUST_CITY_GROWTH',						NULL),
--谒见厅奇观、建筑加速
	('GOV_TALL_BUILDING_PRODUCTION',			'MODIFIER_SINGLE_CITY_ADJUST_ALLBUILDING_PRODUCTION_MODIFIER',		NULL),
	('GOV_TALL_WONDER_PRODUCTION',				'MODIFIER_SINGLE_CITY_ADJUST_WONDER_PRODUCTION',					NULL),
--谒见厅区域加速
	('GOV_TALL_DISTRICT_PRODUCTION',			'MODIFIER_CITY_INCREASE_DISTRICT_PRODUCTION_RATE',					NULL),
--谒见厅区域使者
	('GOV_TALL_DISTRICT_ENVOY',					'MODIFIER_CITY_DISTRICTS_ATTACH_MODIFIER',							'DISTRICT_IS_SPECIALTY_DISTRICT_REQUIREMENTS'),
	('GOV_TALL_DISTRICT_ENVOY_MODIFIER',		'MODIFIER_PLAYER_GRANT_INFLUENCE_TOKEN',							NULL),
--谒见厅额外区域
	('GOV_TALL_EXTRA_DISTRICT',					'MODIFIER_PLAYER_CITIES_EXTRA_DISTRICT',							'CITY_HAS_BUILDING_GOV_TALL_REQUIREMENTS'),
--军阀宝座劫掠加成
	('GOV_CONQUEST_DOUBLEPILLAGEDISTRICT',		'MODIFIER_PLAYER_ADJUST_DISTRICT_PILLAGE',							NULL),
	('GOV_CONQUEST_DOUBLEPILLAGEIMPROVE',		'MODIFIER_PLAYER_ADJUST_IMPROVEMENT_PILLAGE',						NULL),
--军阀宝座锤军事单位加速
	('GOV_CONQUEST_MILITARY_UNIT_PRODUCTION',	'MODIFIER_SINGLE_CITY_ADJUST_MILITARY_UNITS_PRODUCTION',			NULL);

insert or replace into ModifierArguments
	(ModifierId,								Name,			Value)
values
--谒见厅余粮
	('GOV_TALL_GROWTH_RATE',					'Amount',		15),
--谒见厅奇观、建筑加速
	('GOV_TALL_BUILDING_PRODUCTION',			'Amount',		20),
	('GOV_TALL_BUILDING_PRODUCTION',			'IsWonder',		0),
	('GOV_TALL_WONDER_PRODUCTION',				'Amount',		20),
--谒见厅区域加速
	('GOV_TALL_DISTRICT_PRODUCTION',			'Amount',		20),
--谒见厅区域使者
	('GOV_TALL_DISTRICT_ENVOY',					'ModifierId',	'GOV_TALL_DISTRICT_ENVOY_MODIFIER'),
	('GOV_TALL_DISTRICT_ENVOY_MODIFIER',		'Amount',		1),
--谒见厅额外区域
	('GOV_TALL_EXTRA_DISTRICT',					'Amount',		1),
--军阀宝座劫掠加成
	('GOV_CONQUEST_DOUBLEPILLAGEDISTRICT',		'Amount',		100),
	('GOV_CONQUEST_DOUBLEPILLAGEIMPROVE',		'Amount',		100),
--军阀宝座锤军事单位加速
	('GOV_CONQUEST_MILITARY_UNIT_PRODUCTION',	'Amount',		20);
	-- ('GOV_CONQUEST_NAVAL_UNIT_PRODUCTION',	'Domain',		'DOMAIN_SEA'),
	-- ('GOV_CONQUEST_NAVAL_UNIT_PRODUCTION',	'Amount',		30),
	-- ('GOV_CONQUEST_GDR_PRODUCTION',				'UnitType',		'UNIT_GIANT_DEATH_ROBOT'),
	-- ('GOV_CONQUEST_GDR_PRODUCTION',				'Amount',		30);

--二级政体建筑
--删除原效果
delete from BuildingModifiers where BuildingType = 'BUILDING_GOV_CITYSTATES';
delete from BuildingModifiers where BuildingType = 'BUILDING_GOV_FAITH';
delete from Building_YieldChanges where BuildingType = 'BUILDING_GOV_FAITH';
delete from BuildingModifiers where BuildingType = 'BUILDING_GOV_SPIES';
update Buildings set Description = 'LOC_' || BuildingType || '_HD_DESCRIPTION' where BuildingType in (
	'BUILDING_GOV_SPIES', 'BUILDING_GOV_CITYSTATES', 'BUILDING_GOV_FAITH'
);

--新增效果
insert or replace into BuildingModifiers
	(BuildingType,							ModifierId)
values
	--中书省 BUILDING_GOV_SPIES
	('BUILDING_GOV_SPIES',							'GOV_CITYSTATES_CITY_YIELD'),
	('BUILDING_GOV_SPIES',							'GOV_CITYSTATES_CITY_YIELD_G'),
	-- 贸易本埠 BUILDING_GOV_CITYSTATES
	('BUILDING_GOV_CITYSTATES',  				'GOV_SPIES_TRADE_ROUTE_CAPACITY'),
	('BUILDING_GOV_CITYSTATES',  				'GOV_SPIES_TRADER'),
	('BUILDING_GOV_CITYSTATES',  				'GOV_SPIES_TRADE_ROUTE_YIELD'),
	('BUILDING_GOV_CITYSTATES',  				'GOV_SPIES_TRADER_DISCOUNT'),
	('BUILDING_GOV_CITYSTATES',  				'GOV_SPIES_IMMEDIATE_TRADING_POST'),
	('BUILDING_GOV_CITYSTATES',  				'GOV_SPIES_GOVERNOR_GOLD_MODIFIER'),
	-- 主教座堂
	('BUILDING_GOV_FAITH',							'GOV_FAITH_INTO_SCIENCE'),
	('BUILDING_GOV_FAITH',							'GOV_FAITH_INTO_CULTURE'),
	('BUILDING_GOV_FAITH',							'GOV_FAITH_MISSIONARY_DISCOUNT'),
	('BUILDING_GOV_FAITH',							'GOV_FAITH_APOSTLE_DISCOUNT'),
	('BUILDING_GOV_FAITH',							'GOV_FAITH_INQUISITOR_DISCOUNT'),
	('BUILDING_GOV_FAITH',							'GOV_FAITH_MODIFIER'),
	('BUILDING_GOV_FAITH',							'GOV_FAITH_COMBAT_BUFF');

insert or replace into Modifiers
	(ModifierId,							ModifierType,															SubjectRequirementSetId)
values
	('GOV_CITYSTATES_CITY_YIELD',														'MODIFIER_PLAYER_CITIES_ADJUST_CITY_YIELD_MODIFIER',										NULL),
	('GOV_CITYSTATES_CITY_YIELD_G',													'MODIFIER_PLAYER_CITIES_ADJUST_CITY_YIELD_MODIFIER',										'CITY_HAS_GOVERNOR_REQUIREMENTS'),
	('GOV_FAITH_INTO_SCIENCE',															'MODIFIER_PLAYER_CITIES_ADJUST_YIELD_MODIFIER_FROM_FAITH',							NULL),
	('GOV_FAITH_INTO_CULTURE',															'MODIFIER_PLAYER_CITIES_ADJUST_YIELD_MODIFIER_FROM_FAITH',							NULL),
	('GOV_FAITH_MISSIONARY_DISCOUNT',												'MODIFIER_PLAYER_CITIES_ADJUST_UNIT_PURCHASE_COST',											NULL),
	('GOV_FAITH_APOSTLE_DISCOUNT',													'MODIFIER_PLAYER_CITIES_ADJUST_UNIT_PURCHASE_COST',											NULL),
	('GOV_FAITH_INQUISITOR_DISCOUNT',												'MODIFIER_PLAYER_CITIES_ADJUST_UNIT_PURCHASE_COST',											NULL),
	('GOV_FAITH_MODIFIER', 																	'MODIFIER_PLAYER_CITIES_ADJUST_CITY_YIELD_MODIFIER',										'REQUIRES_CITY_HAS_DISTRICT_HOLY_SITE_UDMET'),
	('GOV_FAITH_COMBAT_BUFF',																'MODIFIER_PLAYER_UNITS_GRANT_ABILITY',																	NULL),
	('GOV_SPIES_TRADE_ROUTE_CAPACITY',              				'MODIFIER_PLAYER_ADJUST_TRADE_ROUTE_CAPACITY',                          NULL),
	('GOV_SPIES_TRADER',              											'MODIFIER_SINGLE_CITY_GRANT_UNIT_IN_CITY',                          		NULL),
	('GOV_SPIES_TRADE_ROUTE_YIELD',                 				'MODIFIER_PLAYER_ADJUST_TRADE_ROUTE_YIELD_PER_POST_IN_FOREIGN_CITY',    NULL),
	('GOV_SPIES_TRADER_DISCOUNT',                 					'MODIFIER_PLAYER_CITIES_ADJUST_UNIT_PURCHASE_COST',    									NULL),
	('GOV_SPIES_IMMEDIATE_TRADING_POST',            				'MODIFIER_PLAYER_ADJUST_IMMEDIATE_TRADING_POST',    										NULL),
	('GOV_SPIES_GOVERNOR_GOLD_MODIFIER',            				'MODIFIER_PLAYER_CITIES_ADJUST_CITY_YIELD_MODIFIER',    								'CITY_HAS_GOVERNOR_REQUIREMENTS');

insert or replace into ModifierArguments
	(ModifierId,							Name,				Value)
values
	('GOV_CITYSTATES_CITY_YIELD',			'YieldType',		'YIELD_FOOD, YIELD_PRODUCTION'),
	('GOV_CITYSTATES_CITY_YIELD',			'Amount',			'10, 10'),
	('GOV_CITYSTATES_CITY_YIELD_G',			'YieldType',		'YIELD_FOOD, YIELD_PRODUCTION'),
	('GOV_CITYSTATES_CITY_YIELD_G',			'Amount',			'10, 10'),
	('GOV_FAITH_INTO_SCIENCE',						'YieldType',					'YIELD_SCIENCE'),
	('GOV_FAITH_INTO_SCIENCE',						'Amount',						10),
	('GOV_FAITH_INTO_CULTURE',						'YieldType',					'YIELD_CULTURE'),
	('GOV_FAITH_INTO_CULTURE',						'Amount',						10),
	('GOV_FAITH_MISSIONARY_DISCOUNT',				'UnitType',						'UNIT_MISSIONARY'),
	('GOV_FAITH_MISSIONARY_DISCOUNT',				'Amount',						20),
	('GOV_FAITH_APOSTLE_DISCOUNT',					'UnitType',						'UNIT_APOSTLE'),
	('GOV_FAITH_APOSTLE_DISCOUNT',					'Amount',						20),
	('GOV_FAITH_INQUISITOR_DISCOUNT',				'UnitType',						'UNIT_INQUISITOR'),
	('GOV_FAITH_INQUISITOR_DISCOUNT',				'Amount',						20),
	('GOV_FAITH_MODIFIER', 									'YieldType',			'YIELD_FAITH'),
	('GOV_FAITH_MODIFIER', 									'Amount',				10),
	('GOV_FAITH_COMBAT_BUFF',						'AbilityType',					'ABILITY_GOV_FAITH_COMBAT_STRENGTH'),
	('GOV_SPIES_TRADE_ROUTE_CAPACITY',              'Amount',       1),
	('GOV_SPIES_TRADER',              							'Amount',       1),
	('GOV_SPIES_TRADER',                 						'UnitType',     'UNIT_TRADER'),
	('GOV_SPIES_TRADE_ROUTE_YIELD',                 'YieldType',    'YIELD_GOLD'),
	('GOV_SPIES_TRADE_ROUTE_YIELD',                 'Amount',       1),
	('GOV_SPIES_TRADER_DISCOUNT',                 	'UnitType',     'UNIT_TRADER'),
	('GOV_SPIES_TRADER_DISCOUNT',                 	'Amount',    		10),
	('GOV_SPIES_IMMEDIATE_TRADING_POST',            'ImmediateTradingPost',1),
	('GOV_SPIES_GOVERNOR_GOLD_MODIFIER',            'YieldType',    'YIELD_GOLD'),
	('GOV_SPIES_GOVERNOR_GOLD_MODIFIER',            'Amount',       15);
	
update Modifiers set RunOnce = 1, Permanent = 1 where ModifierId = 'GOV_SPIES_TRADER';

	-- 送大亨
update Buildings set Description = 'LOC_BUILDING_GOV_CITYSTATES_MONOPOLY_DESCRIPTION'
	where BuildingType = 'BUILDING_GOV_CITYSTATES' and exists (select UnitType from Units where UnitType = 'UNIT_LEU_INVESTOR');
insert or replace into BuildingModifiers
  (BuildingType,          			ModifierId)
select
  'BUILDING_GOV_CITYSTATES',   	'GOV_SPIES_TYCOON'
where exists (select UnitType from Units where UnitType = 'UNIT_LEU_INVESTOR');
insert or replace into Modifiers
  (ModifierId,            ModifierType,																SubjectRequirementSetId,	RunOnce, Permanent)
select
  'GOV_SPIES_TYCOON',			'MODIFIER_SINGLE_CITY_GRANT_UNIT_IN_CITY',	'PLAYER_HAS_TECH_APPRENTICESHIP_REQUIREMENTS',1,1
where exists (select UnitType from Units where UnitType = 'UNIT_LEU_INVESTOR');
insert or replace into ModifierArguments
	(ModifierId,            Name,           Value)
select
	'GOV_SPIES_TYCOON',			'UnitType',     'UNIT_LEU_TYCOON'
where exists (select UnitType from Units where UnitType = 'UNIT_LEU_INVESTOR');
insert or replace into ModifierArguments
	(ModifierId,            Name,           Value)
select
	'GOV_SPIES_TYCOON',			'Amount',     	1
where exists (select UnitType from Units where UnitType = 'UNIT_LEU_INVESTOR');

	-- 送投资人
insert or replace into BuildingModifiers
  (BuildingType,          			ModifierId)
select
  'BUILDING_GOV_CITYSTATES',   	'GOV_SPIES_INVESTOR'
where exists (select UnitType from Units where UnitType = 'UNIT_LEU_INVESTOR');
insert or replace into Modifiers
  (ModifierId,            ModifierType,																SubjectRequirementSetId,	RunOnce, Permanent)
select
  'GOV_SPIES_INVESTOR',		'MODIFIER_SINGLE_CITY_GRANT_UNIT_IN_CITY',	'PLAYER_HAS_TECH_ECONOMICS_REQUIREMENTS',1,1
where exists (select UnitType from Units where UnitType = 'UNIT_LEU_INVESTOR');
insert or replace into ModifierArguments
	(ModifierId,            Name,           Value)
select
	'GOV_SPIES_INVESTOR',		'UnitType',     'UNIT_LEU_INVESTOR'
where exists (select UnitType from Units where UnitType = 'UNIT_LEU_INVESTOR');
insert or replace into ModifierArguments
	(ModifierId,            Name,           Value)
select
	'GOV_SPIES_INVESTOR',		'Amount',     	1
where exists (select UnitType from Units where UnitType = 'UNIT_LEU_INVESTOR');

--三级政体建筑
--删除原效果
--作战部
delete from BuildingModifiers where ModifierId = 'GOV_HEAL_AFTER_DEFEATING_UNIT';

--作战部
--新增效果
insert or replace into BuildingModifiers
	(BuildingType,										ModifierId)
values
--军事单位加移速
	('BUILDING_GOV_MILITARY',							'GOV_MILITARY_MOVEMENT'),
--军事单位加力
	('BUILDING_GOV_MILITARY',							'GOV_MILITARY_COMBAT_STRENTH'),
--军事升级消耗减少
	('BUILDING_GOV_MILITARY',							'GOV_MILITARY_GOLD_DISCOUNT'),
	('BUILDING_GOV_MILITARY',							'GOV_MILITARY_RESOURCE_DISCOUNT'),
--军事单位减维护费
	('BUILDING_GOV_MILITARY',							'GOV_MILITARY_MOBILISATION');

insert or replace into Modifiers	
	(ModifierId,										ModifierType)
values
--军事单位加移速
	('GOV_MILITARY_MOVEMENT',							'MODIFIER_PLAYER_UNITS_GRANT_ABILITY'),
--军事单位加力
	('GOV_MILITARY_COMBAT_STRENTH',						'MODIFIER_PLAYER_UNITS_GRANT_ABILITY'),
--军事升级消耗减少
	('GOV_MILITARY_GOLD_DISCOUNT',						'MODIFIER_PLAYER_ADJUST_UNIT_UPGRADE_DISCOUNT_PERCENT'),
	('GOV_MILITARY_RESOURCE_DISCOUNT',					'MODIFIER_PLAYER_ADJUST_UNIT_UPGRADE_RESOURCE_COST_MODIFIER'),
--军事单位减维护费
	('GOV_MILITARY_MOBILISATION',						'MODIFIER_PLAYER_ADJUST_UNIT_MAINTENANCE_DISCOUNT');

insert or replace into ModifierArguments
	(ModifierId,										Name,				Value)
values
--军事单位加移速
	('GOV_MILITARY_MOVEMENT',							'AbilityType',		'ABILITY_GOV_MILITARY_MOVEMENT'),
	('ABILITY_GOV_MILITARY_MOVEMENT_MODIFIER',			'Amount',			1),
--军事单位加力
	('GOV_MILITARY_COMBAT_STRENTH',						'AbilityType',		'ABILITY_GOV_MILITARY_COMBAT_STRENGTH'),
	('ABILITY_GOV_MILITARY_COMBAT_STRENGTH_MODIFIER',	'Amount',			3),
--军事升级消耗减少
	('GOV_MILITARY_GOLD_DISCOUNT',						'Amount',			25),
	('GOV_MILITARY_RESOURCE_DISCOUNT',					'Amount',			25),
--军事单位减维护费
	('GOV_MILITARY_MOBILISATION',						'Amount',			2);

--shipyard and seaport
delete from BuildingModifiers where ModifierId = 'SHIPYARD_UNIMPROVED_COAST_PRODUCTION';

insert or replace into BuildingModifiers
	(BuildingType,							ModifierId)
values
	('BUILDING_SHIPYARD',				'SHIPYARD_ALL_COAST_PRODUCTION');

insert or replace into Modifiers	
	(ModifierId,					ModifierType,									SubjectRequirementSetId)
values
	('SHIPYARD_ALL_COAST_PRODUCTION','MODIFIER_CITY_PLOT_YIELDS_ADJUST_PLOT_YIELD','PLOT_HAS_COAST_REQUIREMENTS');

insert or replace into ModifierArguments
	(ModifierId,							Name,				Value)
values
	('SHIPYARD_ALL_COAST_PRODUCTION',	'YieldType','YIELD_PRODUCTION'),
	('SHIPYARD_ALL_COAST_PRODUCTION',	'Amount',	1);

insert or replace into Building_YieldDistrictCopies
	(BuildingType,OldYieldType,NewYieldType)
values
	('BUILDING_SEAPORT','YIELD_GOLD','YIELD_FOOD');

update Building_YieldChanges set YieldChange = 10 where BuildingType = 'BUILDING_SEAPORT' and YieldType = 'YIELD_GOLD';
delete from Building_YieldChanges where BuildingType = 'BUILDING_SEAPORT' and YieldType = 'YIELD_FOOD';

----------------------------------------------------------------------------------------------------------------------
-- nianshi
-- new Buildings 日本UB
--市中心改动
update Building_YieldChanges set YieldChange = 2 where BuildingType = 'BUILDING_MONUMENT' and YieldType = 'YIELD_CULTURE';
delete from BuildingModifiers where BuildingType = 'BUILDING_MONUMENT' and ModifierId = 'MONUMENT_CULTURE_AT_FULL_LOYALTY';

insert or replace into Building_YieldChanges 
	(BuildingType,													YieldType,					YieldChange)
values 
	('BUILDING_NILOMETER_HD',								'YIELD_SCIENCE',		2),
	('BUILDING_FAIR',												'YIELD_GOLD',				12);

insert or replace into BuildingModifiers 
 	(BuildingType,													ModifierId)
values 
 	('BUILDING_NILOMETER_HD',										'NILOMETER_SCIENCE'),
 	('BUILDING_HD_YUNSHAO_MANSION',												'HD_YUNSHAO_MANSION_MUSIC_TOURISM');

insert or replace into Modifiers
	(ModifierId,							ModifierType,											SubjectRequirementSetId)
values
	('NILOMETER_SCIENCE',					'MODIFIER_BUILDING_YIELD_CHANGE',						'HD_NILOMETER_REQUIREMENTS'),
 	('HD_YUNSHAO_MANSION_MUSIC_TOURISM',						'MODIFIER_SINGLE_CITY_ADJUST_TOURISM',						null);

insert or replace into ModifierArguments
	(ModifierId,							Name,												Value)
values
	('NILOMETER_SCIENCE',					'BuildingType',										'BUILDING_NILOMETER_HD'),
	('NILOMETER_SCIENCE',					'YieldType',										'YIELD_SCIENCE'),
	('NILOMETER_SCIENCE',					'Amount',											1),
	('HD_YUNSHAO_MANSION_MUSIC_TOURISM',						'GreatWorkObjectType',								'GREATWORKOBJECT_MUSIC'),
	('HD_YUNSHAO_MANSION_MUSIC_TOURISM',						'ScalingFactor',											300);


-- Outer Defense
update Buildings set OuterDefenseHitPoints = 75 where BuildingType = 'BUILDING_WALLS';
----------------------------------------------------------------------------------------------------------------------

----------------------------------------------------------------------------------------------------------------------

-- from tech testing
update Buildings_XP2 set RequiredPower = 0 where BuildingType = 'BUILDING_FACTORY';

delete from Building_YieldChangesBonusWithPower where BuildingType = 'BUILDING_FACTORY';

-- update Building_YieldChangesBonusWithPower set YieldChange = 3 where BuildingType = 'BUILDING_ELECTRONICS_FACTORY' and YieldType = 'YIELD_PRODUCTION';
-- update Building_YieldChanges set YieldChange = 6 where BuildingType = 'BUILDING_ELECTRONICS_FACTORY' and YieldType = 'YIELD_PRODUCTION';
-- from tech testing


Insert or replace into BuildingModifiers 
 	(BuildingType,									ModifierId)
values
 	('BUILDING_MARAE',								'MARAE_COAST_CULTURE');

Insert or replace into Modifiers
	(ModifierId,									ModifierType,											SubjectRequirementSetId)
values
	('MARAE_COAST_CULTURE',							'MODIFIER_CITY_ADJUST_CITY_YIELD_PER_TERRAIN_TYPE',		null);

insert or replace into ModifierArguments
	(ModifierId,									Name,				Value)
values	
	('MARAE_COAST_CULTURE',              			'TerrainType',      'TERRAIN_COAST'),
    ('MARAE_COAST_CULTURE',               			'YieldType',        'YIELD_CULTURE'),
    ('MARAE_COAST_CULTURE',               			'Amount',          	0.34);

-- 娱乐区建筑
delete from BuildingModifiers where ModifierId = 'ZOO_RAINFOREST_SCIENCE';
delete from BuildingModifiers where ModifierId = 'ZOO_MARSH_SCIENCE';
delete from BuildingModifiers where ModifierId = 'AQUARIUM_SEARESOURCE_SCIENCE';
delete from BuildingModifiers where ModifierId = 'AQUARIUM_REEF_SCIENCE';

-- 资源分类产出
insert or replace into HD_Building_Base_On_ResourceClassification (BuildingType, ResourceClassificationType, DetectRange, PropertyKey) values
	('BUILDING_ZOO', 			'RESOURCE_CLASSIFICATION_IMPROVEMENT_PASTURE',				'PLAYER', 'HD_PLOT_BINARY_COMPRESS_ZOO'),
	('BUILDING_ZOO', 			'RESOURCE_CLASSIFICATION_IMPROVEMENT_CAMP',						'PLAYER',	'HD_PLOT_BINARY_COMPRESS_ZOO'),
	('BUILDING_AQUARIUM', 'RESOURCE_CLASSIFICATION_IMPROVEMENT_FISHING_BOATS',	'PLAYER', 'HD_PLOT_BINARY_COMPRESS_AQUARIUM');

insert or replace into HD_Binary_Compress_Keys (Key, MaxExp) values
	('HD_PLOT_BINARY_COMPRESS_ZOO', 			6),
	('HD_PLOT_BINARY_COMPRESS_AQUARIUM', 	6);

	-- 动物园
insert or replace into BuildingModifiers (BuildingType, ModifierId)
	select 'BUILDING_ZOO', 'HD_ZOO_CULTURE_' || Exp
	from HD_Binary_Compress where Exp < 7;

insert or replace into Modifiers (ModifierId, ModifierType, OwnerRequirementSetId)
	select 'HD_ZOO_CULTURE_' || Exp, 'MODIFIER_BUILDING_YIELD_CHANGE', 'HD_PLOT_BINARY_COMPRESS_ZOO_' || Exp || '_REQUIREMENTS'
	from HD_Binary_Compress where Exp < 7;

insert or replace into ModifierArguments (ModifierId, Name, Value)
	select 'HD_ZOO_CULTURE_' || Exp, 'BuildingType', 'BUILDING_ZOO'
	from HD_Binary_Compress where Exp < 7;

insert or replace into ModifierArguments (ModifierId, Name, Value)
	select 'HD_ZOO_CULTURE_' || Exp, 'YieldType', 'YIELD_CULTURE'
	from HD_Binary_Compress where Exp < 7;

insert or replace into ModifierArguments (ModifierId, Name, Value)
	select 'HD_ZOO_CULTURE_' || Exp, 'Amount', Amount
	from HD_Binary_Compress where Exp < 7;

insert or replace into BuildingModifiers (BuildingType, ModifierId)
	select 'BUILDING_ZOO', 'HD_ZOO_GOLD_' || Exp
	from HD_Binary_Compress where Exp < 7;

insert or replace into Modifiers (ModifierId, ModifierType, OwnerRequirementSetId)
	select 'HD_ZOO_GOLD_' || Exp, 'MODIFIER_BUILDING_YIELD_CHANGE', 'HD_PLOT_BINARY_COMPRESS_ZOO_' || Exp || '_REQUIREMENTS'
	from HD_Binary_Compress where Exp < 7;

insert or replace into ModifierArguments (ModifierId, Name, Value)
	select 'HD_ZOO_GOLD_' || Exp, 'BuildingType', 'BUILDING_ZOO'
	from HD_Binary_Compress where Exp < 7;

insert or replace into ModifierArguments (ModifierId, Name, Value)
	select 'HD_ZOO_GOLD_' || Exp, 'YieldType', 'YIELD_GOLD'
	from HD_Binary_Compress where Exp < 7;

insert or replace into ModifierArguments (ModifierId, Name, Value)
	select 'HD_ZOO_GOLD_' || Exp, 'Amount', Amount * 3
	from HD_Binary_Compress where Exp < 7;

	-- 水族馆
insert or replace into BuildingModifiers (BuildingType, ModifierId)
	select 'BUILDING_AQUARIUM', 'HD_AQUARIUM_CULTURE_' || Exp
	from HD_Binary_Compress where Exp < 7;

insert or replace into Modifiers (ModifierId, ModifierType, OwnerRequirementSetId)
	select 'HD_AQUARIUM_CULTURE_' || Exp, 'MODIFIER_BUILDING_YIELD_CHANGE', 'HD_PLOT_BINARY_COMPRESS_AQUARIUM_' || Exp || '_REQUIREMENTS'
	from HD_Binary_Compress where Exp < 7;

insert or replace into ModifierArguments (ModifierId, Name, Value)
	select 'HD_AQUARIUM_CULTURE_' || Exp, 'BuildingType', 'BUILDING_AQUARIUM'
	from HD_Binary_Compress where Exp < 7;

insert or replace into ModifierArguments (ModifierId, Name, Value)
	select 'HD_AQUARIUM_CULTURE_' || Exp, 'YieldType', 'YIELD_CULTURE'
	from HD_Binary_Compress where Exp < 7;

insert or replace into ModifierArguments (ModifierId, Name, Value)
	select 'HD_AQUARIUM_CULTURE_' || Exp, 'Amount', Amount
	from HD_Binary_Compress where Exp < 7;

insert or replace into BuildingModifiers (BuildingType, ModifierId)
	select 'BUILDING_AQUARIUM', 'HD_AQUARIUM_SCIENCE_' || Exp
	from HD_Binary_Compress where Exp < 7;

insert or replace into Modifiers (ModifierId, ModifierType, OwnerRequirementSetId)
	select 'HD_AQUARIUM_SCIENCE_' || Exp, 'MODIFIER_BUILDING_YIELD_CHANGE', 'HD_PLOT_BINARY_COMPRESS_AQUARIUM_' || Exp || '_REQUIREMENTS'
	from HD_Binary_Compress where Exp < 7;

insert or replace into ModifierArguments (ModifierId, Name, Value)
	select 'HD_AQUARIUM_SCIENCE_' || Exp, 'BuildingType', 'BUILDING_AQUARIUM'
	from HD_Binary_Compress where Exp < 7;

insert or replace into ModifierArguments (ModifierId, Name, Value)
	select 'HD_AQUARIUM_SCIENCE_' || Exp, 'YieldType', 'YIELD_SCIENCE'
	from HD_Binary_Compress where Exp < 7;

insert or replace into ModifierArguments (ModifierId, Name, Value)
	select 'HD_AQUARIUM_SCIENCE_' || Exp, 'Amount', Amount
	from HD_Binary_Compress where Exp < 7;

-- 温泉浴场 by xhh
delete from BuildingModifiers where ModifierId = 'THERMALBATH_ADDTOURISM' and BuildingType = 'BUILDING_THERMAL_BATH';
delete from BuildingModifiers where ModifierId = 'THERMALBATH_ADDAMENITIES' and BuildingType = 'BUILDING_THERMAL_BATH';

insert or replace into BuildingModifiers
	(BuildingType,									ModifierId)
values
	('BUILDING_THERMAL_BATH',						'HD_THERMAL_BATH_ADD_GEOTHERMAL_FISSURE_BOOST'),
	('BUILDING_THERMAL_BATH',						'HD_THERMAL_BATH_ADD_GEOTHERMAL_FISSURE_BOOST_CHEMISTRY'),
	('BUILDING_THERMAL_BATH',						'HD_THERMAL_BATH_GEOTHERMAL_FISSURE_FAITH_ADJACENCY'),
	('BUILDING_THERMAL_BATH',						'HD_THERMAL_BATH_GEOTHERMAL_FISSURE_GOLD_ADJACENCY'),
	('BUILDING_THERMAL_BATH',						'HD_THERMAL_BATH_GEOTHERMAL_FISSURE_GOLD_ADJACENCY2'),
	('BUILDING_THERMAL_BATH',						'HD_THERMAL_BATH_GEOTHERMAL_FISSURE_SCIENCE_ADJACENCY'),
	('BUILDING_THERMAL_BATH',						'HD_THERMAL_BATH_GEOTHERMAL_FISSURE_CULTURE_ADJACENCY'),
	('BUILDING_THERMAL_BATH',						'HD_THERMAL_BATH_GEOTHERMAL_FISSURE_PRODUCTION_ADJACENCY'),
	('BUILDING_THERMAL_BATH',						'HD_THERMAL_BATH_GEOTHERMAL_FISSURE_PRODUCTION_ADJACENCY2');

insert or replace into Modifiers
	(ModifierId,														ModifierType,											SubjectRequirementSetId)
values
	('HD_THERMAL_BATH_ADD_GEOTHERMAL_FISSURE_BOOST',					'MODIFIER_CITY_PLOT_YIELDS_ADJUST_PLOT_YIELD',			'HD_PLOT_HAS_GEOTHERMAL_FISSURE'),
	('HD_THERMAL_BATH_ADD_GEOTHERMAL_FISSURE_BOOST_CHEMISTRY',			'MODIFIER_CITY_PLOT_YIELDS_ADJUST_PLOT_YIELD',			'HD_PLOT_HAS_GEOTHERMAL_FISSURE_CHEMISTRY'),
	('HD_THERMAL_BATH_GEOTHERMAL_FISSURE_FAITH_ADJACENCY',				'MODIFIER_SINGLE_CITY_FEATURE_ADJACENCY',				NULL),
	('HD_THERMAL_BATH_GEOTHERMAL_FISSURE_GOLD_ADJACENCY',				'MODIFIER_SINGLE_CITY_FEATURE_ADJACENCY',				NULL),
	('HD_THERMAL_BATH_GEOTHERMAL_FISSURE_GOLD_ADJACENCY2',				'MODIFIER_SINGLE_CITY_FEATURE_ADJACENCY',				NULL),
	('HD_THERMAL_BATH_GEOTHERMAL_FISSURE_SCIENCE_ADJACENCY',			'MODIFIER_SINGLE_CITY_FEATURE_ADJACENCY',				NULL),
	('HD_THERMAL_BATH_GEOTHERMAL_FISSURE_CULTURE_ADJACENCY',			'MODIFIER_SINGLE_CITY_FEATURE_ADJACENCY',				NULL),
	('HD_THERMAL_BATH_GEOTHERMAL_FISSURE_PRODUCTION_ADJACENCY',			'MODIFIER_SINGLE_CITY_FEATURE_ADJACENCY',				NULL),
	('HD_THERMAL_BATH_GEOTHERMAL_FISSURE_PRODUCTION_ADJACENCY2',		'MODIFIER_SINGLE_CITY_FEATURE_ADJACENCY',				NULL);

insert or replace into ModifierArguments
	(ModifierId,														Name,				Value)
values
	('HD_THERMAL_BATH_ADD_GEOTHERMAL_FISSURE_BOOST',					'YieldType',		'YIELD_FAITH,YIELD_CULTURE'),
	('HD_THERMAL_BATH_ADD_GEOTHERMAL_FISSURE_BOOST',					'Amount',			'2,2'),
	('HD_THERMAL_BATH_ADD_GEOTHERMAL_FISSURE_BOOST_CHEMISTRY',			'YieldType',		'YIELD_SCIENCE'),
	('HD_THERMAL_BATH_ADD_GEOTHERMAL_FISSURE_BOOST_CHEMISTRY',			'Amount',			2),
	
	('HD_THERMAL_BATH_GEOTHERMAL_FISSURE_FAITH_ADJACENCY',				'DistrictType',		'DISTRICT_HOLY_SITE'),
	('HD_THERMAL_BATH_GEOTHERMAL_FISSURE_FAITH_ADJACENCY',				'FeatureType',		'FEATURE_GEOTHERMAL_FISSURE'),
	('HD_THERMAL_BATH_GEOTHERMAL_FISSURE_FAITH_ADJACENCY',				'YieldType',		'YIELD_FAITH'),
	('HD_THERMAL_BATH_GEOTHERMAL_FISSURE_FAITH_ADJACENCY',				'Amount',			2),
	('HD_THERMAL_BATH_GEOTHERMAL_FISSURE_FAITH_ADJACENCY',				'Description',		'LOC_THERMAL_BATH_FAITH'),
	
	('HD_THERMAL_BATH_GEOTHERMAL_FISSURE_GOLD_ADJACENCY',				'DistrictType',		'DISTRICT_COMMERCIAL_HUB'),
	('HD_THERMAL_BATH_GEOTHERMAL_FISSURE_GOLD_ADJACENCY',				'FeatureType',		'FEATURE_GEOTHERMAL_FISSURE'),
	('HD_THERMAL_BATH_GEOTHERMAL_FISSURE_GOLD_ADJACENCY',				'YieldType',		'YIELD_GOLD'),
	('HD_THERMAL_BATH_GEOTHERMAL_FISSURE_GOLD_ADJACENCY',				'Amount',			2),
	('HD_THERMAL_BATH_GEOTHERMAL_FISSURE_GOLD_ADJACENCY',				'Description',		'LOC_THERMAL_BATH_GOLD'),
	
	('HD_THERMAL_BATH_GEOTHERMAL_FISSURE_GOLD_ADJACENCY2',				'DistrictType',		'DISTRICT_HARBOR'),
	('HD_THERMAL_BATH_GEOTHERMAL_FISSURE_GOLD_ADJACENCY2',				'FeatureType',		'FEATURE_GEOTHERMAL_FISSURE'),
	('HD_THERMAL_BATH_GEOTHERMAL_FISSURE_GOLD_ADJACENCY2',				'YieldType',		'YIELD_GOLD'),
	('HD_THERMAL_BATH_GEOTHERMAL_FISSURE_GOLD_ADJACENCY2',				'Amount',			2),
	('HD_THERMAL_BATH_GEOTHERMAL_FISSURE_GOLD_ADJACENCY2',				'Description',		'LOC_THERMAL_BATH_GOLD'),
	
	('HD_THERMAL_BATH_GEOTHERMAL_FISSURE_SCIENCE_ADJACENCY',			'DistrictType',		'DISTRICT_CAMPUS'),
	('HD_THERMAL_BATH_GEOTHERMAL_FISSURE_SCIENCE_ADJACENCY',			'FeatureType',		'FEATURE_GEOTHERMAL_FISSURE'),
	('HD_THERMAL_BATH_GEOTHERMAL_FISSURE_SCIENCE_ADJACENCY',			'YieldType',		'YIELD_SCIENCE'),
	('HD_THERMAL_BATH_GEOTHERMAL_FISSURE_SCIENCE_ADJACENCY',			'Amount',			2),
	('HD_THERMAL_BATH_GEOTHERMAL_FISSURE_SCIENCE_ADJACENCY',			'Description',		'LOC_THERMAL_BATH_SCIENCE'),
	
	('HD_THERMAL_BATH_GEOTHERMAL_FISSURE_CULTURE_ADJACENCY',			'DistrictType',		'DISTRICT_THEATER'),
	('HD_THERMAL_BATH_GEOTHERMAL_FISSURE_CULTURE_ADJACENCY',			'FeatureType',		'FEATURE_GEOTHERMAL_FISSURE'),
	('HD_THERMAL_BATH_GEOTHERMAL_FISSURE_CULTURE_ADJACENCY',			'YieldType',		'YIELD_CULTURE'),
	('HD_THERMAL_BATH_GEOTHERMAL_FISSURE_CULTURE_ADJACENCY',			'Amount',			2),
	('HD_THERMAL_BATH_GEOTHERMAL_FISSURE_CULTURE_ADJACENCY',			'Description',		'LOC_THERMAL_BATH_CULTURE'),
	
	('HD_THERMAL_BATH_GEOTHERMAL_FISSURE_PRODUCTION_ADJACENCY',			'DistrictType',		'DISTRICT_INDUSTRIAL_ZONE'),
	('HD_THERMAL_BATH_GEOTHERMAL_FISSURE_PRODUCTION_ADJACENCY',			'FeatureType',		'FEATURE_GEOTHERMAL_FISSURE'),
	('HD_THERMAL_BATH_GEOTHERMAL_FISSURE_PRODUCTION_ADJACENCY',			'YieldType',		'YIELD_PRODUCTION'),
	('HD_THERMAL_BATH_GEOTHERMAL_FISSURE_PRODUCTION_ADJACENCY',			'Amount',			2),
	('HD_THERMAL_BATH_GEOTHERMAL_FISSURE_PRODUCTION_ADJACENCY',			'Description',		'LOC_THERMAL_BATH_PRODUCTION'),
	
	('HD_THERMAL_BATH_GEOTHERMAL_FISSURE_PRODUCTION_ADJACENCY2',		'DistrictType',		'DISTRICT_ENCAMPMENT'),
	('HD_THERMAL_BATH_GEOTHERMAL_FISSURE_PRODUCTION_ADJACENCY2',		'FeatureType',		'FEATURE_GEOTHERMAL_FISSURE'),
	('HD_THERMAL_BATH_GEOTHERMAL_FISSURE_PRODUCTION_ADJACENCY2',		'YieldType',		'YIELD_PRODUCTION'),
	('HD_THERMAL_BATH_GEOTHERMAL_FISSURE_PRODUCTION_ADJACENCY2',		'Amount',			2),
	('HD_THERMAL_BATH_GEOTHERMAL_FISSURE_PRODUCTION_ADJACENCY2',		'Description',		'LOC_THERMAL_BATH_PRODUCTION');

insert or ignore into RequirementSets
	(RequirementSetId,											RequirementSetType)
values
	('HD_PLOT_HAS_GEOTHERMAL_FISSURE',							'REQUIREMENTSET_TEST_ALL'),
	('HD_PLOT_HAS_GEOTHERMAL_FISSURE_CHEMISTRY',				'REQUIREMENTSET_TEST_ALL');

insert or ignore into RequirementSetRequirements
	(RequirementSetId,											RequirementId)
values
	('HD_PLOT_HAS_GEOTHERMAL_FISSURE',							'REQUIRES_PLOT_HAS_GEOTHERMAL_FIISSURE'),
	('HD_PLOT_HAS_GEOTHERMAL_FISSURE_CHEMISTRY',				'REQUIRES_PLOT_HAS_GEOTHERMAL_FIISSURE'),
	('HD_PLOT_HAS_GEOTHERMAL_FISSURE_CHEMISTRY',				'HD_REQUIRES_PLAYER_HAS_TECH_CHEMISTRY');

--by yt
--市场调整 
update Buildings set Cost = 100 where BuildingType = 'BUILDING_MARKET';
--大小庙
update Building_YieldChanges set YieldChange = 7 where BuildingType = 'BUILDING_SHRINE';
update Building_YieldChanges set YieldChange = 15 where BuildingType = 'BUILDING_TEMPLE';
update Building_YieldChanges set YieldChange = 15 where BuildingType = 'BUILDING_STAVE_CHURCH';
update Building_YieldChanges set YieldChange = 15 where BuildingType = 'BUILDING_PRASAT';

-- 木板教堂
delete from BuildingModifiers where ModifierId = 'STAVECHURCH_SEARESOURCE_PRODUCTION';
insert or replace into BuildingModifiers
	(BuildingType,					ModifierId)
values
	('BUILDING_STAVE_CHURCH',		'STAVE_CHURCH_FOREST_FOOD');

insert or replace into Modifiers
	(ModifierId,					ModifierType,									SubjectRequirementSetId)
values
	('STAVE_CHURCH_FOREST_FOOD',	'MODIFIER_CITY_PLOT_YIELDS_ADJUST_PLOT_YIELD',	'HD_PLOT_HAS_FOREST_REQUIREMENTS');

insert or replace into ModifierArguments
	(ModifierId,                                    Name,               Value)
values
	('STAVE_CHURCH_FOREST_FOOD',					'YieldType',		'YIELD_FOOD'),
	('STAVE_CHURCH_FOREST_FOOD',					'Amount',			1);

	-- 机场
update Buildings set Description = 'LOC_BUILDING_AIRPORT_DESCRIPTION_PRODUCT'	where BuildingType = 'BUILDING_AIRPORT'
	and exists (select GreatWorkSlotType from GreatWorkSlotTypes where GreatWorkSlotType = 'GREATWORKSLOT_PRODUCT');

insert or replace into BuildingModifiers
	(BuildingType,			ModifierId)
values
	('BUILDING_AIRPORT',	'AIRPORT_IMPROVEMENT_TOURISM_BONUS_ATTACH'),
	('BUILDING_AIRPORT',	'AIRPORT_WONDER_TOURISM_BONUS_ATTACH');

insert or replace into Modifiers
    (ModifierId,                       				ModifierType,                                               OwnerRequirementSetId,  SubjectRequirementSetId,	SubjectStackLimit)
values
	('AIRPORT_IMPROVEMENT_TOURISM_BONUS_ATTACH',	'MODIFIER_PLAYER_CITIES_ATTACH_MODIFIER',					'CITY_IS_POWERED',		'HD_OBJECT_WITHIN_5_TILES',	1),
	('AIRPORT_IMPROVEMENT_TOURISM_BONUS',			'MODIFIER_SINGLE_CITY_ADJUST_IMPROVEMENT_TOURISM',			NULL,					NULL,						NULL),
	('AIRPORT_WONDER_TOURISM_BONUS_ATTACH',			'MODIFIER_PLAYER_CITIES_ATTACH_MODIFIER',					'CITY_IS_POWERED',		'HD_OBJECT_WITHIN_5_TILES',	1),
	('AIRPORT_WONDER_TOURISM_BONUS',				'MODIFIER_SINGLE_CITY_ADJUST_TOURISM',						NULL,					NULL,						NULL);

insert or replace into ModifierArguments
    (ModifierId,                       		 		Name,           	Value)
values
	('AIRPORT_IMPROVEMENT_TOURISM_BONUS_ATTACH',	'ModifierId',		'AIRPORT_IMPROVEMENT_TOURISM_BONUS'),
	('AIRPORT_IMPROVEMENT_TOURISM_BONUS',			'Amount',			50),
	('AIRPORT_WONDER_TOURISM_BONUS_ATTACH',			'ModifierId',		'AIRPORT_WONDER_TOURISM_BONUS'),
	('AIRPORT_WONDER_TOURISM_BONUS',				'BoostsWonders',	1),
	('AIRPORT_WONDER_TOURISM_BONUS',				'ScalingFactor',	200);

insert or replace into BuildingModifiers
	(BuildingType,			ModifierId)
select
	'BUILDING_AIRPORT',		'AIRPORT_' || GreatWorkObjectType || '_TOURISM_BONUS'
from GreatWorkObjectTypes;

insert or replace into Modifiers
	(ModifierId,												ModifierType,									OwnerRequirementSetId,	SubjectRequirementSetId,	SubjectStackLimit)
select
	'AIRPORT_' || GreatWorkObjectType || '_TOURISM_BONUS',		'MODIFIER_PLAYER_CITIES_ADJUST_TOURISM',		'CITY_IS_POWERED',		'HD_OBJECT_WITHIN_5_TILES',	1
from GreatWorkObjectTypes;

insert or replace into ModifierArguments
	(ModifierId,												Name,					Value)
select
	'AIRPORT_' || GreatWorkObjectType || '_TOURISM_BONUS',		'GreatWorkObjectType',	GreatWorkObjectType
from GreatWorkObjectTypes;

insert or replace into ModifierArguments
	(ModifierId,												Name,					Value)
select
	'AIRPORT_' || GreatWorkObjectType || '_TOURISM_BONUS',		'ScalingFactor',		150
from GreatWorkObjectTypes;

-- 食品市场 购物商城
update Buildings_XP2 set RequiredPower = 4, EntertainmentBonusWithPower = 0 where BuildingType = 'BUILDING_SHOPPING_MALL' or BuildingType = 'BUILDING_FOOD_MARKET';
update Buildings set Description = 'LOC_BUILDING_FOOD_MARKET_DESCRIPTION_CORP' where BuildingType = 'BUILDING_FOOD_MARKET'
	and exists (select GreatWorkSlotType from GreatWorkSlotTypes where GreatWorkSlotType = 'GREATWORKSLOT_PRODUCT');
update Buildings set Description = 'LOC_BUILDING_SHOPPING_MALL_DESCRIPTION_CORP' where BuildingType = 'BUILDING_SHOPPING_MALL'
	and exists (select GreatWorkSlotType from GreatWorkSlotTypes where GreatWorkSlotType = 'GREATWORKSLOT_PRODUCT');

insert or replace into BuildingModifiers (BuildingType, ModifierId) values
	('BUILDING_FOOD_MARKET',				'FOOD_MARKET_EXTRA_GREAT_MERCHANT_POINTS_1'),
	('BUILDING_FOOD_MARKET',				'FOOD_MARKET_EXTRA_GREAT_MERCHANT_POINTS_2'),
	('BUILDING_SHOPPING_MALL',			'SHOPPING_MALL_EXTRA_GREAT_MERCHANT_POINTS_1'),
	('BUILDING_SHOPPING_MALL',			'SHOPPING_MALL_EXTRA_GREAT_MERCHANT_POINTS_2');

insert or replace into Modifiers (ModifierId, ModifierType, OwnerRequirementSetId, SubjectRequirementSetId, SubjectStackLimit) values
	('FOOD_MARKET_EXTRA_GREAT_MERCHANT_POINTS_1',				'MODIFIER_PLAYER_ADJUST_GREAT_PERSON_POINTS_PERCENT',				NULL,																									NULL,																NULL),
	('FOOD_MARKET_EXTRA_GREAT_MERCHANT_POINTS_2',				'MODIFIER_PLAYER_ADJUST_GREAT_PERSON_POINTS_PERCENT',				'PLAYER_HAS_TECH_MODERN_AGRICULTURE_HD_REQUIREMENTS',	NULL,																NULL),
	('SHOPPING_MALL_EXTRA_GREAT_MERCHANT_POINTS_1',			'MODIFIER_PLAYER_ADJUST_GREAT_PERSON_POINTS_PERCENT',				NULL,																									NULL,																NULL),
	('SHOPPING_MALL_EXTRA_GREAT_MERCHANT_POINTS_2',			'MODIFIER_PLAYER_ADJUST_GREAT_PERSON_POINTS_PERCENT',				'PLAYER_HAS_CIVIC_FINANCE_HD_REQUIREMENTS',						NULL,																NULL);

insert or replace into ModifierArguments (ModifierId, Name, Value) values
	('FOOD_MARKET_EXTRA_GREAT_MERCHANT_POINTS_1',				'Amount',								10),
	('FOOD_MARKET_EXTRA_GREAT_MERCHANT_POINTS_1',				'GreatPersonClassType',	'GREAT_PERSON_CLASS_MERCHANT'),
	('FOOD_MARKET_EXTRA_GREAT_MERCHANT_POINTS_2',				'Amount',								10),
	('FOOD_MARKET_EXTRA_GREAT_MERCHANT_POINTS_2',				'GreatPersonClassType',	'GREAT_PERSON_CLASS_MERCHANT'),
	('SHOPPING_MALL_EXTRA_GREAT_MERCHANT_POINTS_1',			'Amount',								10),
	('SHOPPING_MALL_EXTRA_GREAT_MERCHANT_POINTS_1',			'GreatPersonClassType',	'GREAT_PERSON_CLASS_MERCHANT'),
	('SHOPPING_MALL_EXTRA_GREAT_MERCHANT_POINTS_2',			'Amount',								10),
	('SHOPPING_MALL_EXTRA_GREAT_MERCHANT_POINTS_2',			'GreatPersonClassType',	'GREAT_PERSON_CLASS_MERCHANT');

-- 大农学家适配
update ModifierArguments set Value = 'GREAT_PERSON_CLASS_AGRONOMIST' where ModifierId in (
	'FOOD_MARKET_EXTRA_GREAT_MERCHANT_POINTS_1', 'FOOD_MARKET_EXTRA_GREAT_MERCHANT_POINTS_2'
) and Name = 'GreatPersonClassType'
and exists (select DistrictType from Districts where DistrictType = 'DISTRICT_C_AGRICULTURE');

-- 资源分类产出
insert or replace into HD_Building_Base_On_ResourceClassification (BuildingType, ResourceClassificationType, DetectRange, PropertyKey) values
	('BUILDING_FOOD_MARKET', 		'RESOURCE_CLASSIFICATION_IMPROVEMENT_FARM',						'PLAYER', 'HD_PLOT_BINARY_COMPRESS_FOOD_MARKET'),
	('BUILDING_FOOD_MARKET', 		'RESOURCE_CLASSIFICATION_IMPROVEMENT_PLANTATION',			'PLAYER', 'HD_PLOT_BINARY_COMPRESS_FOOD_MARKET'),
	('BUILDING_FOOD_MARKET', 		'RESOURCE_CLASSIFICATION_IMPROVEMENT_PASTURE',				'PLAYER', 'HD_PLOT_BINARY_COMPRESS_FOOD_MARKET'),
	('BUILDING_FOOD_MARKET', 		'RESOURCE_CLASSIFICATION_IMPROVEMENT_FISHING_BOATS',	'PLAYER', 'HD_PLOT_BINARY_COMPRESS_FOOD_MARKET'),
	('BUILDING_SHOPPING_MALL', 	'RESOURCE_CLASSIFICATION_IMPROVEMENT_MINE',						'PLAYER',	'HD_PLOT_BINARY_COMPRESS_SHOPPING_MALL'),
	('BUILDING_SHOPPING_MALL', 	'RESOURCE_CLASSIFICATION_IMPROVEMENT_QUARRY',					'PLAYER',	'HD_PLOT_BINARY_COMPRESS_SHOPPING_MALL'),
	('BUILDING_SHOPPING_MALL', 	'RESOURCE_CLASSIFICATION_IMPROVEMENT_CAMP',						'PLAYER',	'HD_PLOT_BINARY_COMPRESS_SHOPPING_MALL'),
	('BUILDING_SHOPPING_MALL', 	'RESOURCE_CLASSIFICATION_IMPROVEMENT_LUMBER_MILL',		'PLAYER',	'HD_PLOT_BINARY_COMPRESS_SHOPPING_MALL');

insert or replace into HD_Binary_Compress_Keys (Key, MaxExp) values
	('HD_PLOT_BINARY_COMPRESS_FOOD_MARKET', 	6),
	('HD_PLOT_BINARY_COMPRESS_SHOPPING_MALL', 6);

	-- 食品市场
insert or replace into BuildingModifiers (BuildingType, ModifierId)
	select 'BUILDING_FOOD_MARKET', 'HD_FOOD_MARKET_GOLD_' || Exp
	from HD_Binary_Compress where Exp < 7;

insert or replace into Modifiers (ModifierId, ModifierType, OwnerRequirementSetId)
	select 'HD_FOOD_MARKET_GOLD_' || Exp, 'MODIFIER_PLAYER_CITIES_ADJUST_CITY_YIELD_CHANGE', 'HD_PLOT_BINARY_COMPRESS_FOOD_MARKET_' || Exp || '_REQUIREMENTS'
	from HD_Binary_Compress where Exp < 7;

insert or replace into ModifierArguments (ModifierId, Name, Value)
	select 'HD_FOOD_MARKET_GOLD_' || Exp, 'Amount', Amount * 1
	from HD_Binary_Compress where Exp < 7;

insert or replace into ModifierArguments (ModifierId, Name, Value)
	select 'HD_FOOD_MARKET_GOLD_' || Exp, 'YieldType', 'YIELD_GOLD'
	from HD_Binary_Compress where Exp < 7;

	-- 购物商城
insert or replace into BuildingModifiers (BuildingType, ModifierId)
	select 'BUILDING_SHOPPING_MALL', 'HD_SHOPPING_MALL_GOLD_' || Exp
	from HD_Binary_Compress where Exp < 7;

insert or replace into Modifiers (ModifierId, ModifierType, OwnerRequirementSetId)
	select 'HD_SHOPPING_MALL_GOLD_' || Exp, 'MODIFIER_PLAYER_CITIES_ADJUST_CITY_YIELD_CHANGE', 'HD_PLOT_BINARY_COMPRESS_SHOPPING_MALL_' || Exp || '_REQUIREMENTS'
	from HD_Binary_Compress where Exp < 7;

insert or replace into ModifierArguments (ModifierId, Name, Value)
	select 'HD_SHOPPING_MALL_GOLD_' || Exp, 'Amount', Amount * 1
	from HD_Binary_Compress where Exp < 7;

insert or replace into ModifierArguments (ModifierId, Name, Value)
	select 'HD_SHOPPING_MALL_GOLD_' || Exp, 'YieldType', 'YIELD_GOLD'
	from HD_Binary_Compress where Exp < 7;

-- 产品业绩
insert or replace into BuildingModifiers (BuildingType, ModifierId) select
	'BUILDING_FOOD_MARKET', 'HD_MARKET_PRODUCT_TOURISM_BOOST'
where exists (select GreatWorkSlotType from GreatWorkSlotTypes where GreatWorkSlotType = 'GREATWORKSLOT_PRODUCT');

insert or replace into BuildingModifiers (BuildingType, ModifierId) select
	'BUILDING_SHOPPING_MALL', 'HD_MARKET_PRODUCT_TOURISM_BOOST'
where exists (select GreatWorkSlotType from GreatWorkSlotTypes where GreatWorkSlotType = 'GREATWORKSLOT_PRODUCT');

insert or replace into Modifiers (ModifierId, ModifierType, OwnerRequirementSetId) select
	'HD_MARKET_PRODUCT_TOURISM_BOOST', 'MODIFIER_PLAYER_CITIES_ADJUST_TOURISM', 'CITY_IS_POWERED'
where exists (select GreatWorkSlotType from GreatWorkSlotTypes where GreatWorkSlotType = 'GREATWORKSLOT_PRODUCT');

insert or replace into ModifierArguments (ModifierId, Name, Value) select
	'HD_MARKET_PRODUCT_TOURISM_BOOST', 'GreatWorkObjectType', 'GREATWORKOBJECT_PRODUCT'
where exists (select GreatWorkSlotType from GreatWorkSlotTypes where GreatWorkSlotType = 'GREATWORKSLOT_PRODUCT');

insert or replace into ModifierArguments (ModifierId, Name, Value) select
	'HD_MARKET_PRODUCT_TOURISM_BOOST', 'ScalingFactor', 200
where exists (select GreatWorkSlotType from GreatWorkSlotTypes where GreatWorkSlotType = 'GREATWORKSLOT_PRODUCT');

-- 产品产出
	-- 食品市场
insert or replace into BuildingModifiers (BuildingType, ModifierId) select
	'BUILDING_FOOD_MARKET', 'HD_FOOD_MARKET_PRODUCT_FOOD_BOOST'
where exists (select GreatWorkSlotType from GreatWorkSlotTypes where GreatWorkSlotType = 'GREATWORKSLOT_PRODUCT');

insert or replace into BuildingModifiers (BuildingType, ModifierId) select
	'BUILDING_FOOD_MARKET', 'HD_FOOD_MARKET_PRODUCT_PRODUCTION_BOOST'
where exists (select GreatWorkSlotType from GreatWorkSlotTypes where GreatWorkSlotType = 'GREATWORKSLOT_PRODUCT');

insert or replace into Modifiers (ModifierId, ModifierType, OwnerRequirementSetId) select
	'HD_FOOD_MARKET_PRODUCT_FOOD_BOOST', 'MODIFIER_PLAYER_CITIES_ADJUST_GREATWORK_YIELD', 'CITY_IS_POWERED'
where exists (select GreatWorkSlotType from GreatWorkSlotTypes where GreatWorkSlotType = 'GREATWORKSLOT_PRODUCT');

insert or replace into Modifiers (ModifierId, ModifierType, OwnerRequirementSetId) select
	'HD_FOOD_MARKET_PRODUCT_PRODUCTION_BOOST', 'MODIFIER_PLAYER_CITIES_ADJUST_GREATWORK_YIELD', 'CITY_IS_POWERED'
where exists (select GreatWorkSlotType from GreatWorkSlotTypes where GreatWorkSlotType = 'GREATWORKSLOT_PRODUCT');

insert or replace into ModifierArguments (ModifierId, Name, Value) select
	'HD_FOOD_MARKET_PRODUCT_FOOD_BOOST', 'GreatWorkObjectType', 'GREATWORKOBJECT_PRODUCT'
where exists (select GreatWorkSlotType from GreatWorkSlotTypes where GreatWorkSlotType = 'GREATWORKSLOT_PRODUCT');

insert or replace into ModifierArguments (ModifierId, Name, Value) select
	'HD_FOOD_MARKET_PRODUCT_FOOD_BOOST', 'YieldType', 'YIELD_FOOD'
where exists (select GreatWorkSlotType from GreatWorkSlotTypes where GreatWorkSlotType = 'GREATWORKSLOT_PRODUCT');

insert or replace into ModifierArguments (ModifierId, Name, Value) select
	'HD_FOOD_MARKET_PRODUCT_FOOD_BOOST', 'ScalingFactor', 150
where exists (select GreatWorkSlotType from GreatWorkSlotTypes where GreatWorkSlotType = 'GREATWORKSLOT_PRODUCT');

insert or replace into ModifierArguments (ModifierId, Name, Value) select
	'HD_FOOD_MARKET_PRODUCT_PRODUCTION_BOOST', 'GreatWorkObjectType', 'GREATWORKOBJECT_PRODUCT'
where exists (select GreatWorkSlotType from GreatWorkSlotTypes where GreatWorkSlotType = 'GREATWORKSLOT_PRODUCT');

insert or replace into ModifierArguments (ModifierId, Name, Value) select
	'HD_FOOD_MARKET_PRODUCT_PRODUCTION_BOOST', 'YieldType', 'YIELD_PRODUCTION'
where exists (select GreatWorkSlotType from GreatWorkSlotTypes where GreatWorkSlotType = 'GREATWORKSLOT_PRODUCT');

insert or replace into ModifierArguments (ModifierId, Name, Value) select
	'HD_FOOD_MARKET_PRODUCT_PRODUCTION_BOOST', 'ScalingFactor', 150
where exists (select GreatWorkSlotType from GreatWorkSlotTypes where GreatWorkSlotType = 'GREATWORKSLOT_PRODUCT');

	-- 购物商城
insert or replace into BuildingModifiers (BuildingType, ModifierId) select
	'BUILDING_SHOPPING_MALL', 'HD_SHOPPING_MALL_PRODUCT_GOLD_BOOST'
where exists (select GreatWorkSlotType from GreatWorkSlotTypes where GreatWorkSlotType = 'GREATWORKSLOT_PRODUCT');

insert or replace into BuildingModifiers (BuildingType, ModifierId) select
	'BUILDING_SHOPPING_MALL', 'HD_SHOPPING_MALL_PRODUCT_FAITH_BOOST'
where exists (select GreatWorkSlotType from GreatWorkSlotTypes where GreatWorkSlotType = 'GREATWORKSLOT_PRODUCT');

insert or replace into Modifiers (ModifierId, ModifierType, OwnerRequirementSetId) select
	'HD_SHOPPING_MALL_PRODUCT_GOLD_BOOST', 'MODIFIER_PLAYER_CITIES_ADJUST_GREATWORK_YIELD', 'CITY_IS_POWERED'
where exists (select GreatWorkSlotType from GreatWorkSlotTypes where GreatWorkSlotType = 'GREATWORKSLOT_PRODUCT');

insert or replace into Modifiers (ModifierId, ModifierType, OwnerRequirementSetId) select
	'HD_SHOPPING_MALL_PRODUCT_FAITH_BOOST', 'MODIFIER_PLAYER_CITIES_ADJUST_GREATWORK_YIELD', 'CITY_IS_POWERED'
where exists (select GreatWorkSlotType from GreatWorkSlotTypes where GreatWorkSlotType = 'GREATWORKSLOT_PRODUCT');

insert or replace into ModifierArguments (ModifierId, Name, Value) select
	'HD_SHOPPING_MALL_PRODUCT_GOLD_BOOST', 'GreatWorkObjectType', 'GREATWORKOBJECT_PRODUCT'
where exists (select GreatWorkSlotType from GreatWorkSlotTypes where GreatWorkSlotType = 'GREATWORKSLOT_PRODUCT');

insert or replace into ModifierArguments (ModifierId, Name, Value) select
	'HD_SHOPPING_MALL_PRODUCT_GOLD_BOOST', 'YieldType', 'YIELD_GOLD'
where exists (select GreatWorkSlotType from GreatWorkSlotTypes where GreatWorkSlotType = 'GREATWORKSLOT_PRODUCT');

insert or replace into ModifierArguments (ModifierId, Name, Value) select
	'HD_SHOPPING_MALL_PRODUCT_GOLD_BOOST', 'ScalingFactor', 150
where exists (select GreatWorkSlotType from GreatWorkSlotTypes where GreatWorkSlotType = 'GREATWORKSLOT_PRODUCT');

insert or replace into ModifierArguments (ModifierId, Name, Value) select
	'HD_SHOPPING_MALL_PRODUCT_FAITH_BOOST', 'GreatWorkObjectType', 'GREATWORKOBJECT_PRODUCT'
where exists (select GreatWorkSlotType from GreatWorkSlotTypes where GreatWorkSlotType = 'GREATWORKSLOT_PRODUCT');

insert or replace into ModifierArguments (ModifierId, Name, Value) select
	'HD_SHOPPING_MALL_PRODUCT_FAITH_BOOST', 'YieldType', 'YIELD_FAITH'
where exists (select GreatWorkSlotType from GreatWorkSlotTypes where GreatWorkSlotType = 'GREATWORKSLOT_PRODUCT');

insert or replace into ModifierArguments (ModifierId, Name, Value) select
	'HD_SHOPPING_MALL_PRODUCT_FAITH_BOOST', 'ScalingFactor', 150
where exists (select GreatWorkSlotType from GreatWorkSlotTypes where GreatWorkSlotType = 'GREATWORKSLOT_PRODUCT');

-- 社区一级建筑
insert or replace into Building_YieldChanges
	(BuildingType,									YieldType,					YieldChange)
values
	('BUILDING_HD_VILLA',						'YIELD_FOOD',    		2),
	('BUILDING_HD_VILLA',						'YIELD_GOLD',     	3),
	('BUILDING_HD_BUS_STOP',    		'YIELD_GOLD',     	6);

insert or replace into Building_CitizenYieldChanges
	(BuildingType,												YieldType,					YieldChange)
values
	('BUILDING_HD_VILLA',									'YIELD_GOLD',				3),
	('BUILDING_HD_BUS_STOP',							'YIELD_GOLD',				3);

insert or replace into BuildingModifiers
	(BuildingType,										ModifierId)
values
	('BUILDING_HD_VILLA',							'HD_VILLA_NEIGHBORHOOD_FOOD_BONUS'),
	('BUILDING_HD_VILLA',							'HD_VILLA_NEIGHBORHOOD_GOLD_BONUS'),
	('BUILDING_HD_VILLA',							'HD_VILLA_IMPROVEMENT_BONUS'),
	('BUILDING_HD_BUS_STOP',					'HD_BUS_STOP_IMPROVEMENT_GOLD'),
	('BUILDING_HD_BUS_STOP',					'HD_BUS_STOP_COMMERCIAL_BONUS'),
	('BUILDING_HD_BUS_STOP',					'HD_BUS_STOP_HARBOR_BONUS');

insert or replace into Modifiers
	(ModifierId,																			ModifierType,																			SubjectRequirementSetId)
values
	('HD_VILLA_NEIGHBORHOOD_FOOD_BONUS',							'MODIFIER_CITY_DISTRICTS_ADJUST_YIELD_CHANGE',		'REQUIRES_DISTRICT_IS_DISTRICT_NEIGHBORHOOD_UDMET'),
	('HD_VILLA_NEIGHBORHOOD_GOLD_BONUS',							'MODIFIER_CITY_DISTRICTS_ADJUST_YIELD_CHANGE',		'REQUIRES_DISTRICT_IS_DISTRICT_NEIGHBORHOOD_UDMET'),
	('HD_VILLA_IMPROVEMENT_BONUS',										'MODIFIER_CITY_PLOT_YIELDS_ADJUST_PLOT_YIELD',		'PLOT_HAS_IMPROVEMENT_CLASSIFICATION_RESIDENTIAL_FACILITIES_REQUIREMENTS'),
	('HD_BUS_STOP_IMPROVEMENT_GOLD',									'MODIFIER_PLAYER_ADJUST_PLOT_YIELD',							'HD_IMPROVED_PLOT_WITHIN_3_TIELS'),
	('HD_BUS_STOP_COMMERCIAL_BONUS',									'MODIFIER_CITY_DISTRICTS_ADJUST_YIELD_MODIFIER',	'DISTRICT_IS_COMMERCIAL_HUB'),
	('HD_BUS_STOP_HARBOR_BONUS',											'MODIFIER_CITY_DISTRICTS_ADJUST_YIELD_MODIFIER',	'DISTRICT_IS_HARBOR');

insert or replace into ModifierArguments
	(ModifierId,																			Name,											Value)
values
	('HD_VILLA_NEIGHBORHOOD_FOOD_BONUS',							'YieldType',							'YIELD_FOOD'),
	('HD_VILLA_NEIGHBORHOOD_FOOD_BONUS',							'Amount',									1),
	('HD_VILLA_NEIGHBORHOOD_GOLD_BONUS',							'YieldType',							'YIELD_GOLD'),
	('HD_VILLA_NEIGHBORHOOD_GOLD_BONUS',							'Amount',									3),
	('HD_VILLA_IMPROVEMENT_BONUS',										'YieldType',							'YIELD_FOOD,YIELD_GOLD'),
	('HD_VILLA_IMPROVEMENT_BONUS',										'Amount',									'1,3'),
	('HD_BUS_STOP_IMPROVEMENT_GOLD',									'YieldType',							'YIELD_GOLD'),
	('HD_BUS_STOP_IMPROVEMENT_GOLD',									'Amount',									3),
	('HD_BUS_STOP_COMMERCIAL_BONUS',									'YieldType',							'YIELD_GOLD'),
	('HD_BUS_STOP_COMMERCIAL_BONUS',									'Amount',									100),
	('HD_BUS_STOP_HARBOR_BONUS',											'YieldType',							'YIELD_GOLD'),
	('HD_BUS_STOP_HARBOR_BONUS',											'Amount',									100);

	-- 区域对应产出
insert or replace into BuildingModifiers (BuildingType, ModifierId) select
	'BUILDING_HD_BUS_STOP', 'HD_BUS_STOP_' || DistrictType || '_' || YieldType || '_BONUS'
from DistrictCorrespondingYieldType_HD;

insert or replace into Modifiers (ModifierId, ModifierType, SubjectRequirementSetId) select
	'HD_BUS_STOP_' || DistrictType || '_' || YieldType || '_BONUS',
	'MODIFIER_PLAYER_DISTRICTS_ADJUST_YIELD_CHANGE',
	'DISTRICT_IS_' || DistrictType || '_WITHIN_3_TILES_REQUIREMENTS'
from DistrictCorrespondingYieldType_HD;

insert or replace into ModifierArguments (ModifierId, Name, Value) select
	'HD_BUS_STOP_' || DistrictType || '_' || YieldType || '_BONUS', 'YieldType', YieldType
from DistrictCorrespondingYieldType_HD;

insert or replace into ModifierArguments (ModifierId, Name, Value) select
	'HD_BUS_STOP_' || DistrictType || '_' || YieldType || '_BONUS', 'Amount', Amount
from DistrictCorrespondingYieldType_HD;

-- 警署
	-- 本城
insert or replace into BuildingModifiers (BuildingType, ModifierId) select
	'BUILDING_HD_POLICE_STATION',				'HD_POLICE_STATION_ ' || DistrictType || '_' || YieldType || '_BONUS'
from DistrictCorrespondingYieldType_HD;

insert or replace into Modifiers (ModifierId, ModifierType, OwnerRequirementSetId, SubjectStackLimit) select
	'HD_POLICE_STATION_ ' || DistrictType || '_' || YieldType || '_BONUS',
	'MODIFIER_BUILDING_YIELD_CHANGE',
	'REQUIRES_CITY_HAS_' || DistrictType || '_UDMET',
	1
from DistrictCorrespondingYieldType_HD;

insert or replace into ModifierArguments (ModifierId, Name, Value) select
	'HD_POLICE_STATION_ ' || DistrictType || '_' || YieldType || '_BONUS', 'BuildingType', 'BUILDING_HD_POLICE_STATION'
from DistrictCorrespondingYieldType_HD;

insert or replace into ModifierArguments (ModifierId, Name, Value) select
	'HD_POLICE_STATION_ ' || DistrictType || '_' || YieldType || '_BONUS', 'YieldType', YieldType
from DistrictCorrespondingYieldType_HD;

insert or replace into ModifierArguments (ModifierId, Name, Value) select
	'HD_POLICE_STATION_ ' || DistrictType || '_' || YieldType || '_BONUS', 'Amount', Amount * 2
from DistrictCorrespondingYieldType_HD;

--瑞典ub
delete from MutuallyExclusiveBuildings where Building = 'BUILDING_QUEENS_BIBLIOTHEQUE' or MutuallyExclusiveBuilding = 'BUILDING_QUEENS_BIBLIOTHEQUE';
delete from BuildingPrereqs where PrereqBuilding = 'BUILDING_QUEENS_BIBLIOTHEQUE';
delete from Building_GreatWorks where BuildingType = 'BUILDING_QUEENS_BIBLIOTHEQUE';
insert or replace into GlobalParameters
	(Name,																					Value)
values 
	('BUILDING_QUEENS_BIBLIOTHEQUE_OPERA_BALLET',		1);
insert or replace into Building_GreatWorks
	(BuildingType,						GreatWorkSlotType,				NumSlots)
values
	('BUILDING_QUEENS_BIBLIOTHEQUE',	'GREATWORKSLOT_PALACE',			6);

insert or replace into BuildingModifiers
	(BuildingType,										ModifierId)
values
	('BUILDING_QUEENS_BIBLIOTHEQUE',	'QUEENS_BIBLIOTHEQUE_WRITING_TOURISM'),
	('BUILDING_QUEENS_BIBLIOTHEQUE',	'QUEENS_BIBLIOTHEQUE_CIVIC_BOOST'),
	('BUILDING_QUEENS_BIBLIOTHEQUE',	'HD_QUEENS_BIBLIOTHEQUE_CIVIC_BOOST_RECORD');

insert or replace into Modifiers
	(ModifierId,																	ModifierType)
values
	('QUEENS_BIBLIOTHEQUE_WRITING_TOURISM',				'MODIFIER_SINGLE_CITY_ADJUST_TOURISM'),
	('QUEENS_BIBLIOTHEQUE_CIVIC_BOOST',						'MODIFIER_PLAYER_ADJUST_CIVIC_BOOST'),
	('HD_QUEENS_BIBLIOTHEQUE_CIVIC_BOOST_RECORD',						'MODIFIER_PLAYER_ADJUST_PROPERTY');

insert or replace into ModifierArguments
	(ModifierId,																	Name,										Value)
values
	('QUEENS_BIBLIOTHEQUE_WRITING_TOURISM',				'ScalingFactor',				200),
	('QUEENS_BIBLIOTHEQUE_WRITING_TOURISM',				'GreatWorkObjectType',	'GREATWORKOBJECT_WRITING'),
	('QUEENS_BIBLIOTHEQUE_CIVIC_BOOST',						'Amount',								3),
	('HD_QUEENS_BIBLIOTHEQUE_CIVIC_BOOST_RECORD',						'Key',								'HD_Player_Extra_Civic_Boost'),
	('HD_QUEENS_BIBLIOTHEQUE_CIVIC_BOOST_RECORD',						'Amount',								3);

	-- 巨作业绩产出
insert or replace into BuildingModifiers
	(BuildingType,									ModifierId)
select
	'BUILDING_QUEENS_BIBLIOTHEQUE',	'QUEENS_BIBLIOTHEQUE_' || GreatWorkObjectType || '_TOURISM_MODIFIER'
from GreatWorkObjectTypes where GreatWorkObjectType != 'GREATWORKOBJECT_PRODUCT';

insert or replace into Modifiers
	(ModifierId,																														ModifierType)
select
	'QUEENS_BIBLIOTHEQUE_' || GreatWorkObjectType || '_TOURISM_MODIFIER',		'MODIFIER_SINGLE_CITY_ADJUST_TOURISM'
from GreatWorkObjectTypes where GreatWorkObjectType != 'GREATWORKOBJECT_PRODUCT';

insert or replace into ModifierArguments
	(ModifierId,																														Name,										Value)
select
	'QUEENS_BIBLIOTHEQUE_' || GreatWorkObjectType || '_TOURISM_MODIFIER',		'ScalingFactor',				200
from GreatWorkObjectTypes where GreatWorkObjectType != 'GREATWORKOBJECT_PRODUCT';

insert or replace into ModifierArguments
	(ModifierId,																														Name,										Value)
select
	'QUEENS_BIBLIOTHEQUE_' || GreatWorkObjectType || '_TOURISM_MODIFIER',		'GreatWorkObjectType',	GreatWorkObjectType
from GreatWorkObjectTypes where GreatWorkObjectType != 'GREATWORKOBJECT_PRODUCT';

-- 主题化
update Building_GreatWorks set NumSlots = 3, ThemingUniquePerson = 1, ThemingSameEras = 1, ThemingTourismMultiplier = 100, ThemingYieldMultiplier = 100,
	ThemingBonusDescription = 'LOC_BUILDING_THEMINGBONUS_BROADCAST_CENTER' where BuildingType in ('BUILDING_BROADCAST_CENTER', 'BUILDING_FILM_STUDIO');

-- 国家历史博物馆
insert or replace into BuildingModifiers
	(BuildingType,					        			ModifierId)
values
	('BUILDING_GOV_CULTURE',							'GOV_CULTURE_ALL_TOURISM'),
	('BUILDING_GOV_CULTURE',							'GOV_CULTURE_MUSEUM_BOOST');

insert or replace into Modifiers
	(ModifierId,					        			ModifierType,																					SubjectRequirementSetId)
values
	('GOV_CULTURE_ALL_TOURISM',					'MODIFIER_PLAYER_ADJUST_TOURISM',											Null),
	('GOV_CULTURE_MUSEUM_BOOST',				'MODIFIER_PLAYER_CITIES_ADJUST_CITY_YIELD_MODIFIER',	'BUILDING_IS_MUSEUM');

insert or replace into ModifierArguments
	(ModifierId,										Name,								Value)
values
	('GOV_CULTURE_ALL_TOURISM',			'Amount',						20),
	('GOV_CULTURE_MUSEUM_BOOST',		'YieldType',				'YIELD_CULTURE'),
	('GOV_CULTURE_MUSEUM_BOOST',		'Amount',						25);

	-- 本城巨作业绩产出
insert or replace into BuildingModifiers
	(BuildingType,									ModifierId)
select
	'BUILDING_GOV_CULTURE',					'GOV_CULTURE_' || GreatWorkObjectType || '_TOURISM_MODIFIER'
from GreatWorkObjectTypes where GreatWorkObjectType != 'GREATWORKOBJECT_PRODUCT';

insert or replace into Modifiers
	(ModifierId,																														ModifierType)
select
	'GOV_CULTURE_' || GreatWorkObjectType || '_TOURISM_MODIFIER',						'MODIFIER_SINGLE_CITY_ADJUST_TOURISM'
from GreatWorkObjectTypes where GreatWorkObjectType != 'GREATWORKOBJECT_PRODUCT';

insert or replace into ModifierArguments
	(ModifierId,																														Name,										Value)
select
	'GOV_CULTURE_' || GreatWorkObjectType || '_TOURISM_MODIFIER',						'ScalingFactor',				200
from GreatWorkObjectTypes where GreatWorkObjectType != 'GREATWORKOBJECT_PRODUCT';

insert or replace into ModifierArguments
	(ModifierId,																														Name,										Value)
select
	'GOV_CULTURE_' || GreatWorkObjectType || '_TOURISM_MODIFIER',						'GreatWorkObjectType',	GreatWorkObjectType
from GreatWorkObjectTypes where GreatWorkObjectType != 'GREATWORKOBJECT_PRODUCT';

	-- 全城巨作业绩产出
insert or replace into BuildingModifiers
	(BuildingType,									ModifierId)
select
	'BUILDING_GOV_CULTURE',					'GOV_CULTURE_ALL_' || GreatWorkObjectType || '_TOURISM_MODIFIER'
from GreatWorkObjectTypes where GreatWorkObjectType != 'GREATWORKOBJECT_PRODUCT';

insert or replace into Modifiers
	(ModifierId,																														ModifierType)
select
	'GOV_CULTURE_ALL_' || GreatWorkObjectType || '_TOURISM_MODIFIER',				'MODIFIER_PLAYER_CITIES_ADJUST_TOURISM'
from GreatWorkObjectTypes where GreatWorkObjectType != 'GREATWORKOBJECT_PRODUCT';

insert or replace into ModifierArguments
	(ModifierId,																														Name,										Value)
select
	'GOV_CULTURE_ALL_' || GreatWorkObjectType || '_TOURISM_MODIFIER',				'ScalingFactor',				200
from GreatWorkObjectTypes where GreatWorkObjectType != 'GREATWORKOBJECT_PRODUCT';

insert or replace into ModifierArguments
	(ModifierId,																														Name,										Value)
select
	'GOV_CULTURE_ALL_' || GreatWorkObjectType || '_TOURISM_MODIFIER',				'GreatWorkObjectType',	GreatWorkObjectType
from GreatWorkObjectTypes where GreatWorkObjectType != 'GREATWORKOBJECT_PRODUCT';

-- 海港
update ModifierArguments set Value = 1 where ModifierId = 'SEAPORT_COAST_GOLD' and Name = 'Amount';
update ModifierArguments set Value = 'YIELD_FOOD' where ModifierId = 'SEAPORT_COAST_GOLD' and Name = 'YieldType';

-- 电子厂
insert or replace into BuildingModifiers
	(BuildingType,										ModifierId)
values
	('BUILDING_HD_ELECTRONICS_FACTORY',	'HD_ELECTRONICS_FACTORY_POP_PRODUCTION'),
	('BUILDING_HD_ELECTRONICS_FACTORY',	'HD_ELECTRONICS_FACTORY_POP_PRODUCTION_POWERED'),
	('BUILDING_HD_ELECTRONICS_FACTORY',	'HD_ELECTRONICS_FACTORY_DISTRICT_PRODUCTION'),
	('BUILDING_HD_ELECTRONICS_FACTORY',	'HD_ELECTRONICS_FACTORY_DISTRICT_PRODUCTION_POWERED');

insert or replace into Modifiers
	(ModifierId,																						ModifierType,																								OwnerRequirementSetId,	SubjectRequirementSetId)
values
	('HD_ELECTRONICS_FACTORY_POP_PRODUCTION',								'MODIFIER_SINGLE_CITY_ADJUST_CITY_YIELD_PER_POPULATION',		null,										null),
	('HD_ELECTRONICS_FACTORY_POP_PRODUCTION_POWERED',				'MODIFIER_SINGLE_CITY_ADJUST_CITY_YIELD_PER_POPULATION',		'PLAYER_HAS_TECH_INTEGRATED_CIRCUIT_HD_REQUIREMENTS',			null),
	('HD_ELECTRONICS_FACTORY_DISTRICT_PRODUCTION',					'MODIFIER_CITY_DISTRICTS_ADJUST_YIELD_CHANGE',							null,										'HD_DISTRICTS_IS_NOT_WONDERS_REQUIREMENTS'),
	('HD_ELECTRONICS_FACTORY_DISTRICT_PRODUCTION_POWERED',	'MODIFIER_CITY_DISTRICTS_ADJUST_YIELD_CHANGE',							'PLAYER_HAS_TECH_INTEGRATED_CIRCUIT_HD_REQUIREMENTS',			'HD_DISTRICTS_IS_NOT_WONDERS_REQUIREMENTS');

insert or replace into ModifierArguments
	(ModifierId,																						Name,										Value)
values
	('HD_ELECTRONICS_FACTORY_POP_PRODUCTION',								'YieldType',						'YIELD_PRODUCTION'),
	('HD_ELECTRONICS_FACTORY_POP_PRODUCTION',								'Amount',								0.5),
	('HD_ELECTRONICS_FACTORY_POP_PRODUCTION_POWERED',				'YieldType',						'YIELD_PRODUCTION'),
	('HD_ELECTRONICS_FACTORY_POP_PRODUCTION_POWERED',				'Amount',								0.5),
	('HD_ELECTRONICS_FACTORY_DISTRICT_PRODUCTION',					'YieldType',						'YIELD_PRODUCTION'),
	('HD_ELECTRONICS_FACTORY_DISTRICT_PRODUCTION',					'Amount',								1),
	('HD_ELECTRONICS_FACTORY_DISTRICT_PRODUCTION_POWERED',	'YieldType',						'YIELD_PRODUCTION'),
	('HD_ELECTRONICS_FACTORY_DISTRICT_PRODUCTION_POWERED',	'Amount',								1);

-- 互联网公司
insert or replace into Building_YieldDistrictCopies
	(BuildingType,                      OldYieldType,           NewYieldType)
values
	('BUILDING_HD_INTERNET_COMPANY',    'YIELD_PRODUCTION',     'YIELD_PRODUCTION');

insert or replace into BuildingModifiers
	(BuildingType,                  	 ModifierId)
values
	('BUILDING_HD_INTERNET_COMPANY',   'INTERNET_CAMPUS_ADJACENCY_TOURISM'),
	('BUILDING_HD_INTERNET_COMPANY',   'INTERNET_INDUSTRIAL_ADJACENCY_TOURISM'),
	('BUILDING_HD_INTERNET_COMPANY',   'INTERNET_ALL_TOURISM');

insert or replace into Modifiers
	(ModifierId,                              ModifierType,                                           						OwnerRequirementSetId,	SubjectRequirementSetId)
values
	('INTERNET_CAMPUS_ADJACENCY_TOURISM',     'MODIFIER_CITY_DISTRICTS_ADJUST_TOURISM_ADJACENCY_YIELD_MOFIFIER', null,										'REQUIRES_DISTRICT_IS_DISTRICT_CAMPUS_UDMET'),
	('INTERNET_INDUSTRIAL_ADJACENCY_TOURISM', 'MODIFIER_CITY_DISTRICTS_ADJUST_TOURISM_ADJACENCY_YIELD_MOFIFIER', null,										'REQUIRES_DISTRICT_IS_DISTRICT_INDUSTRIAL_ZONE_UDMET'),
	('INTERNET_ALL_TOURISM',                  'MODIFIER_PLAYER_ADJUST_TOURISM',                        					 'CITY_IS_POWERED',				null);

insert or replace into ModifierArguments
  (ModifierId,                                        Name,           Value)
values
	('INTERNET_CAMPUS_ADJACENCY_TOURISM',               'YieldType',    'YIELD_SCIENCE'),
	('INTERNET_CAMPUS_ADJACENCY_TOURISM',               'Amount',       100),
	('INTERNET_INDUSTRIAL_ADJACENCY_TOURISM',           'YieldType',    'YIELD_PRODUCTION'),
	('INTERNET_INDUSTRIAL_ADJACENCY_TOURISM',           'Amount',       100),
	('INTERNET_ALL_TOURISM',                            'Amount',       5);

	-- 产品业绩
insert or replace into BuildingModifiers (BuildingType, ModifierId) select
	'BUILDING_HD_INTERNET_COMPANY',	    'INTERNET_PRODUCT_TOURISM'
where exists (select GreatWorkSlotType from GreatWorkSlotTypes where GreatWorkSlotType = 'GREATWORKSLOT_PRODUCT');

insert or replace into Modifiers (ModifierId, ModifierType) select
	'INTERNET_PRODUCT_TOURISM',				    	'MODIFIER_SINGLE_CITY_ADJUST_TOURISM'
where exists (select GreatWorkSlotType from GreatWorkSlotTypes where GreatWorkSlotType = 'GREATWORKSLOT_PRODUCT');

insert or replace into ModifierArguments (ModifierId, Name, Value) select
	'INTERNET_PRODUCT_TOURISM',			    		'GreatWorkObjectType',		'GREATWORKOBJECT_PRODUCT'
where exists (select GreatWorkSlotType from GreatWorkSlotTypes where GreatWorkSlotType = 'GREATWORKSLOT_PRODUCT');

insert or replace into ModifierArguments (ModifierId, Name, Value) select
	'INTERNET_PRODUCT_TOURISM',			    		'ScalingFactor',			200
where exists (select GreatWorkSlotType from GreatWorkSlotTypes where GreatWorkSlotType = 'GREATWORKSLOT_PRODUCT');

	-- 产品产出
insert or replace into BuildingModifiers (BuildingType, ModifierId) select
	'BUILDING_HD_INTERNET_COMPANY', 'INTERNET_PRODUCT_' || YieldType
from Yields where YieldType in ('YIELD_SCIENCE', 'YIELD_CULTURE')
	and exists (select GreatWorkSlotType from GreatWorkSlotTypes where GreatWorkSlotType = 'GREATWORKSLOT_PRODUCT');

insert or replace into Modifiers (ModifierId, ModifierType) select
	'INTERNET_PRODUCT_' || YieldType, 'MODIFIER_SINGLE_CITY_ADJUST_GREATWORK_YIELD'
from Yields where YieldType in ('YIELD_SCIENCE', 'YIELD_CULTURE')
	and exists (select GreatWorkSlotType from GreatWorkSlotTypes where GreatWorkSlotType = 'GREATWORKSLOT_PRODUCT');

insert or replace into ModifierArguments (ModifierId, Name, Value) select
	'INTERNET_PRODUCT_' || YieldType, 'GreatWorkObjectType', 'GREATWORKOBJECT_PRODUCT'
from Yields where YieldType in ('YIELD_SCIENCE', 'YIELD_CULTURE')
	and exists (select GreatWorkSlotType from GreatWorkSlotTypes where GreatWorkSlotType = 'GREATWORKSLOT_PRODUCT');

insert or replace into ModifierArguments (ModifierId, Name, Value) select
	'INTERNET_PRODUCT_' || YieldType, 'YieldType', YieldType
from Yields where YieldType in ('YIELD_SCIENCE', 'YIELD_CULTURE')
	and exists (select GreatWorkSlotType from GreatWorkSlotTypes where GreatWorkSlotType = 'GREATWORKSLOT_PRODUCT');

insert or replace into ModifierArguments (ModifierId, Name, Value) select
	'INTERNET_PRODUCT_' || YieldType, 'ScalingFactor', 200
from Yields where YieldType in ('YIELD_SCIENCE', 'YIELD_CULTURE')
	and exists (select GreatWorkSlotType from GreatWorkSlotTypes where GreatWorkSlotType = 'GREATWORKSLOT_PRODUCT');

-- 新政府区/外交区三级建筑
insert or replace into BuildingModifiers
	(BuildingType,					                				ModifierId)
values
	('BUILDING_HD_HUMAN_RIGHTS_COUNCIL',         		'HD_HRC_ECONOMIC_SLOT'),
	
	('BUILDING_HD_MINISTRY_OF_NATIONAL_DEFENSE',    'HD_MND_MILITARY_SLOT'),
	('BUILDING_HD_MINISTRY_OF_NATIONAL_DEFENSE',    'HD_MND_EXTRA_GREAT_GENERAL_POINTS'),
	('BUILDING_HD_MINISTRY_OF_NATIONAL_DEFENSE',    'HD_MND_UNIT_STRENGTH'),

	('BUILDING_HD_REGIONAL_COUNCIL_CENTER',         'HD_RCC_DIPLOMATIC_SLOT'),
	('BUILDING_HD_REGIONAL_COUNCIL_CENTER',         'HD_RCC_INFLUENCE_BONUS'),
	('BUILDING_HD_REGIONAL_COUNCIL_CENTER',         'HD_RCC_DIPLOMATIC_VICTOR_POINTS'),
	('BUILDING_HD_REGIONAL_COUNCIL_CENTER',         'HD_RCC_ALLIANCE_POINTS'),
	('BUILDING_HD_REGIONAL_COUNCIL_CENTER',         'HD_RCC_DIPLOMATIC_VISIBLE'),
	('BUILDING_HD_WORLD_PARLIAMENT_HEADQUARTERS',   'HD_RCC_DIPLOMATIC_SLOT'),
	('BUILDING_HD_WORLD_PARLIAMENT_HEADQUARTERS',   'HD_WPH_INFLUENCE_BONUS'),
	('BUILDING_HD_WORLD_PARLIAMENT_HEADQUARTERS',   'HD_WPH_DIPLOMATIC_VICTOR_POINTS'),
	('BUILDING_HD_WORLD_PARLIAMENT_HEADQUARTERS',   'HD_RCC_ALLIANCE_POINTS'),
	('BUILDING_HD_WORLD_PARLIAMENT_HEADQUARTERS',   'HD_RCC_DIPLOMATIC_VISIBLE'),

	('BUILDING_HD_WORLD_PARLIAMENT_HEADQUARTERS',   'HD_WORLD_PARLIAMENT_HEADQUARTERS_OFFENSE'),
	('BUILDING_HD_WORLD_PARLIAMENT_HEADQUARTERS',   'HD_WORLD_PARLIAMENT_HEADQUARTERS_DEFENSE'),
	('BUILDING_HD_REGIONAL_COUNCIL_CENTER',         'HD_REGIONAL_COUNCIL_CENTER_DEFENSE');

insert or replace into GameModifiers (ModifierId) values
	('HD_HRC_AWARD_GOVERNOR'),
	('HD_MND_AWARD_GOVERNOR'),
	('HD_RCC_AWARD_GOVERNOR'),
	('HD_WPH_AWARD_GOVERNOR'),
	('HD_MANSION_AWARD_GOVERNOR');

insert or replace into Modifiers
	(ModifierId,                      ModifierType,                                    SubjectRequirementSetId,                    													RunOnce,Permanent,SubjectStackLimit)
values
	('HD_HRC_AWARD_GOVERNOR',     		'MODIFIER_ALL_PLAYERS_ADJUST_GOVERNOR_POINTS',   'PLAYER_HAS_BUILDING_HD_HUMAN_RIGHTS_COUNCIL_REQUIREMENTS',  				1,      1,        1),
	('HD_MND_AWARD_GOVERNOR',     		'MODIFIER_ALL_PLAYERS_ADJUST_GOVERNOR_POINTS',   'PLAYER_HAS_BUILDING_HD_MINISTRY_OF_NATIONAL_DEFENSE_REQUIREMENTS',  1,      1,        1),
	('HD_RCC_AWARD_GOVERNOR',     		'MODIFIER_ALL_PLAYERS_ADJUST_GOVERNOR_POINTS',   'PLAYER_HAS_BUILDING_HD_REGIONAL_COUNCIL_CENTER_REQUIREMENTS',  			1,      1,        1),
	('HD_WPH_AWARD_GOVERNOR',     		'MODIFIER_ALL_PLAYERS_ADJUST_GOVERNOR_POINTS',   'PLAYER_HAS_BUILDING_HD_WORLD_PARLIAMENT_HEADQUARTERS_REQUIREMENTS', 1,      1,        1),
	('HD_MANSION_AWARD_GOVERNOR',     'MODIFIER_ALL_PLAYERS_ADJUST_GOVERNOR_POINTS',   'PLAYER_HAS_BUILDING_HD_MANSION_REQUIREMENTS',  											1,      1,        1);

insert or replace into Modifiers
	(ModifierId,					        					ModifierType,			                                        			SubjectRequirementSetId)
values
	('HD_HRC_ECONOMIC_SLOT',              	'MODIFIER_PLAYER_CULTURE_ADJUST_GOVERNMENT_SLOTS_MODIFIER',     NULL),
	('HD_MND_MILITARY_SLOT',              	'MODIFIER_PLAYER_CULTURE_ADJUST_GOVERNMENT_SLOTS_MODIFIER',     NULL),
	('HD_MND_EXTRA_GREAT_GENERAL_POINTS',   'MODIFIER_PLAYER_ADJUST_GREAT_PERSON_POINTS_PERCENT',     			NULL),
	('HD_MND_UNIT_STRENGTH',   							'MODIFIER_PLAYER_UNITS_GRANT_ABILITY',     											NULL),
	('HD_MND_UNIT_STRENGTH_MODIFIER',   		'MODIFIER_UNIT_ADJUST_COMBAT_STRENGTH',     										NULL),

	('HD_MND_SCIENCE',              				'MODIFIER_PLAYER_CITIES_ADJUST_BUILDING_YIELD_CHANGE',     			NULL),
	('HD_MND_PRODUCTION',              			'MODIFIER_PLAYER_CITIES_ADJUST_BUILDING_YIELD_CHANGE',     			NULL),

	('HD_RCC_DIPLOMATIC_SLOT',              'MODIFIER_PLAYER_CULTURE_ADJUST_GOVERNMENT_SLOTS_MODIFIER',     NULL),
	('HD_RCC_INFLUENCE_BONUS',              'MODIFIER_PLAYER_GOVERNMENT_FLAT_BONUS',                        NULL),
	('HD_RCC_DIPLOMATIC_VICTOR_POINTS',     'MODIFIER_PLAYER_ADJUST_DIPLOMATIC_VICTORY_POINTS',             NULL),
	('HD_RCC_ALLIANCE_POINTS',              'MODIFIER_PLAYER_ADJUST_ALLIANCE_POINTS',                       NULL),
	('HD_RCC_DIPLOMATIC_VISIBLE',           'MODIFIER_PLAYER_ADD_DIPLO_VISIBILITY',                         NULL),

	('HD_WPH_INFLUENCE_BONUS',              'MODIFIER_PLAYER_GOVERNMENT_FLAT_BONUS',                        NULL),
	('HD_WPH_DIPLOMATIC_VICTOR_POINTS',     'MODIFIER_PLAYER_ADJUST_DIPLOMATIC_VICTORY_POINTS',             NULL),

	('HD_WORLD_PARLIAMENT_HEADQUARTERS_OFFENSE',    'MODIFIER_PLAYER_ADJUST_SPY_BONUS',                     NULL),
	('HD_WORLD_PARLIAMENT_HEADQUARTERS_DEFENSE',    'MODIFIER_PLAYER_ADJUST_SPY_BONUS',                     NULL),
	('HD_REGIONAL_COUNCIL_CENTER_DEFENSE',          'MODIFIER_PLAYER_ADJUST_SPY_BONUS',                     NULL);

update Modifiers set RunOnce = 1, Permanent = 1 where ModifierId in ('HD_RCC_DIPLOMATIC_VICTOR_POINTS','HD_RCC_TOKENS','HD_WPH_DIPLOMATIC_VICTOR_POINTS');

insert or replace into ModifierArguments
	(ModifierId,														Name,		            		Value)
values
	('HD_HRC_AWARD_GOVERNOR',	              'Delta',								1),
	('HD_MND_AWARD_GOVERNOR',	              'Delta',								1),
	('HD_RCC_AWARD_GOVERNOR',	              'Delta',								1),
	('HD_WPH_AWARD_GOVERNOR',	              'Delta',								1),
	('HD_MANSION_AWARD_GOVERNOR',	          'Delta',								1),

	('HD_HRC_ECONOMIC_SLOT',	              'GovernmentSlotType',   'SLOT_ECONOMIC'),
	('HD_MND_MILITARY_SLOT',	              'GovernmentSlotType',   'SLOT_MILITARY'),
	('HD_MND_EXTRA_GREAT_GENERAL_POINTS',	  'GreatPersonClassType', 'GREAT_PERSON_CLASS_GENERAL'),
	('HD_MND_EXTRA_GREAT_GENERAL_POINTS',	  'Amount',   						50),
	('HD_MND_UNIT_STRENGTH',	  						'AbilityType',   				'ABILITY_MND_UNIT_STRENGTH'),
	('HD_MND_UNIT_STRENGTH_MODIFIER',	  		'Amount',   						5),

	('HD_MND_SCIENCE',	              			'BuildingType',   			'BUILDING_HD_MINISTRY_OF_NATIONAL_DEFENSE'),
	('HD_MND_SCIENCE',	              			'YieldType',   					'YIELD_SCIENCE'),
	('HD_MND_SCIENCE',	              			'Amount',   						3),
	('HD_MND_PRODUCTION',             			'BuildingType',   			'BUILDING_HD_MINISTRY_OF_NATIONAL_DEFENSE'),
	('HD_MND_PRODUCTION',             			'YieldType',   					'YIELD_PRODUCTION'),
	('HD_MND_PRODUCTION',             			'Amount',   						3),

	('HD_RCC_DIPLOMATIC_SLOT',              'GovernmentSlotType',   'SLOT_DIPLOMATIC'),
	('HD_RCC_INFLUENCE_BONUS',              'BonusType',            'GOVERNMENTBONUS_ENVOYS'),
	('HD_RCC_INFLUENCE_BONUS',              'Amount',               25),
	('HD_RCC_DIPLOMATIC_VICTOR_POINTS',     'Amount',               1),
	('HD_RCC_DIPLOMATIC_VICTOR_POINTS',     'Tooltip',              'LOC_DVP_TOOLTIP_OTHER_SOURCES'),
	('HD_RCC_ALLIANCE_POINTS',              'Amount',               20),
	('HD_RCC_DIPLOMATIC_VISIBLE',           'Amount',               1),
	('HD_RCC_DIPLOMATIC_VISIBLE',           'Source',               'SOURCE_GOV_SPIES'),
	('HD_RCC_DIPLOMATIC_VISIBLE',           'SourceType',           'DIPLO_SOURCE_ALL_NAMES'),

	('HD_WPH_INFLUENCE_BONUS',              'BonusType',            'GOVERNMENTBONUS_ENVOYS'),
	('HD_WPH_INFLUENCE_BONUS',              'Amount',               50),
	('HD_WPH_DIPLOMATIC_VICTOR_POINTS',     'Amount',               3),
	('HD_WPH_DIPLOMATIC_VICTOR_POINTS',     'Tooltip',              'LOC_DVP_TOOLTIP_OTHER_SOURCES'),

	('HD_WORLD_PARLIAMENT_HEADQUARTERS_OFFENSE',        'Offense',          1),
	('HD_WORLD_PARLIAMENT_HEADQUARTERS_OFFENSE',        'Amount',           1),
	('HD_WORLD_PARLIAMENT_HEADQUARTERS_DEFENSE',        'Offense',          0),
	('HD_WORLD_PARLIAMENT_HEADQUARTERS_DEFENSE',        'Amount',           1), 
	('HD_REGIONAL_COUNCIL_CENTER_DEFENSE',              'Offense',          0),
	('HD_REGIONAL_COUNCIL_CENTER_DEFENSE',              'Amount',           1);

-- 城邦加成效果
insert or replace into BuildingModifiers
	(BuildingType,					                				ModifierId)
select
	'BUILDING_HD_WORLD_PARLIAMENT_HEADQUARTERS',    'HD_WPH_' || CityStateType || '_ADD_' || YieldType
from CityStateCorrespondingYieldType_HD;

insert or replace into Modifiers
	(ModifierId,					        											ModifierType,			                                   SubjectRequirementSetId)
select
	'HD_WPH_' || CityStateType || '_ADD_' || YieldType,	'MODIFIER_PLAYER_CITIES_ADJUST_CITY_YIELD_MODIFIER', 'HD_' || CityStateType || '_SUZERAIN_1_REQUIREMENTS'
from CityStateCorrespondingYieldType_HD;

insert or replace into ModifierArguments
	(ModifierId,																				Name,		     Value)
select
	'HD_WPH_' || CityStateType || '_ADD_' || YieldType,	'YieldType', YieldType
from CityStateCorrespondingYieldType_HD;

insert or replace into ModifierArguments
	(ModifierId,																				Name,		     Value)
select
	'HD_WPH_' || CityStateType || '_ADD_' || YieldType,	'Amount', 	 10
from CityStateCorrespondingYieldType_HD;

-- 国防部
insert or ignore into Types
	(Type,												Kind)
values
	('ABILITY_MND_UNIT_STRENGTH',	'KIND_ABILITY');

insert or replace into UnitAbilities
	(UnitAbilityType,							Name,																		Description,																	Inactive)
values
	('ABILITY_MND_UNIT_STRENGTH',	'LOC_ABILITY_MND_UNIT_STRENGTH_NAME',		'LOC_ABILITY_MND_UNIT_STRENGTH_DESCRIPTION',	1);

insert or replace into UnitAbilityModifiers
	(UnitAbilityType,							ModifierId)
values
	('ABILITY_MND_UNIT_STRENGTH',	'HD_MND_UNIT_STRENGTH_MODIFIER');

insert or replace into TypeTags
	(Type,												Tag)
values
	('ABILITY_MND_UNIT_STRENGTH',	'CLASS_MILITARY');

-- 人权理事会
insert or replace into BuildingModifiers
	(BuildingType,					             ModifierId)
select
	'BUILDING_HD_HUMAN_RIGHTS_COUNCIL',  'HD_HRC_' || DistrictType || '_' || GreatPersonClassType || '_ATTACH'
from DistrictCorrespondingGPP_HD;

insert or replace into Modifiers
	(ModifierId,					        																					ModifierType,			                            SubjectRequirementSetId)
select
	'HD_HRC_' || DistrictType || '_' || GreatPersonClassType || '_ATTACH',	'MODIFIER_PLAYER_DISTRICTS_ATTACH_MODIFIER',	'REQUIRES_DISTRICT_IS_DISTRICT_NEIGHBORHOOD_UDMET'
from DistrictCorrespondingGPP_HD;

insert or replace into Modifiers
	(ModifierId,					        																					ModifierType,			                            					OwnerRequirementSetId)
select
	'HD_HRC_' || DistrictType || '_' || GreatPersonClassType || '_BONUS',		'MODIFIER_PLAYER_DISTRICT_ADJUST_GREAT_PERSON_POINTS',	'REQUIRES_CITY_HAS_' || DistrictType || '_UDMET'
from DistrictCorrespondingGPP_HD;

insert or replace into ModifierArguments
	(ModifierId,																														Name,		      Value)
select
	'HD_HRC_' || DistrictType || '_' || GreatPersonClassType || '_ATTACH',	'ModifierId',	'HD_HRC_' || DistrictType || '_' || GreatPersonClassType || '_BONUS'
from DistrictCorrespondingGPP_HD;

insert or replace into ModifierArguments
	(ModifierId,																														Name,		      					Value)
select
	'HD_HRC_' || DistrictType || '_' || GreatPersonClassType || '_BONUS',		'GreatPersonClassType',	GreatPersonClassType
from DistrictCorrespondingGPP_HD;

insert or replace into ModifierArguments
	(ModifierId,																														Name,		  Value)
select
	'HD_HRC_' || DistrictType || '_' || GreatPersonClassType || '_BONUS',		'Amount',	4
from DistrictCorrespondingGPP_HD;

insert or replace into DiplomaticVisibilitySources
	(VisibilitySourceType,		Description,                ActionDescription,                  GossipString,					PrereqTech)
values
	('SOURCE_GOV_SPIES',		'LOC_VIZSOURCE_GOV_SPIES',	'LOC_VIZSOURCE_ACTION_GOV_SPIES',   'LOC_GOSSIP_SOURCE_GOV_SPIES',	'TECH_MATHEMATICS');

-----------------------------------------------------------------------
insert or replace into AllianceEffects
	(LevelRequirement,      AllianceType,             ModifierID)
values
	-- 经济同盟
	(1,                     'ALLIANCE_ECONOMIC',      'ALLIANCE_ADD_GOLD_TO_ORIGIN_TRADE_ROUTE_RCC'),
	(1,                     'ALLIANCE_ECONOMIC',      'ALLIANCE_ADD_GOLD_TO_DESTINATION_TRADE_ROUTE_RCC'),
	-- 军事同盟
	(1,                     'ALLIANCE_MILITARY',      'ALLIANCE_ADD_PRODUCTION_TO_ORIGIN_TRADE_ROUTE_RCC'),
	(1,                     'ALLIANCE_MILITARY',      'ALLIANCE_ADD_PRODUCTION_TO_DESTINATION_TRADE_ROUTE_RCC'),
	-- 宗教同盟
	(1,                     'ALLIANCE_RELIGIOUS',     'ALLIANCE_ADD_FAITH_TO_ORIGIN_TRADE_ROUTE_RCC'),
	(1,                     'ALLIANCE_RELIGIOUS',     'ALLIANCE_ADD_FAITH_TO_DESTINATION_TRADE_ROUTE_RCC'),
	-- 文化同盟
	(1,                     'ALLIANCE_CULTURAL',      'ALLIANCE_ADD_CULTURE_TO_ORIGIN_TRADE_ROUTE_RCC'),
	(1,                     'ALLIANCE_CULTURAL',      'ALLIANCE_ADD_CULTURE_TO_DESTINATION_TRADE_ROUTE_RCC'),
	-- 科技同盟
	(1,                     'ALLIANCE_RESEARCH',      'ALLIANCE_ADD_SCIENCE_TO_ORIGIN_TRADE_ROUTE_RCC'),
	(1,                     'ALLIANCE_RESEARCH',      'ALLIANCE_ADD_SCIENCE_TO_DESTINATION_TRADE_ROUTE_RCC');

insert or replace into Modifiers
	(ModifierId,	                                            ModifierType,                                           SubjectRequirementSetId)
values
	('ALLIANCE_ADD_GOLD_TO_ORIGIN_TRADE_ROUTE_RCC',             'MODIFIER_ALLIANCE_TRADE_ROUTE_ADJUST_YIELD',           'ROUTE_BETWEEN_ALLIES_REQUIREMENTS_RCC'),
	('ALLIANCE_ADD_GOLD_TO_DESTINATION_TRADE_ROUTE_RCC',        'MODIFIER_ALLIANCE_TRADE_ROUTE_ADJUST_YIELD',           'ROUTE_BETWEEN_ALLIES_REQUIREMENTS_RCC'),

	('ALLIANCE_ADD_PRODUCTION_TO_ORIGIN_TRADE_ROUTE_RCC',       'MODIFIER_ALLIANCE_TRADE_ROUTE_ADJUST_YIELD',           'ROUTE_BETWEEN_ALLIES_REQUIREMENTS_RCC'),
	('ALLIANCE_ADD_PRODUCTION_TO_DESTINATION_TRADE_ROUTE_RCC',  'MODIFIER_ALLIANCE_TRADE_ROUTE_ADJUST_YIELD',           'ROUTE_BETWEEN_ALLIES_REQUIREMENTS_RCC'),

	('ALLIANCE_ADD_FAITH_TO_ORIGIN_TRADE_ROUTE_RCC',            'MODIFIER_ALLIANCE_TRADE_ROUTE_ADJUST_YIELD',           'ROUTE_BETWEEN_ALLIES_REQUIREMENTS_RCC'),
	('ALLIANCE_ADD_FAITH_TO_DESTINATION_TRADE_ROUTE_RCC',       'MODIFIER_ALLIANCE_TRADE_ROUTE_ADJUST_YIELD',           'ROUTE_BETWEEN_ALLIES_REQUIREMENTS_RCC'),

	('ALLIANCE_ADD_CULTURE_TO_ORIGIN_TRADE_ROUTE_RCC',          'MODIFIER_ALLIANCE_TRADE_ROUTE_ADJUST_YIELD',           'ROUTE_BETWEEN_ALLIES_REQUIREMENTS_RCC'),
	('ALLIANCE_ADD_CULTURE_TO_DESTINATION_TRADE_ROUTE_RCC',     'MODIFIER_ALLIANCE_TRADE_ROUTE_ADJUST_YIELD',           'ROUTE_BETWEEN_ALLIES_REQUIREMENTS_RCC'),

	('ALLIANCE_ADD_SCIENCE_TO_ORIGIN_TRADE_ROUTE_RCC',          'MODIFIER_ALLIANCE_TRADE_ROUTE_ADJUST_YIELD',           'ROUTE_BETWEEN_ALLIES_REQUIREMENTS_RCC'),
	('ALLIANCE_ADD_SCIENCE_TO_DESTINATION_TRADE_ROUTE_RCC',     'MODIFIER_ALLIANCE_TRADE_ROUTE_ADJUST_YIELD',           'ROUTE_BETWEEN_ALLIES_REQUIREMENTS_RCC');


insert or replace into ModifierArguments
	(ModifierId,	                                        Name,	                Value)
values
	('ALLIANCE_ADD_GOLD_TO_ORIGIN_TRADE_ROUTE_RCC',         'Amount',               4),
	('ALLIANCE_ADD_GOLD_TO_ORIGIN_TRADE_ROUTE_RCC',         'YieldType',            'YIELD_GOLD'),
	('ALLIANCE_ADD_GOLD_TO_ORIGIN_TRADE_ROUTE_RCC',         'AffectOrigin',         1),
	('ALLIANCE_ADD_GOLD_TO_DESTINATION_TRADE_ROUTE_RCC',    'Amount',               2),
	('ALLIANCE_ADD_GOLD_TO_DESTINATION_TRADE_ROUTE_RCC',    'YieldType',            'YIELD_GOLD'),
	('ALLIANCE_ADD_GOLD_TO_DESTINATION_TRADE_ROUTE_RCC',    'AffectDestination',    1),

	('ALLIANCE_ADD_PRODUCTION_TO_ORIGIN_TRADE_ROUTE_RCC',           'Amount',               2),
	('ALLIANCE_ADD_PRODUCTION_TO_ORIGIN_TRADE_ROUTE_RCC',         	'YieldType',            'YIELD_PRODUCTION'),
	('ALLIANCE_ADD_PRODUCTION_TO_ORIGIN_TRADE_ROUTE_RCC',         	'AffectOrigin',         1),
	('ALLIANCE_ADD_PRODUCTION_TO_DESTINATION_TRADE_ROUTE_RCC',    	'Amount',               1),
	('ALLIANCE_ADD_PRODUCTION_TO_DESTINATION_TRADE_ROUTE_RCC',    	'YieldType',            'YIELD_PRODUCTION'),
	('ALLIANCE_ADD_PRODUCTION_TO_DESTINATION_TRADE_ROUTE_RCC',    	'AffectDestination',    1),

	('ALLIANCE_ADD_FAITH_TO_ORIGIN_TRADE_ROUTE_RCC',        'Amount',               2),
	('ALLIANCE_ADD_FAITH_TO_ORIGIN_TRADE_ROUTE_RCC',        'YieldType',            'YIELD_FAITH'),
	('ALLIANCE_ADD_FAITH_TO_ORIGIN_TRADE_ROUTE_RCC',        'AffectOrigin',         1),
	('ALLIANCE_ADD_FAITH_TO_DESTINATION_TRADE_ROUTE_RCC',   'Amount',               1),
	('ALLIANCE_ADD_FAITH_TO_DESTINATION_TRADE_ROUTE_RCC',   'YieldType',            'YIELD_FAITH'),
	('ALLIANCE_ADD_FAITH_TO_DESTINATION_TRADE_ROUTE_RCC',   'AffectDestination',    1),

	('ALLIANCE_ADD_CULTURE_TO_ORIGIN_TRADE_ROUTE_RCC',      'Amount',               2),
	('ALLIANCE_ADD_CULTURE_TO_ORIGIN_TRADE_ROUTE_RCC',      'YieldType',            'YIELD_CULTURE'),
	('ALLIANCE_ADD_CULTURE_TO_ORIGIN_TRADE_ROUTE_RCC',      'AffectOrigin',         1),
	('ALLIANCE_ADD_CULTURE_TO_DESTINATION_TRADE_ROUTE_RCC', 'Amount',               1),
	('ALLIANCE_ADD_CULTURE_TO_DESTINATION_TRADE_ROUTE_RCC', 'YieldType',            'YIELD_CULTURE'),
	('ALLIANCE_ADD_CULTURE_TO_DESTINATION_TRADE_ROUTE_RCC', 'AffectDestination',    1),

	('ALLIANCE_ADD_SCIENCE_TO_ORIGIN_TRADE_ROUTE_RCC',      'Amount',               2),
	('ALLIANCE_ADD_SCIENCE_TO_ORIGIN_TRADE_ROUTE_RCC',      'YieldType',            'YIELD_SCIENCE'),
	('ALLIANCE_ADD_SCIENCE_TO_ORIGIN_TRADE_ROUTE_RCC',      'AffectOrigin',         1),
	('ALLIANCE_ADD_SCIENCE_TO_DESTINATION_TRADE_ROUTE_RCC', 'Amount',               1),
	('ALLIANCE_ADD_SCIENCE_TO_DESTINATION_TRADE_ROUTE_RCC', 'YieldType',            'YIELD_SCIENCE'),
	('ALLIANCE_ADD_SCIENCE_TO_DESTINATION_TRADE_ROUTE_RCC', 'AffectDestination',    1);

-- 会议堂加强
insert or replace into BuildingModifiers
	(BuildingType,				ModifierId)
select
	'BUILDING_GOV_WIDE',	'HD_GOV_WIDE_' || BuildingType || '_PRODUCTION_BONUS'
from Buildings where PrereqDistrict = 'DISTRICT_CITY_CENTER' and BuildingType not in (select BuildingType from HD_DUMMY_BUILDINGS) and BuildingType not in (select CivUniqueBuildingType from BuildingReplaces);

insert or replace into Modifiers
	(ModifierId,	                                            ModifierType,                                           OwnerRequirementSetId)
select
	'HD_GOV_WIDE_' || BuildingType || '_PRODUCTION_BONUS',		'MODIFIER_PLAYER_CITIES_ADJUST_BUILDING_PRODUCTION',		'CITY_HAS_' || BuildingType || '_REQUIREMENTS'
from Buildings where PrereqDistrict = 'DISTRICT_CITY_CENTER' and BuildingType not in (select BuildingType from HD_DUMMY_BUILDINGS) and BuildingType not in (select CivUniqueBuildingType from BuildingReplaces);

insert or replace into ModifierArguments
	(ModifierId,	                                        		Name,	                Value)
select
	'HD_GOV_WIDE_' || BuildingType || '_PRODUCTION_BONUS',		'BuildingType',				BuildingType
from Buildings where PrereqDistrict = 'DISTRICT_CITY_CENTER' and BuildingType not in (select BuildingType from HD_DUMMY_BUILDINGS) and BuildingType not in (select CivUniqueBuildingType from BuildingReplaces);

insert or replace into ModifierArguments
	(ModifierId,	                                        		Name,	                Value)
select
	'HD_GOV_WIDE_' || BuildingType || '_PRODUCTION_BONUS',		'Amount',							50
from Buildings where PrereqDistrict = 'DISTRICT_CITY_CENTER' and BuildingType not in (select BuildingType from HD_DUMMY_BUILDINGS) and BuildingType not in (select CivUniqueBuildingType from BuildingReplaces);

-- 新学院建筑
insert or replace into BuildingModifiers
	(BuildingType,                  	 		ModifierId)
values
	('BUILDING_HD_DATA_CENTER',    				'HD_DATA_CENTER_WILDCARD_SLOT');

insert or replace into Modifiers
	(ModifierId,                              ModifierType,                                            								OwnerRequirementSetId,																		SubjectRequirementSetId)
values
	('HD_DATA_CENTER_WILDCARD_SLOT', 					'MODIFIER_PLAYER_CULTURE_ADJUST_GOVERNMENT_SLOTS_MODIFIER', 						null,																											null),
	('HD_DATA_CENTER_SCIENCE', 								'MODIFIER_PLAYER_GRANT_YIELD',															 						null,																											null),
	('HD_DATA_CENTER_CULTURE', 								'MODIFIER_PLAYER_GRANT_YIELD',															 						null,																											null);

insert or replace into ModifierArguments
  (ModifierId,                              Name,           				Value)
values
	('HD_DATA_CENTER_WILDCARD_SLOT', 					'GovernmentSlotType',   'SLOT_WILDCARD'),
	('HD_DATA_CENTER_SCIENCE', 								'YieldType',    				'YIELD_SCIENCE'),
	('HD_DATA_CENTER_SCIENCE', 								'Scale',       					1),
	('HD_DATA_CENTER_SCIENCE', 								'Amount',       				1600),
	('HD_DATA_CENTER_CULTURE', 								'YieldType',    				'YIELD_CULTURE'),
	('HD_DATA_CENTER_CULTURE', 								'Scale',       					1),
	('HD_DATA_CENTER_CULTURE', 								'Amount',       				1600);

-- 伊斯兰学校
delete from BuildingModifiers where BuildingType = 'BUILDING_MADRASA';
insert or replace into Building_GreatWorks
	(BuildingType,         GreatWorkSlotType,          NumSlots)
values
	('BUILDING_MADRASA',   'GREATWORKSLOT_WRITING',    2),
	('BUILDING_MADRASA',   'GREATWORKSLOT_ART',        2);

insert or replace into BuildingModifiers (BuildingType, ModifierId) values
	('BUILDING_MADRASA',		'HD_MADRASA_SET_PLAYER_PROPERTY'),
	('BUILDING_MADRASA',		'HD_MADRASA_6_TILES_CAMPUS_FAITH_BONUS'),
	('BUILDING_MADRASA',		'HD_MADRASA_6_TILES_THEATER_FAITH_BONUS'),
	('BUILDING_MADRASA',		'HD_MADRASA_FAITH_PURCHASE_CAMPUS_BUILDINGS'),
	('BUILDING_MADRASA',		'HD_MADRASA_FAITH_PURCHASE_THEATER_BUILDINGS');

insert or replace into Modifiers (ModifierId, ModifierType, OwnerRequirementSetId, SubjectRequirementSetId) values
	('HD_MADRASA_SET_PLAYER_PROPERTY', 							'MODIFIER_PLAYER_ADJUST_PROPERTY', 																	NULL, 																							NULL),
	('HD_MADRASA_6_TILES_CAMPUS_FAITH_BONUS', 			'MODIFIER_PLAYER_DISTRICTS_ADJUST_YIELD_BASED_ON_ADJACENCY_BONUS', 	NULL, 																							'HD_DISTRICT_IS_CAMPUS_WITHIN_6_TILES_REQUIREMENTS'),
	('HD_MADRASA_6_TILES_THEATER_FAITH_BONUS', 			'MODIFIER_PLAYER_DISTRICTS_ADJUST_YIELD_BASED_ON_ADJACENCY_BONUS', 	NULL, 																							'HD_DISTRICT_IS_THEATER_WITHIN_6_TILES_REQUIREMENTS'),
	('HD_MADRASA_FAITH_PURCHASE_CAMPUS_BUILDINGS', 	'MODIFIER_PLAYER_CITIES_ENABLE_BUILDING_FAITH_PURCHASE',						'HD_MADRASA_FAITH_PURCHASE_CAMPUS_REQUIREMENTS', 		NULL),
	('HD_MADRASA_FAITH_PURCHASE_THEATER_BUILDINGS', 'MODIFIER_PLAYER_CITIES_ENABLE_BUILDING_FAITH_PURCHASE',						'HD_MADRASA_FAITH_PURCHASE_THEATER_REQUIREMENTS', 	NULL);

insert or replace into ModifierArguments (ModifierId, Name, Value) values
	('HD_MADRASA_SET_PLAYER_PROPERTY',      		 		'Key', 								'HD_PLAYER_HAS_MADRASA'),
	('HD_MADRASA_SET_PLAYER_PROPERTY',      		 		'Amount', 						1),
	('HD_MADRASA_6_TILES_CAMPUS_FAITH_BONUS',       'YieldTypeToMirror', 	'YIELD_SCIENCE'),
	('HD_MADRASA_6_TILES_CAMPUS_FAITH_BONUS',       'YieldTypeToGrant',  	'YIELD_FAITH'),
	('HD_MADRASA_6_TILES_THEATER_FAITH_BONUS',      'YieldTypeToMirror', 	'YIELD_CULTURE'),
	('HD_MADRASA_6_TILES_THEATER_FAITH_BONUS',      'YieldTypeToGrant',  	'YIELD_FAITH'),
	('HD_MADRASA_FAITH_PURCHASE_CAMPUS_BUILDINGS', 	'DistrictType', 			'DISTRICT_CAMPUS'),
	('HD_MADRASA_FAITH_PURCHASE_THEATER_BUILDINGS', 'DistrictType', 			'DISTRICT_THEATER');

insert or replace into HD_Binary_Compress_Keys (Key) values
	('HD_PLOT_BINARY_COMPRESS_MADRASA_1'),
	('HD_PLOT_BINARY_COMPRESS_MADRASA_2');

	-- 学院相邻
insert or replace into BuildingModifiers (BuildingType, ModifierId) select
	'BUILDING_MADRASA',	'HD_MADRASA_CAMPUS_ADJACENCY_' || Exp
	from HD_Binary_Compress where Exp < 10;

insert or replace into Modifiers (ModifierId, ModifierType, OwnerRequirementSetId) select
	'HD_MADRASA_CAMPUS_ADJACENCY_' || Exp, 'MODIFIER_PLAYER_DISTRICT_ADJUST_BASE_YIELD_CHANGE', 'HD_PLOT_BINARY_COMPRESS_MADRASA_1_' || Exp || '_REQUIREMENTS'
	from HD_Binary_Compress where Exp < 10;

insert or replace into ModifierArguments (ModifierId, Name, Value) select
	'HD_MADRASA_CAMPUS_ADJACENCY_' || Exp, 'YieldType', 'YIELD_SCIENCE'
	from HD_Binary_Compress where Exp < 10;

insert or replace into ModifierArguments (ModifierId, Name, Value) select
	'HD_MADRASA_CAMPUS_ADJACENCY_' || Exp, 'Amount', Amount
	from HD_Binary_Compress where Exp < 10;

	-- 剧院相邻
insert or replace into BuildingModifiers (BuildingType, ModifierId) select
	'BUILDING_MADRASA',	'HD_MADRASA_THEATER_ADJACENCY_' || Exp
	from HD_Binary_Compress where Exp < 10;

insert or replace into Modifiers (ModifierId, ModifierType, OwnerRequirementSetId, SubjectRequirementSetId) select
	'HD_MADRASA_THEATER_ADJACENCY_' || Exp, 'MODIFIER_CITY_DISTRICTS_ADJUST_BASE_YIELD_CHANGE', 'HD_PLOT_BINARY_COMPRESS_MADRASA_2_' || Exp || '_REQUIREMENTS', 'DISTRICT_IS_THEATER'
	from HD_Binary_Compress where Exp < 10;

insert or replace into ModifierArguments (ModifierId, Name, Value) select
	'HD_MADRASA_THEATER_ADJACENCY_' || Exp, 'YieldType', 'YIELD_CULTURE'
	from HD_Binary_Compress where Exp < 10;

insert or replace into ModifierArguments (ModifierId, Name, Value) select
	'HD_MADRASA_THEATER_ADJACENCY_' || Exp, 'Amount', Amount
	from HD_Binary_Compress where Exp < 10;

insert or replace into GlobalParameters (Name, Value) values
  ('HD_MADRASA_CAMPUS_ADJACENCY_NUM', 	1),
  ('HD_MADRASA_THEATER_ADJACENCY_NUM', 	2);