-------------------------------------
--     Civilization Adjustment     --
-------------------------------------

-- =====================================================================================================================================
-- 中国
-- =====================================================================================================================================
-- 删除尤里卡鼓舞百分比
delete from TraitModifiers where TraitType = 'TRAIT_CIVILIZATION_DYNASTIC_CYCLE';
-- delete from TraitModifiers where TraitType = 'TRAIT_CIVILIZATION_DYNASTIC_CYCLE' and ModifierId in ('TRAIT_CIVIC_BOOST_WONDER_ERA', 'TRAIT_TECHNOLOGY_BOOST_WONDER_ERA');
-- update ModifierArguments set Value = 5 where ModifierId in ('TRAIT_TECHNOLOGY_BOOST', 'TRAIT_CIVIC_BOOST') and Name = 'Amount';
-- insert or replace into TraitModifiers (TraitType, ModifierId) values
-- 	('TRAIT_CIVILIZATION_DYNASTIC_CYCLE',	'HD_TRAIT_TECHNOLOGY_BOOST_RECORD'),
-- 	('TRAIT_CIVILIZATION_DYNASTIC_CYCLE',	'HD_TRAIT_CIVIC_BOOST_RECORD');

-- 虎蹲炮改为朱棣LU; 中国忽必烈怯薛军LU
delete from CivilizationTraits where TraitType in ('TRAIT_CIVILIZATION_UNIT_CHINESE_CROUCHING_TIGER', 'TRAIT_CIVILIZATION_UNIT_MONGOLIAN_KESHIG');
insert or replace into LeaderTraits (LeaderType, TraitType) select
	LeaderType, 'TRAIT_CIVILIZATION_UNIT_MONGOLIAN_KESHIG'
from Leaders where LeaderType in ('LEADER_GENGHIS_KHAN', 'LEADER_KUBLAI_KHAN_MONGOLIA', 'LEADER_KUBLAI_KHAN_CHINA');

-- 文老秦
update ModifierArguments set Value = 20 where ModifierId = 'TRAIT_BUILDER_WONDER_PERCENT' and Name = 'Amount';
insert or ignore into CityNames (CivilizationType, CityName) values
	('CIVILIZATION_CHINA',	'LOC_CITY_NAME_XIANYANG');
update CivilizationLeaders set CapitalName = 'LOC_CITY_NAME_XIANYANG' where LeaderType in ('LEADER_QIN', 'LEADER_QIN_ALT');

insert or replace into LeaderTraits (LeaderType, TraitType) values
	('LEADER_QIN',	'TRAIT_QIN_ELITE_SOLDIER_HD');

delete from TraitModifiers where TraitType = 'FIRST_EMPEROR_TRAIT' and ModifierId = 'TRAIT_CANAL_UNLOCK_MASONRY';

insert or replace into GlobalParameters (Name, Value) values
  ('HD_CHINA_TRAIT_MODIFIED', 										1),
  ('HD_QIN_WORKER_BUILD_LATER_WONDER_PERCENTAGE', 10),
  ('HD_QIN_WORKER_BUILD_LATER_WONDER_ERA_SCORE', 	-5),
  ('HD_YONGLE_ERA_SCORE_GOLD_BONUS', 							0);

-- 中国领袖专属远古着力点
create table if not exists China_AncientCommemorationTypes_HD(
	AncientCommemorationType    TEXT    not NULL,
	Name              					TEXT,
	Description  								TEXT,
	SortIndex										Integer Default 0,
PRIMARY KEY('AncientCommemorationType'));

create table if not exists ChinaLeaders_AncientCommemorationTypes_HD(
	LeaderType        					TEXT    not NULL,
	AncientCommemorationType    TEXT    not NULL,
PRIMARY KEY('LeaderType', 'AncientCommemorationType'));

create table if not exists ChinaLeaders_AncientCommemorationModifiers_HD(
	AncientCommemorationType    TEXT    not NULL,
	ModifierId              		TEXT    not NULL,
PRIMARY KEY('AncientCommemorationType', 'ModifierId'));

insert or replace into China_AncientCommemorationTypes_HD (AncientCommemorationType, SortIndex) values
	('HD_CHINA_ANCIENT_COMMEMORATION_SAME_CHARACTER',				0),
	('HD_CHINA_ANCIENT_COMMEMORATION_SAME_LANE',						1),
	('HD_CHINA_ANCIENT_COMMEMORATION_SAME_MEASURE',					2),
	('HD_CHINA_ANCIENT_COMMEMORATION_WATER_CONSERVATION',		3),
	('HD_CHINA_ANCIENT_COMMEMORATION_IMPERIAL_EXAM',				4),
	('HD_CHINA_ANCIENT_COMMEMORATION_ACCEPT_ADVICE',				5),
	('HD_CHINA_ANCIENT_COMMEMORATION_SPY_SYSTEM',						6),
	('HD_CHINA_ANCIENT_COMMEMORATION_MUSIC_BOOK',						7),
	('HD_CHINA_ANCIENT_COMMEMORATION_PROVINCIAL',						8),
	('HD_CHINA_ANCIENT_COMMEMORATION_AGRICULTURAL_BOOK',		9),
	('HD_CHINA_ANCIENT_COMMEMORATION_BANKNOTE',							10),
	('HD_CHINA_ANCIENT_COMMEMORATION_MILITARY_REFORM',			11),
	('HD_CHINA_ANCIENT_COMMEMORATION_CABINET',							12),
	('HD_CHINA_ANCIENT_COMMEMORATION_SHIP_BUREAU',					13),
	('HD_CHINA_ANCIENT_COMMEMORATION_FOREIGN_SCHOOL',				14),
	('HD_CHINA_ANCIENT_COMMEMORATION_THREE_CAMPS',					15);

update China_AncientCommemorationTypes_HD set Name = 'LOC_' || AncientCommemorationType || '_NAME', Description = 'LOC_' || AncientCommemorationType || '_DESCRIPTION';

insert or ignore into CommemorationIcons(CommemorationType, Icon) select
  AncientCommemorationType, 'ICON_' || AncientCommemorationType
from China_AncientCommemorationTypes_HD;

insert or replace into ChinaLeaders_AncientCommemorationTypes_HD
	(LeaderType,										AncientCommemorationType)
values
	-- 文老秦
	('LEADER_QIN',									'HD_CHINA_ANCIENT_COMMEMORATION_SAME_CHARACTER'),
	('LEADER_QIN',									'HD_CHINA_ANCIENT_COMMEMORATION_SAME_LANE'),
	('LEADER_QIN',									'HD_CHINA_ANCIENT_COMMEMORATION_SAME_MEASURE'),
	('LEADER_QIN',									'HD_CHINA_ANCIENT_COMMEMORATION_WATER_CONSERVATION'),
	-- 武老秦
	('LEADER_QIN_ALT',							'HD_CHINA_ANCIENT_COMMEMORATION_SAME_CHARACTER'),
	('LEADER_QIN_ALT',							'HD_CHINA_ANCIENT_COMMEMORATION_SAME_LANE'),
	('LEADER_QIN_ALT',							'HD_CHINA_ANCIENT_COMMEMORATION_SAME_MEASURE'),
	('LEADER_QIN_ALT',							'HD_CHINA_ANCIENT_COMMEMORATION_WATER_CONSERVATION'),
	-- 武则天
	('LEADER_WU_ZETIAN',						'HD_CHINA_ANCIENT_COMMEMORATION_IMPERIAL_EXAM'),
	('LEADER_WU_ZETIAN',						'HD_CHINA_ANCIENT_COMMEMORATION_ACCEPT_ADVICE'),
	('LEADER_WU_ZETIAN',						'HD_CHINA_ANCIENT_COMMEMORATION_SPY_SYSTEM'),
	('LEADER_WU_ZETIAN',						'HD_CHINA_ANCIENT_COMMEMORATION_MUSIC_BOOK'),
	-- 武则天
	('LEADER_WU_ZETIAN_ALT',				'HD_CHINA_ANCIENT_COMMEMORATION_IMPERIAL_EXAM'),
	('LEADER_WU_ZETIAN_ALT',				'HD_CHINA_ANCIENT_COMMEMORATION_ACCEPT_ADVICE'),
	('LEADER_WU_ZETIAN_ALT',				'HD_CHINA_ANCIENT_COMMEMORATION_SPY_SYSTEM'),
	('LEADER_WU_ZETIAN_ALT',				'HD_CHINA_ANCIENT_COMMEMORATION_MUSIC_BOOK'),
	-- 忽必烈 中国
	('LEADER_KUBLAI_KHAN_CHINA',		'HD_CHINA_ANCIENT_COMMEMORATION_PROVINCIAL'),
	('LEADER_KUBLAI_KHAN_CHINA',		'HD_CHINA_ANCIENT_COMMEMORATION_AGRICULTURAL_BOOK'),
	('LEADER_KUBLAI_KHAN_CHINA',		'HD_CHINA_ANCIENT_COMMEMORATION_BANKNOTE'),
	('LEADER_KUBLAI_KHAN_CHINA',		'HD_CHINA_ANCIENT_COMMEMORATION_MILITARY_REFORM'),
	-- 忽必烈 蒙古
	('LEADER_KUBLAI_KHAN_MONGOLIA',	'HD_CHINA_ANCIENT_COMMEMORATION_PROVINCIAL'),
	('LEADER_KUBLAI_KHAN_MONGOLIA',	'HD_CHINA_ANCIENT_COMMEMORATION_AGRICULTURAL_BOOK'),
	('LEADER_KUBLAI_KHAN_MONGOLIA',	'HD_CHINA_ANCIENT_COMMEMORATION_BANKNOTE'),
	('LEADER_KUBLAI_KHAN_MONGOLIA',	'HD_CHINA_ANCIENT_COMMEMORATION_MILITARY_REFORM'),
	-- 文朱棣
	('LEADER_YONGLE',								'HD_CHINA_ANCIENT_COMMEMORATION_CABINET'),
	('LEADER_YONGLE',								'HD_CHINA_ANCIENT_COMMEMORATION_SHIP_BUREAU'),
	('LEADER_YONGLE',								'HD_CHINA_ANCIENT_COMMEMORATION_FOREIGN_SCHOOL'),
	('LEADER_YONGLE',								'HD_CHINA_ANCIENT_COMMEMORATION_THREE_CAMPS'),
	-- 武朱棣
	('LEADER_ZHUDI',								'HD_CHINA_ANCIENT_COMMEMORATION_CABINET'),
	('LEADER_ZHUDI',								'HD_CHINA_ANCIENT_COMMEMORATION_SHIP_BUREAU'),
	('LEADER_ZHUDI',								'HD_CHINA_ANCIENT_COMMEMORATION_FOREIGN_SCHOOL'),
	('LEADER_ZHUDI',								'HD_CHINA_ANCIENT_COMMEMORATION_THREE_CAMPS');

insert or replace into ChinaLeaders_AncientCommemorationModifiers_HD
	(AncientCommemorationType,														ModifierId)
values
	-- 老秦
	('HD_CHINA_ANCIENT_COMMEMORATION_SAME_CHARACTER',			'HD_CHINA_SAME_CHARACTER_POP_SCIENCE'),
	('HD_CHINA_ANCIENT_COMMEMORATION_SAME_CHARACTER',			'HD_CHINA_SAME_CHARACTER_POP_CULTURE'),
	('HD_CHINA_ANCIENT_COMMEMORATION_SAME_LANE',					'HD_CHINA_SAME_LANE_IMPROVED_ROUTE_LEVEL'),
	('HD_CHINA_ANCIENT_COMMEMORATION_SAME_LANE',					'HD_CHINA_SAME_LANE_SET_PROPERTY'),
	('HD_CHINA_ANCIENT_COMMEMORATION_SAME_LANE',					'HD_CHINA_SAME_LANE_FRIENDLY_TERRITORY_MOVEMENT'),
	('HD_CHINA_ANCIENT_COMMEMORATION_SAME_MEASURE',				'HD_CHINA_SAME_MEASURE_TRADE_ROUTE'),
	('HD_CHINA_ANCIENT_COMMEMORATION_SAME_MEASURE',				'HD_CHINA_SAME_MEASURE_TRADE_GOLD'),
	('HD_CHINA_ANCIENT_COMMEMORATION_SAME_MEASURE',				'HD_CHINA_SAME_MEASURE_TRADE_PRODUCTION'),
	('HD_CHINA_ANCIENT_COMMEMORATION_WATER_CONSERVATION',	'HD_CHINA_WATER_CONSERVATION_DISTRICT_AQUEDUCT_UNLOCK'),
	('HD_CHINA_ANCIENT_COMMEMORATION_WATER_CONSERVATION',	'HD_CHINA_WATER_CONSERVATION_DISTRICT_CANAL_UNLOCK'),
	('HD_CHINA_ANCIENT_COMMEMORATION_WATER_CONSERVATION',	'HD_CHINA_WATER_CONSERVATION_DISTRICT_DAM_UNLOCK'),
	('HD_CHINA_ANCIENT_COMMEMORATION_WATER_CONSERVATION',	'HD_CHINA_WATER_CONSERVATION_DISTRICT_AQUEDUCT_PRODUCTION'),
	('HD_CHINA_ANCIENT_COMMEMORATION_WATER_CONSERVATION',	'HD_CHINA_WATER_CONSERVATION_DISTRICT_CANAL_PRODUCTION'),
	('HD_CHINA_ANCIENT_COMMEMORATION_WATER_CONSERVATION',	'HD_CHINA_WATER_CONSERVATION_DISTRICT_DAM_PRODUCTION'),
	('HD_CHINA_ANCIENT_COMMEMORATION_WATER_CONSERVATION',	'HD_CHINA_WATER_CONSERVATION_GROWTH'),
	-- 武则天
	('HD_CHINA_ANCIENT_COMMEMORATION_IMPERIAL_EXAM',			'HD_CHINA_IMPERIAL_EXAM_CAPITAL_GPP_BONUS'),
	('HD_CHINA_ANCIENT_COMMEMORATION_ACCEPT_ADVICE',			'HD_CHINA_ACCEPT_ADVICE_INFLUENCE_BONUS'),
	('HD_CHINA_ANCIENT_COMMEMORATION_SPY_SYSTEM',					'HD_CHINA_SPY_SYSTEM_CAPACITY'),
	('HD_CHINA_ANCIENT_COMMEMORATION_SPY_SYSTEM',					'HD_CHINA_SPY_SYSTEM_GRANT_SPY'),
	('HD_CHINA_ANCIENT_COMMEMORATION_SPY_SYSTEM',					'HD_CHINA_SPY_SYSTEM_FAITH_PURCHASE'),
	('HD_CHINA_ANCIENT_COMMEMORATION_MUSIC_BOOK',					'HD_CHINA_MUSIC_BOOK_GRANT_BUILDING'),
	-- 忽必烈
	('HD_CHINA_ANCIENT_COMMEMORATION_PROVINCIAL',					'HD_CHINA_PROVINCIAL_PRODUCTION'),
	('HD_CHINA_ANCIENT_COMMEMORATION_PROVINCIAL',					'HD_CHINA_PROVINCIAL_GOLD'),
	('HD_CHINA_ANCIENT_COMMEMORATION_PROVINCIAL',					'HD_CHINA_PROVINCIAL_IDENTITY'),
	('HD_CHINA_ANCIENT_COMMEMORATION_AGRICULTURAL_BOOK',	'HD_CHINA_AGRICULTURAL_BOOK_PLOT_SCIENCE'),
	('HD_CHINA_ANCIENT_COMMEMORATION_BANKNOTE',						'HD_CHINA_BANKNOTE_ECONOMIC_SLOT'),
	('HD_CHINA_ANCIENT_COMMEMORATION_MILITARY_REFORM',		'HD_CHINA_MILITARY_REFORM_FOOD_0'),
	('HD_CHINA_ANCIENT_COMMEMORATION_MILITARY_REFORM',		'HD_CHINA_MILITARY_REFORM_FOOD_1'),
	('HD_CHINA_ANCIENT_COMMEMORATION_MILITARY_REFORM',		'HD_CHINA_MILITARY_REFORM_FOOD_2'),
	('HD_CHINA_ANCIENT_COMMEMORATION_MILITARY_REFORM',		'HD_CHINA_MILITARY_REFORM_FOOD_3'),
	('HD_CHINA_ANCIENT_COMMEMORATION_MILITARY_REFORM',		'HD_CHINA_MILITARY_REFORM_UNIT_PRODUCTION'),
	('HD_CHINA_ANCIENT_COMMEMORATION_MILITARY_REFORM',		'HD_CHINA_MILITARY_REFORM_UNIT_MAINTENANCE_DISCOUNT'),
	-- 朱棣
	('HD_CHINA_ANCIENT_COMMEMORATION_CABINET',						'HD_CHINA_CABINET_GOVERNMENT_EXTRA_DISTRICT'),
	-- ('HD_CHINA_ANCIENT_COMMEMORATION_SHIP_BUREAU',				'HD_CHINA_SHIP_BUREAU_SET_PROPERTY'),
	('HD_CHINA_ANCIENT_COMMEMORATION_SHIP_BUREAU',				'HD_CHINA_SHIP_BUREAU_COMMERCIAL_HUB_DISTRICT_PRODUCTION'),
	('HD_CHINA_ANCIENT_COMMEMORATION_SHIP_BUREAU',				'HD_CHINA_SHIP_BUREAU_COMMERCIAL_HUB_BUILDING_PRODUCTION'),
	('HD_CHINA_ANCIENT_COMMEMORATION_SHIP_BUREAU',				'HD_CHINA_SHIP_BUREAU_COMMERCIAL_HUB_PRODUCTION'),
	('HD_CHINA_ANCIENT_COMMEMORATION_SHIP_BUREAU',				'HD_CHINA_SHIP_BUREAU_COMMERCIAL_HUB_INFLUENCE'),
	('HD_CHINA_ANCIENT_COMMEMORATION_SHIP_BUREAU',				'HD_CHINA_SHIP_BUREAU_HARBOR_DISTRICT_PRODUCTION'),
	('HD_CHINA_ANCIENT_COMMEMORATION_SHIP_BUREAU',				'HD_CHINA_SHIP_BUREAU_HARBOR_BUILDING_PRODUCTION'),
	('HD_CHINA_ANCIENT_COMMEMORATION_SHIP_BUREAU',				'HD_CHINA_SHIP_BUREAU_HARBOR_PRODUCTION'),
	('HD_CHINA_ANCIENT_COMMEMORATION_SHIP_BUREAU',				'HD_CHINA_SHIP_BUREAU_HARBOR_INFLUENCE'),
	('HD_CHINA_ANCIENT_COMMEMORATION_FOREIGN_SCHOOL',			'HD_CHINA_FOREIGN_SCHOOL_SCIENCE_FROM_DELEGATIONS'),
	('HD_CHINA_ANCIENT_COMMEMORATION_FOREIGN_SCHOOL',			'HD_CHINA_FOREIGN_SCHOOL_GOLD_FROM_DELEGATIONS'),
	('HD_CHINA_ANCIENT_COMMEMORATION_FOREIGN_SCHOOL',			'HD_CHINA_FOREIGN_SCHOOL_FAVOR_FROM_DELEGATIONS'),
	('HD_CHINA_ANCIENT_COMMEMORATION_FOREIGN_SCHOOL',			'HD_CHINA_FOREIGN_SCHOOL_SCIENCE_FROM_EMBASSIES'),
	('HD_CHINA_ANCIENT_COMMEMORATION_FOREIGN_SCHOOL',			'HD_CHINA_FOREIGN_SCHOOL_GOLD_FROM_EMBASSIES'),
	('HD_CHINA_ANCIENT_COMMEMORATION_FOREIGN_SCHOOL',			'HD_CHINA_FOREIGN_SCHOOL_FAVOR_FROM_EMBASSIES'),
	('HD_CHINA_ANCIENT_COMMEMORATION_THREE_CAMPS',				'HD_CHINA_THREE_CAMPS_UNIT_ABILITY_1'),
	('HD_CHINA_ANCIENT_COMMEMORATION_THREE_CAMPS',				'HD_CHINA_THREE_CAMPS_UNIT_ABILITY_2'),
	('HD_CHINA_ANCIENT_COMMEMORATION_THREE_CAMPS',				'HD_CHINA_THREE_CAMPS_UNIT_ABILITY_3');

insert or replace into Modifiers
	(ModifierId,																									ModifierType,																											SubjectRequirementSetId)
values
	-- UA 尤里卡鼓舞百分比记录
	-- ('HD_TRAIT_TECHNOLOGY_BOOST_RECORD',													'MODIFIER_PLAYER_ADJUST_PROPERTY',																NULL),
	-- ('HD_TRAIT_CIVIC_BOOST_RECORD',																'MODIFIER_PLAYER_ADJUST_PROPERTY',																NULL),
	-- 老秦
	('HD_CHINA_SAME_CHARACTER_POP_SCIENCE',												'MODIFIER_PLAYER_CITIES_ADJUST_CITY_YIELD_PER_POPULATION',				NULL),
	('HD_CHINA_SAME_CHARACTER_POP_CULTURE',												'MODIFIER_PLAYER_CITIES_ADJUST_CITY_YIELD_PER_POPULATION',				NULL),
	('HD_CHINA_SAME_LANE_IMPROVED_ROUTE_LEVEL',										'MODIFIER_PLAYER_ADJUST_IMPROVED_ROUTE_LEVEL',										NULL),
	('HD_CHINA_SAME_LANE_SET_PROPERTY',														'MODIFIER_PLAYER_ADJUST_PROPERTY',																NULL),
	('HD_CHINA_SAME_LANE_FRIENDLY_TERRITORY_MOVEMENT',						'MODIFIER_PLAYER_UNITS_ADJUST_FRIENDLY_TERRITORY_START_MOVEMENT',	NULL),
	('HD_CHINA_SAME_MEASURE_TRADE_ROUTE',													'MODIFIER_PLAYER_ADJUST_TRADE_ROUTE_CAPACITY',										NULL),
	('HD_CHINA_SAME_MEASURE_TRADE_GOLD',													'MODIFIER_PLAYER_ADJUST_TRADE_ROUTE_YIELD',												NULL),
	('HD_CHINA_SAME_MEASURE_TRADE_PRODUCTION',										'MODIFIER_PLAYER_ADJUST_TRADE_ROUTE_YIELD',												NULL),
	('HD_CHINA_WATER_CONSERVATION_DISTRICT_AQUEDUCT_UNLOCK',			'MODIFIER_PLAYER_ADJUST_DISTRICT_UNLOCK',													NULL),
	('HD_CHINA_WATER_CONSERVATION_DISTRICT_CANAL_UNLOCK',					'MODIFIER_PLAYER_ADJUST_DISTRICT_UNLOCK',													NULL),
	('HD_CHINA_WATER_CONSERVATION_DISTRICT_DAM_UNLOCK',						'MODIFIER_PLAYER_ADJUST_DISTRICT_UNLOCK',													NULL),
	('HD_CHINA_WATER_CONSERVATION_DISTRICT_AQUEDUCT_PRODUCTION',	'MODIFIER_PLAYER_CITIES_ADJUST_DISTRICT_PRODUCTION',							NULL),
	('HD_CHINA_WATER_CONSERVATION_DISTRICT_CANAL_PRODUCTION',			'MODIFIER_PLAYER_CITIES_ADJUST_DISTRICT_PRODUCTION',							NULL),
	('HD_CHINA_WATER_CONSERVATION_DISTRICT_DAM_PRODUCTION',				'MODIFIER_PLAYER_CITIES_ADJUST_DISTRICT_PRODUCTION',							NULL),
	('HD_CHINA_WATER_CONSERVATION_GROWTH',												'MODIFIER_PLAYER_DISTRICTS_ATTACH_MODIFIER',											'HD_IS_WATER_CONSERVATION_DISTRICT'),
	('HD_CHINA_WATER_CONSERVATION_GROWTH_MODIFIER',								'MODIFIER_SINGLE_CITY_ADJUST_CITY_GROWTH',												NULL),
	-- 武则天
	('HD_CHINA_IMPERIAL_EXAM_CAPITAL_GPP_BONUS',									'MODIFIER_PLAYER_CAPITAL_CITY_ADJUST_GREAT_PERSON_POINT_BONUS',		NULL),
	('HD_CHINA_ACCEPT_ADVICE_INFLUENCE_BONUS',										'MODIFIER_PLAYER_GOVERNMENT_FLAT_BONUS',													NULL),
	('HD_CHINA_SPY_SYSTEM_CAPACITY',															'MODIFIER_PLAYER_GRANT_SPY',																			NULL),
	('HD_CHINA_SPY_SYSTEM_GRANT_SPY',															'MODIFIER_PLAYER_GRANT_UNIT_IN_CAPITAL',													NULL),
	('HD_CHINA_SPY_SYSTEM_FAITH_PURCHASE',												'MODIFIER_PLAYER_CITIES_ENABLE_UNIT_FAITH_PURCHASE',							NULL),
	('HD_CHINA_MUSIC_BOOK_GRANT_BUILDING',												'MODIFIER_GRANT_BUILDING_IN_CAPITAL',															NULL),
	-- 忽必烈
	('HD_CHINA_PROVINCIAL_PRODUCTION',														'MODIFIER_PLAYER_CITIES_ADJUST_CITY_YIELD_MODIFIER',							'CITY_HAS_NO_GOVERNOR_REQUIREMENTS'),
	('HD_CHINA_PROVINCIAL_GOLD',																	'MODIFIER_PLAYER_CITIES_ADJUST_CITY_YIELD_MODIFIER',							'CITY_HAS_NO_GOVERNOR_REQUIREMENTS'),
	('HD_CHINA_PROVINCIAL_IDENTITY',															'MODIFIER_PLAYER_CITIES_ADJUST_IDENTITY_PER_TURN',								'CITY_HAS_NO_GOVERNOR_REQUIREMENTS'),
	('HD_CHINA_AGRICULTURAL_BOOK_PLOT_SCIENCE',										'MODIFIER_PLAYER_ADJUST_PLOT_YIELD',															'HD_PLOT_HAS_FARM_PLANTATION_PASTURE_REQUIREMENTS'),
	('HD_CHINA_BANKNOTE_ECONOMIC_SLOT',														'MODIFIER_PLAYER_CULTURE_ADJUST_GOVERNMENT_SLOTS_MODIFIER',				NULL),
	('HD_CHINA_MILITARY_REFORM_FOOD_0',														'MODIFIER_PLAYER_DISTRICTS_ADJUST_YIELD_CHANGE',									'DISTRICT_IS_ENCAMPMENT'),
	('HD_CHINA_MILITARY_REFORM_FOOD_1',														'MODIFIER_PLAYER_CITIES_ADJUST_CITY_YIELD_CHANGE',								'CITY_HAS_DISTRICT_ENCAMPMENT_TIER_1_BUILDING_REQUIREMENTS'),
	('HD_CHINA_MILITARY_REFORM_FOOD_2',														'MODIFIER_PLAYER_CITIES_ADJUST_CITY_YIELD_CHANGE',								'CITY_HAS_DISTRICT_ENCAMPMENT_TIER_2_BUILDING_REQUIREMENTS'),
	('HD_CHINA_MILITARY_REFORM_FOOD_3',														'MODIFIER_PLAYER_CITIES_ADJUST_CITY_YIELD_CHANGE',								'CITY_HAS_DISTRICT_ENCAMPMENT_TIER_3_BUILDING_REQUIREMENTS'),
	('HD_CHINA_MILITARY_REFORM_UNIT_PRODUCTION',									'MODIFIER_PLAYER_GOVERNMENT_FLAT_BONUS',													NULL),
	('HD_CHINA_MILITARY_REFORM_UNIT_MAINTENANCE_DISCOUNT',				'MODIFIER_PLAYER_ADJUST_UNIT_MAINTENANCE_DISCOUNT',								NULL),
	-- 朱棣
	('HD_CHINA_CABINET_GOVERNMENT_EXTRA_DISTRICT',								'MODIFIER_PLAYER_CITIES_EXTRA_DISTRICT',													'REQUIRES_CITY_HAS_DISTRICT_GOVERNMENT_UDMET'),
	-- ('HD_CHINA_SHIP_BUREAU_SET_PROPERTY',													'MODIFIER_PLAYER_ADJUST_PROPERTY',																NULL),
	-- ('HD_CHINA_SHIP_BUREAU_ENVOY',																'MODIFIER_PLAYER_GRANT_INFLUENCE_TOKEN',													NULL),
	('HD_CHINA_SHIP_BUREAU_COMMERCIAL_HUB_DISTRICT_PRODUCTION',		'MODIFIER_PLAYER_CITIES_ADJUST_DISTRICT_PRODUCTION',							NULL),
	('HD_CHINA_SHIP_BUREAU_COMMERCIAL_HUB_BUILDING_PRODUCTION',		'MODIFIER_PLAYER_CITIES_ADJUST_BUILDING_PRODUCTION',							NULL),
	('HD_CHINA_SHIP_BUREAU_COMMERCIAL_HUB_PRODUCTION',						'MODIFIER_PLAYER_DISTRICTS_ADJUST_YIELD_CHANGE',									'DISTRICT_IS_COMMERCIAL_HUB'),
	('HD_CHINA_SHIP_BUREAU_COMMERCIAL_HUB_INFLUENCE',							'MODIFIER_PLAYER_DISTRICTS_ATTACH_MODIFIER',											'DISTRICT_IS_COMMERCIAL_HUB'),
	('HD_CHINA_SHIP_BUREAU_COMMERCIAL_HUB_INFLUENCE_MODIFIER',		'MODIFIER_PLAYER_ADJUST_INFLUENCE_POINTS_PER_TURN',								NULL),
	('HD_CHINA_SHIP_BUREAU_HARBOR_DISTRICT_PRODUCTION',						'MODIFIER_PLAYER_CITIES_ADJUST_DISTRICT_PRODUCTION',							NULL),
	('HD_CHINA_SHIP_BUREAU_HARBOR_BUILDING_PRODUCTION',						'MODIFIER_PLAYER_CITIES_ADJUST_BUILDING_PRODUCTION',							NULL),
	('HD_CHINA_SHIP_BUREAU_HARBOR_PRODUCTION',										'MODIFIER_PLAYER_DISTRICTS_ADJUST_YIELD_CHANGE',									'DISTRICT_IS_HARBOR'),
	('HD_CHINA_SHIP_BUREAU_HARBOR_INFLUENCE',											'MODIFIER_PLAYER_DISTRICTS_ATTACH_MODIFIER',											'DISTRICT_IS_HARBOR'),
	('HD_CHINA_SHIP_BUREAU_HARBOR_INFLUENCE_MODIFIER',						'MODIFIER_PLAYER_ADJUST_INFLUENCE_POINTS_PER_TURN',								NULL),
	('HD_CHINA_FOREIGN_SCHOOL_SCIENCE_FROM_DELEGATIONS',					'MODIFIER_PLAYER_ADJUST_YIELD_FROM_DELEGATIONS',									NULL),
	('HD_CHINA_FOREIGN_SCHOOL_GOLD_FROM_DELEGATIONS',							'MODIFIER_PLAYER_ADJUST_YIELD_FROM_DELEGATIONS',									NULL),
	('HD_CHINA_FOREIGN_SCHOOL_FAVOR_FROM_DELEGATIONS',						'MODIFIER_PLAYER_ADJUST_FAVOR_FROM_DELEGATIONS',									NULL),
	('HD_CHINA_FOREIGN_SCHOOL_SCIENCE_FROM_EMBASSIES',						'MODIFIER_PLAYER_ADJUST_YIELD_FROM_EMBASSIES',										NULL),
	('HD_CHINA_FOREIGN_SCHOOL_GOLD_FROM_EMBASSIES',								'MODIFIER_PLAYER_ADJUST_YIELD_FROM_EMBASSIES',										NULL),
	('HD_CHINA_FOREIGN_SCHOOL_FAVOR_FROM_EMBASSIES',							'MODIFIER_PLAYER_ADJUST_FAVOR_FROM_EMBASSIES',										NULL),
	('HD_CHINA_THREE_CAMPS_UNIT_ABILITY_1',												'MODIFIER_PLAYER_UNITS_GRANT_ABILITY',														NULL),
	('HD_CHINA_THREE_CAMPS_UNIT_ABILITY_2',												'MODIFIER_PLAYER_UNITS_GRANT_ABILITY',														NULL),
	('HD_CHINA_THREE_CAMPS_UNIT_ABILITY_3',												'MODIFIER_PLAYER_UNITS_GRANT_ABILITY',														NULL);

update Modifiers set RunOnce = 1, Permanent = 1 where ModifierId in (
	'HD_CHINA_SPY_SYSTEM_GRANT_SPY',
	'HD_CHINA_MUSIC_BOOK_GRANT_BUILDING'
);

insert or replace into ModifierArguments
	(ModifierId,																									Name,				 					Value)
values
	-- UA 尤里卡鼓舞百分比记录
	-- ('HD_TRAIT_TECHNOLOGY_BOOST_RECORD',													'Key',								'HD_Player_Extra_Tech_Boost'),
	-- ('HD_TRAIT_TECHNOLOGY_BOOST_RECORD',													'Amount',							5),
	-- ('HD_TRAIT_CIVIC_BOOST_RECORD',																'Key',								'HD_Player_Extra_Civic_Boost'),
	-- ('HD_TRAIT_CIVIC_BOOST_RECORD',																'Amount',							5),
	-- 老秦
	('HD_CHINA_SAME_CHARACTER_POP_SCIENCE',												'YieldType',					'YIELD_SCIENCE'),
	('HD_CHINA_SAME_CHARACTER_POP_SCIENCE',												'Amount',							0.4),
	('HD_CHINA_SAME_CHARACTER_POP_CULTURE',												'YieldType',					'YIELD_CULTURE'),
	('HD_CHINA_SAME_CHARACTER_POP_CULTURE',												'Amount',							0.4),
	('HD_CHINA_SAME_LANE_IMPROVED_ROUTE_LEVEL',										'ImprovedRouteLevel',	1),
	('HD_CHINA_SAME_LANE_SET_PROPERTY',														'Key',								'HD_ROUTE_EXTRA_LEVEL'),
	('HD_CHINA_SAME_LANE_SET_PROPERTY',														'Amount',							1),
	('HD_CHINA_SAME_LANE_FRIENDLY_TERRITORY_MOVEMENT',						'Amount',							1),
	('HD_CHINA_SAME_MEASURE_TRADE_ROUTE',													'Amount',							1),
	('HD_CHINA_SAME_MEASURE_TRADE_GOLD',													'YieldType',					'YIELD_GOLD'),
	('HD_CHINA_SAME_MEASURE_TRADE_GOLD',													'Amount',							6),
	('HD_CHINA_SAME_MEASURE_TRADE_PRODUCTION',										'YieldType',					'YIELD_PRODUCTION'),
	('HD_CHINA_SAME_MEASURE_TRADE_PRODUCTION',										'Amount',							2),
	('HD_CHINA_WATER_CONSERVATION_DISTRICT_AQUEDUCT_UNLOCK',			'DistrictType',				'DISTRICT_AQUEDUCT'),
	('HD_CHINA_WATER_CONSERVATION_DISTRICT_AQUEDUCT_UNLOCK',			'TechType',						'TECH_MINING'),
	('HD_CHINA_WATER_CONSERVATION_DISTRICT_CANAL_UNLOCK',					'DistrictType',				'DISTRICT_CANAL'),
	('HD_CHINA_WATER_CONSERVATION_DISTRICT_CANAL_UNLOCK',					'TechType',						'TECH_MINING'),
	('HD_CHINA_WATER_CONSERVATION_DISTRICT_DAM_UNLOCK',						'DistrictType',				'DISTRICT_DAM'),
	('HD_CHINA_WATER_CONSERVATION_DISTRICT_DAM_UNLOCK',						'TechType',						'TECH_MINING'),
	('HD_CHINA_WATER_CONSERVATION_DISTRICT_AQUEDUCT_PRODUCTION',	'DistrictType',				'DISTRICT_AQUEDUCT'),
	('HD_CHINA_WATER_CONSERVATION_DISTRICT_AQUEDUCT_PRODUCTION',	'Amount',							200),
	('HD_CHINA_WATER_CONSERVATION_DISTRICT_CANAL_PRODUCTION',			'DistrictType',				'DISTRICT_CANAL'),
	('HD_CHINA_WATER_CONSERVATION_DISTRICT_CANAL_PRODUCTION',			'Amount',							200),
	('HD_CHINA_WATER_CONSERVATION_DISTRICT_DAM_PRODUCTION',				'DistrictType',				'DISTRICT_DAM'),
	('HD_CHINA_WATER_CONSERVATION_DISTRICT_DAM_PRODUCTION',				'Amount',							200),
	('HD_CHINA_WATER_CONSERVATION_GROWTH',												'ModifierId',					'HD_CHINA_WATER_CONSERVATION_GROWTH_MODIFIER'),
	('HD_CHINA_WATER_CONSERVATION_GROWTH_MODIFIER',								'Amount',							10),
	-- 武则天
	('HD_CHINA_IMPERIAL_EXAM_CAPITAL_GPP_BONUS',									'Amount',							100),
	('HD_CHINA_ACCEPT_ADVICE_INFLUENCE_BONUS',										'BonusType',					'GOVERNMENTBONUS_ENVOYS'),
	('HD_CHINA_ACCEPT_ADVICE_INFLUENCE_BONUS',										'Amount',							100),
	('HD_CHINA_SPY_SYSTEM_CAPACITY',															'Amount',							1),
	('HD_CHINA_SPY_SYSTEM_GRANT_SPY',															'UnitType',						'UNIT_SPY'),
	('HD_CHINA_SPY_SYSTEM_GRANT_SPY',															'Amount',							1),
	('HD_CHINA_SPY_SYSTEM_GRANT_SPY',															'AllowUniqueOverride',0),
	('HD_CHINA_SPY_SYSTEM_FAITH_PURCHASE',												'Tag',								'CLASS_SPY'),
	('HD_CHINA_MUSIC_BOOK_GRANT_BUILDING',												'BuildingType',				'BUILDING_HD_YUNSHAO_MANSION'),
	-- 忽必烈
	('HD_CHINA_PROVINCIAL_PRODUCTION',														'YieldType',					'YIELD_PRODUCTION'),
	('HD_CHINA_PROVINCIAL_PRODUCTION',														'Amount',							5),
	('HD_CHINA_PROVINCIAL_GOLD',																	'YieldType',					'YIELD_GOLD'),
	('HD_CHINA_PROVINCIAL_GOLD',																	'Amount',							5),
	('HD_CHINA_PROVINCIAL_IDENTITY',															'Amount',							10),
	('HD_CHINA_AGRICULTURAL_BOOK_PLOT_SCIENCE',										'YieldType',					'YIELD_SCIENCE'),
	('HD_CHINA_AGRICULTURAL_BOOK_PLOT_SCIENCE',										'Amount',							1),
	('HD_CHINA_BANKNOTE_ECONOMIC_SLOT',														'GovernmentSlotType',	'SLOT_ECONOMIC'),
	('HD_CHINA_MILITARY_REFORM_FOOD_0',														'YieldType',					'YIELD_FOOD'),
	('HD_CHINA_MILITARY_REFORM_FOOD_0',														'Amount',							2),
	('HD_CHINA_MILITARY_REFORM_FOOD_1',														'YieldType',					'YIELD_FOOD'),
	('HD_CHINA_MILITARY_REFORM_FOOD_1',														'Amount',							2),
	('HD_CHINA_MILITARY_REFORM_FOOD_2',														'YieldType',					'YIELD_FOOD'),
	('HD_CHINA_MILITARY_REFORM_FOOD_2',														'Amount',							2),
	('HD_CHINA_MILITARY_REFORM_FOOD_3',														'YieldType',					'YIELD_FOOD'),
	('HD_CHINA_MILITARY_REFORM_FOOD_3',														'Amount',							2),
	('HD_CHINA_MILITARY_REFORM_UNIT_PRODUCTION',									'BonusType',					'GOVERNMENTBONUS_UNIT_PRODUCTION'),
	('HD_CHINA_MILITARY_REFORM_UNIT_PRODUCTION',									'Amount',							20),
	('HD_CHINA_MILITARY_REFORM_UNIT_MAINTENANCE_DISCOUNT',				'Amount',							2),
	-- 朱棣
	('HD_CHINA_CABINET_GOVERNMENT_EXTRA_DISTRICT',								'Amount',							1),
	-- ('HD_CHINA_SHIP_BUREAU_SET_PROPERTY',													'Key',								'HD_CHINA_SHIP_BUREAU_TAG'),
	-- ('HD_CHINA_SHIP_BUREAU_SET_PROPERTY',													'Amount',							1),
	-- ('HD_CHINA_SHIP_BUREAU_ENVOY',																'Amount',							1),
	('HD_CHINA_SHIP_BUREAU_COMMERCIAL_HUB_DISTRICT_PRODUCTION',		'DistrictType',				'DISTRICT_COMMERCIAL_HUB'),
	('HD_CHINA_SHIP_BUREAU_COMMERCIAL_HUB_DISTRICT_PRODUCTION',		'Amount',							30),
	('HD_CHINA_SHIP_BUREAU_COMMERCIAL_HUB_BUILDING_PRODUCTION',		'DistrictType',				'DISTRICT_COMMERCIAL_HUB'),
	('HD_CHINA_SHIP_BUREAU_COMMERCIAL_HUB_BUILDING_PRODUCTION',		'Amount',							30),
	('HD_CHINA_SHIP_BUREAU_COMMERCIAL_HUB_PRODUCTION',						'YieldType',					'YIELD_PRODUCTION'),
	('HD_CHINA_SHIP_BUREAU_COMMERCIAL_HUB_PRODUCTION',						'Amount',							4),
	('HD_CHINA_SHIP_BUREAU_COMMERCIAL_HUB_INFLUENCE',							'ModifierId',					'HD_CHINA_SHIP_BUREAU_COMMERCIAL_HUB_INFLUENCE_MODIFIER'),
	('HD_CHINA_SHIP_BUREAU_COMMERCIAL_HUB_INFLUENCE_MODIFIER',		'Amount',							4),
	('HD_CHINA_SHIP_BUREAU_HARBOR_DISTRICT_PRODUCTION',						'DistrictType',				'DISTRICT_HARBOR'),
	('HD_CHINA_SHIP_BUREAU_HARBOR_DISTRICT_PRODUCTION',						'Amount',							30),
	('HD_CHINA_SHIP_BUREAU_HARBOR_BUILDING_PRODUCTION',						'DistrictType',				'DISTRICT_HARBOR'),
	('HD_CHINA_SHIP_BUREAU_HARBOR_BUILDING_PRODUCTION',						'Amount',							30),
	('HD_CHINA_SHIP_BUREAU_HARBOR_PRODUCTION',										'YieldType',					'YIELD_PRODUCTION'),
	('HD_CHINA_SHIP_BUREAU_HARBOR_PRODUCTION',										'Amount',							4),
	('HD_CHINA_SHIP_BUREAU_HARBOR_INFLUENCE',											'ModifierId',					'HD_CHINA_SHIP_BUREAU_HARBOR_INFLUENCE_MODIFIER'),
	('HD_CHINA_SHIP_BUREAU_HARBOR_INFLUENCE_MODIFIER',						'Amount',							4),
	('HD_CHINA_FOREIGN_SCHOOL_SCIENCE_FROM_DELEGATIONS',					'YieldType',					'YIELD_SCIENCE'),
	('HD_CHINA_FOREIGN_SCHOOL_SCIENCE_FROM_DELEGATIONS',					'Amount',							1),
	('HD_CHINA_FOREIGN_SCHOOL_GOLD_FROM_DELEGATIONS',							'YieldType',					'YIELD_GOLD'),
	('HD_CHINA_FOREIGN_SCHOOL_GOLD_FROM_DELEGATIONS',							'Amount',							4),
	('HD_CHINA_FOREIGN_SCHOOL_FAVOR_FROM_DELEGATIONS',						'Amount',							1),
	('HD_CHINA_FOREIGN_SCHOOL_SCIENCE_FROM_EMBASSIES',						'YieldType',					'YIELD_SCIENCE'),
	('HD_CHINA_FOREIGN_SCHOOL_SCIENCE_FROM_EMBASSIES',						'Amount',							1),
	('HD_CHINA_FOREIGN_SCHOOL_GOLD_FROM_EMBASSIES',								'YieldType',					'YIELD_GOLD'),
	('HD_CHINA_FOREIGN_SCHOOL_GOLD_FROM_EMBASSIES',								'Amount',							4),
	('HD_CHINA_FOREIGN_SCHOOL_FAVOR_FROM_EMBASSIES',							'Amount',							1),
	('HD_CHINA_THREE_CAMPS_UNIT_ABILITY_1',												'AbilityType',				'ABILITY_HD_CHINA_WUJUN_CAMP'),
	('HD_CHINA_THREE_CAMPS_UNIT_ABILITY_2',												'AbilityType',				'ABILITY_HD_CHINA_SANQIAN_CAMP'),
	('HD_CHINA_THREE_CAMPS_UNIT_ABILITY_3',												'AbilityType',				'ABILITY_HD_CHINA_SHENJI_CAMP');

-- 梅花内卫适配
update China_AncientCommemorationTypes_HD set Description = 'LOC_HD_CHINA_ANCIENT_COMMEMORATION_SPY_SYSTEM_WZT_DESCRIPTION' where AncientCommemorationType = 'HD_CHINA_ANCIENT_COMMEMORATION_SPY_SYSTEM'
	and exists (select UnitType from Units where UnitType = 'UNIT_PLUM_INTERNAL_SECURITY_HD');

delete from ChinaLeaders_AncientCommemorationModifiers_HD where AncientCommemorationType = 'HD_CHINA_ANCIENT_COMMEMORATION_SPY_SYSTEM'
	and exists (select UnitType from Units where UnitType = 'UNIT_PLUM_INTERNAL_SECURITY_HD');

insert or replace into ChinaLeaders_AncientCommemorationModifiers_HD (AncientCommemorationType, ModifierId) select
	'HD_CHINA_ANCIENT_COMMEMORATION_SPY_SYSTEM',					'HD_CHINA_SPY_SYSTEM_GRANT_PLUM_INTERNAL_SECURITY'
where exists (select UnitType from Units where UnitType = 'UNIT_PLUM_INTERNAL_SECURITY_HD');

insert or replace into ChinaLeaders_AncientCommemorationModifiers_HD (AncientCommemorationType, ModifierId) select
	'HD_CHINA_ANCIENT_COMMEMORATION_SPY_SYSTEM',					'HD_CHINA_SPY_SYSTEM_FAITH_PURCHASE_PLUM_INTERNAL_SECURITY'
where exists (select UnitType from Units where UnitType = 'UNIT_PLUM_INTERNAL_SECURITY_HD');
-- =====================================================================================================================================
-- 苏美尔
-- =====================================================================================================================================
delete from TraitModifiers where TraitType = 'TRAIT_CIVILIZATION_FIRST_CIVILIZATION';
delete from TraitModifiers where TraitType = 'TRAIT_LEADER_ADVENTURES_ENKIDU';

insert or replace into LeaderTraits (LeaderType, TraitType) values
	('LEADER_GILGAMESH', 'TRAIT_ENKIDU_HD');

insert or replace into TraitModifiers (TraitType,	ModifierId) values
	('TRAIT_CIVILIZATION_FIRST_CIVILIZATION', 'HD_CAPITAL_CAN_HAVE_SEA_UNITS'),
	('TRAIT_LEADER_ADVENTURES_ENKIDU', 				'TRAIT_BARBARIAN_CAMP_GOODY'),
	('TRAIT_LEADER_ADVENTURES_ENKIDU', 				'HD_ADVENTURES_ENKIDU_AGAINST_BARBARIAN'),
	('TRAIT_LEADER_MAJOR_CIV',       					'HD_IMMORTAL_SEARCH_CAPITAL_PRODUCTION_ATTACH'),
	('TRAIT_LEADER_MAJOR_CIV',       					'HD_IMMORTAL_SEARCH_CAPITAL_FAITH_ATTACH');

insert or replace into TraitModifiers (TraitType,	ModifierId)
	select 'TRAIT_LEADER_MAJOR_CIV', 'HD_ENKIDU_STRENGTH_FROM_' || EraType
from Eras where EraType != 'ERA_ANCIENT';

insert or replace into Modifiers (ModifierId, ModifierType, SubjectRequirementSetId) values
	('HD_CAPITAL_CAN_HAVE_SEA_UNITS', 							'MODIFIER_PLAYER_CAPITAL_CITY_ATTACH_MODIFIER',							'HD_CITY_CAN_HAVE_SEA_UNITS_REQUIREMENTS'),
	('HD_CAPITAL_CAN_HAVE_SEA_UNITS_MODIFIER',			'MODIFIER_PLAYER_ADJUST_PROPERTY',													NULL),
	('HD_ADVENTURES_ENKIDU_AGAINST_BARBARIAN', 			'MODIFIER_PLAYER_UNITS_ADJUST_BARBARIAN_COMBAT',						NULL),
	('HD_ENKIDU_STRENGTH_FROM_KILL',								'MODIFIER_UNIT_ADJUST_COMBAT_STRENGTH',											NULL),
	('HD_ENKIDU_STRENGTH_FROM_KILL_SET_PROPERTY',		'MODIFIER_PLAYER_UNITS_ADJUST_PROPERTY',										'UNIT_IS_UNIT_ENKIDU_HD_REQUIREMENTS'),
	('HD_ENKIDU_STRENGTH_FROM_ERA',									'MODIFIER_UNIT_ADJUST_COMBAT_STRENGTH',											NULL),
	('HD_IMMORTAL_SEARCH_CAPITAL_PRODUCTION_ATTACH','MODIFIER_PLAYER_CAPITAL_CITY_ATTACH_MODIFIER',							'HD_IMMORTAL_SEARCH_REQUIREMENTS'),
	('HD_IMMORTAL_SEARCH_CAPITAL_FAITH_ATTACH', 		'MODIFIER_PLAYER_CAPITAL_CITY_ATTACH_MODIFIER',							'HD_IMMORTAL_SEARCH_REQUIREMENTS'),
	('HD_IMMORTAL_SEARCH_CAPITAL_PRODUCTION', 			'MODIFIER_PLAYER_CITIES_ADJUST_CITY_YIELD_MODIFIER',				NULL),
	('HD_IMMORTAL_SEARCH_CAPITAL_FAITH', 						'MODIFIER_PLAYER_CITIES_ADJUST_CITY_YIELD_MODIFIER',				NULL),
	('HD_EPIC_EPILOGUE_GRANT_RANDOM_TECHNOLOGY',		'MODIFIER_PLAYER_GRANT_RANDOM_TECHNOLOGY',									NULL),
	('HD_EPIC_EPILOGUE_GRANT_RANDOM_CIVIC', 				'MODIFIER_PLAYER_GRANT_RANDOM_CIVIC',												NULL);

insert or replace into Modifiers (ModifierId, ModifierType, OwnerRequirementSetId, SubjectRequirementSetId)
	select 'HD_ENKIDU_STRENGTH_FROM_' || EraType, 'MODIFIER_PLAYER_UNITS_ADJUST_PROPERTY', 'HD_PLAYER_IS_' || EraType, 'UNIT_IS_UNIT_ENKIDU_HD_REQUIREMENTS'
from Eras where EraType != 'ERA_ANCIENT';

update Modifiers set RunOnce = 1, Permanent = 1 where ModifierId in ('HD_EPIC_EPILOGUE_GRANT_RANDOM_TECHNOLOGY', 'HD_EPIC_EPILOGUE_GRANT_RANDOM_CIVIC');

insert or replace into ModifierArguments (ModifierId, Name, Value) values
	('HD_CAPITAL_CAN_HAVE_SEA_UNITS', 							'ModifierId', 						'HD_CAPITAL_CAN_HAVE_SEA_UNITS_MODIFIER'),
	('HD_CAPITAL_CAN_HAVE_SEA_UNITS_MODIFIER', 			'Key', 										'HD_CAPITAL_CAN_HAVE_SEA_UNITS'),
	('HD_CAPITAL_CAN_HAVE_SEA_UNITS_MODIFIER', 			'Amount', 								1),
	('HD_ADVENTURES_ENKIDU_AGAINST_BARBARIAN', 			'Amount', 								5),
	('HD_ENKIDU_STRENGTH_FROM_KILL', 								'Key', 										'HD_ENKIDU_STRENGTH_FROM_KILL'),
	('HD_ENKIDU_STRENGTH_FROM_KILL_SET_PROPERTY',		'Key', 										'HD_ENKIDU_STRENGTH_FROM_KILL'),
	('HD_ENKIDU_STRENGTH_FROM_KILL_SET_PROPERTY',		'Amount', 								1),
	('HD_ENKIDU_STRENGTH_FROM_ERA', 								'Key', 										'HD_ENKIDU_STRENGTH_FROM_ERA'),
	('HD_IMMORTAL_SEARCH_CAPITAL_PRODUCTION_ATTACH','ModifierId',             'HD_IMMORTAL_SEARCH_CAPITAL_PRODUCTION'),
	('HD_IMMORTAL_SEARCH_CAPITAL_FAITH_ATTACH',   	'ModifierId',             'HD_IMMORTAL_SEARCH_CAPITAL_FAITH'),
	('HD_IMMORTAL_SEARCH_CAPITAL_PRODUCTION',   		'YieldType',              'YIELD_PRODUCTION'),
	('HD_IMMORTAL_SEARCH_CAPITAL_PRODUCTION',				'Amount',	                10),
	('HD_IMMORTAL_SEARCH_CAPITAL_FAITH',        		'YieldType',              'YIELD_FAITH'),
	('HD_IMMORTAL_SEARCH_CAPITAL_FAITH',						'Amount',	                10),
	('HD_EPIC_EPILOGUE_GRANT_RANDOM_TECHNOLOGY',		'Amount',	                1),
	('HD_EPIC_EPILOGUE_GRANT_RANDOM_CIVIC',					'Amount',	                1);

insert or replace into ModifierArguments (ModifierId, Name, Value)
	select 'HD_ENKIDU_STRENGTH_FROM_' || EraType, 'Key', 'HD_ENKIDU_STRENGTH_FROM_ERA'
from Eras where EraType != 'ERA_ANCIENT';

insert or replace into ModifierArguments (ModifierId, Name, Value)
	select 'HD_ENKIDU_STRENGTH_FROM_' || EraType, 'Amount', 7
from Eras where EraType != 'ERA_ANCIENT';

insert or replace into ModifierStrings (ModifierId, Context, Text) values
	('HD_ENKIDU_STRENGTH_FROM_KILL',	'Preview',	'LOC_HD_ENKIDU_STRENGTH_FROM_KILL_TEXT'),
	('HD_ENKIDU_STRENGTH_FROM_ERA',		'Preview',	'LOC_HD_ENKIDU_STRENGTH_FROM_ERA_TEXT');

insert or replace into GlobalParameters (Name, Value) values
  ('HD_ADVENTURE_CHAPTER_GPP_PERCENTAGE', 			50),
  ('HD_HEROES_CHERISH_FAITH_PERCENTAGE', 				100),
  ('HD_HEROES_HEROES_RETURN_TURNS', 						5);

	-- 城邦相关科文
create table if not exists Sumeria_CityState_Relevant_Tech_Civic_HD(
	CityStateType    TEXT    Not 			NULL,
	TechnologyType   TEXT    Default 	NULL,
	CivicType        TEXT    Default 	NULL
);

insert or ignore into Sumeria_CityState_Relevant_Tech_Civic_HD (CityStateType, TechnologyType) values
	('SCIENTIFIC', 			'TECH_WRITING'),
	('SCIENTIFIC', 			'TECH_MATHEMATICS'),
	('SCIENTIFIC', 			'TECH_PAPER_MAKING_HD'),
	('INDUSTRIAL', 			'TECH_MINING'),
	('INDUSTRIAL', 			'TECH_MASONRY'),
	('INDUSTRIAL', 			'TECH_IRON_WORKING'),
	('INDUSTRIAL', 			'TECH_ENGINEERING'),
	('INDUSTRIAL', 			'TECH_FUEL_HD'),
	('INDUSTRIAL', 			'TECH_CONSTRUCTION'),
	('MILITARISTIC',		'TECH_ARCHERY'),
	('MILITARISTIC',		'TECH_BRONZE_WORKING'),
	('MILITARISTIC',		'TECH_HORSEBACK_RIDING'),
	('MILITARISTIC',		'TECH_SADDLE_HD'),
	('RELIGIOUS', 			'TECH_ASTROLOGY'),
	('RELIGIOUS', 			'TECH_ALCHEMY_HD'),
	('TRADE', 					'TECH_THE_WHEEL'),
	('TRADE', 					'TECH_CURRENCY'),
	('CSE_AGRICULTURAL','TECH_POTTERY'),
	('CSE_AGRICULTURAL','TECH_ANIMAL_HUSBANDRY'),
	('CSE_AGRICULTURAL','TECH_IRRIGATION'),
	('CSE_AGRICULTURAL','TECH_CALENDAR_HD'),
	('CSE_AGRICULTURAL','TECH_TEXTILE_HD'),
	('CSE_MARITIME', 		'TECH_SAILING'),
	('CSE_MARITIME', 		'TECH_SHIPBUILDING'),
	('CSE_MARITIME', 		'TECH_CELESTIAL_NAVIGATION');

insert or ignore into Sumeria_CityState_Relevant_Tech_Civic_HD (CityStateType, CivicType) values
	('SCIENTIFIC',			'CIVIC_RECORDED_HISTORY'),
	('CULTURAL',				'CIVIC_CODE_OF_LAWS'),
	('CULTURAL',				'CIVIC_EARLY_EMPIRE'),
	('CULTURAL',				'CIVIC_STATE_WORKFORCE'),
	('CULTURAL',				'CIVIC_GAMES_RECREATION'),
	('CULTURAL',				'CIVIC_POLITICAL_PHILOSOPHY'),
	('CULTURAL',				'CIVIC_DRAMA_POETRY'),
	('CULTURAL',				'CIVIC_LITERARY_TRADITION_HD'),
	('INDUSTRIAL',			'CIVIC_CRAFTSMANSHIP'),
	('MILITARISTIC',		'CIVIC_EARLY_WARFARE_HD'),
	('MILITARISTIC',		'CIVIC_MILITARY_TRADITION'),
	('MILITARISTIC',		'CIVIC_MILITARY_TRAINING'),
	('RELIGIOUS',				'CIVIC_FUNERAL_HD'),
	('RELIGIOUS',				'CIVIC_MYSTICISM'),
	('RELIGIOUS',				'CIVIC_THEOLOGY'),
	('TRADE',						'CIVIC_FOREIGN_TRADE'),
	('TRADE',						'CIVIC_DEFENSIVE_TACTICS'),
	('CSE_AGRICULTURAL','CIVIC_HOUSEHOLD_REGISTRATION_HD');

	-- 特殊任务
create table if not exists Sumeria_CityState_Special_Quests_HD(
	SpecialQuestType 	TEXT    Not 			NULL,
	Description				TEXT    Default 	NULL,
	PrereqEra   			TEXT    Default 	NULL,
	PrereqTech   			TEXT    Default 	NULL,
	PrereqCivic       TEXT    Default 	NULL,
	ObsoleteEra 			TEXT    Default 	NULL,
	ObsoleteTech 			TEXT    Default 	NULL,
	ObsoleteCivic     TEXT    Default 	NULL,
	RequiresReligion  BOOLEAN Default		0,
	HasSubType  			BOOLEAN Default		0,
PRIMARY KEY('SpecialQuestType'));

insert or ignore into Sumeria_CityState_Special_Quests_HD (SpecialQuestType, PrereqTech, PrereqCivic, ObsoleteTech, ObsoleteCivic) values
	('HD_SPECIAL_QUEST_CLEAR_BARBARIAN_CAMP',									NULL,								NULL,													NULL,								NULL),
	('HD_SPECIAL_QUEST_TRAIN_UNIT',														NULL,								NULL,													NULL,								NULL),
	('HD_SPECIAL_QUEST_BUILD_DISTRICT',												NULL,								NULL,													NULL,								NULL),
	('HD_SPECIAL_QUEST_RECRUIT_GREAT_PERSON_CLASS',						NULL,								NULL,													NULL,								NULL),
	('HD_SPECIAL_QUEST_IMPROVE_RESOURCE',											NULL,								NULL,													NULL,								NULL),
	('HD_SPECIAL_QUEST_ESTABLISH_DOMESTIC_TRADE_ROUTE',				NULL,								'CIVIC_FOREIGN_TRADE',				NULL,								NULL),
	('HD_SPECIAL_QUEST_ESTABLISH_INTERNATIONAL_TRADE_ROUTE',	NULL,								'CIVIC_FOREIGN_TRADE',				NULL,								NULL),
	('HD_SPECIAL_QUEST_CONVERT_CITY_RELIGION',								NULL,								NULL,													NULL,								NULL),
	('HD_SPECIAL_QUEST_CREATE_SAME_CONTINENT_CITY',						NULL,								NULL,													NULL,								NULL),
	('HD_SPECIAL_QUEST_CREATE_FOREIGN_CONTINENT_CITY',				NULL,								'CIVIC_COLONIALISM',					NULL,								NULL),
	('HD_SPECIAL_QUEST_CHANGE_ADVANCED_GOVERNMRNT',						NULL,								NULL,													NULL,								'CIVIC_GLOBALIZATION'),
	('HD_SPECIAL_QUEST_FORM_CORPS',														NULL,								'CIVIC_NATIONALISM',					NULL,								'CIVIC_MOBILIZATION'),
	('HD_SPECIAL_QUEST_FORM_ARMY',														NULL,								'CIVIC_MOBILIZATION',					NULL,								NULL),
	('HD_SPECIAL_QUEST_FORM_FLEET',														NULL,								'CIVIC_COLONIALISM',					NULL,								'CIVIC_MOBILIZATION'),
	('HD_SPECIAL_QUEST_FORM_ARMADA',													NULL,								'CIVIC_MOBILIZATION',					NULL,								NULL),
	('HD_SPECIAL_QUEST_EXTRACT_ARTIFACT',											NULL,								'CIVIC_NATURAL_HISTORY',			NULL,								NULL),
	('HD_SPECIAL_QUEST_BUILD_NATIONAL_PARK',									NULL,								'CIVIC_CONSERVATION',					NULL,								NULL),
	('HD_SPECIAL_QUEST_BUILD_SPECIAL_IMPROVEMENT',						NULL,								NULL,													NULL,								NULL);

insert or ignore into Sumeria_CityState_Special_Quests_HD (SpecialQuestType, PrereqEra, ObsoleteEra) values
	('HD_SPECIAL_QUEST_BUILD_WONDER',													'ERA_CLASSICAL',		NULL),
	('HD_SPECIAL_QUEST_TRIGGER_TECH_BOOST',										NULL,								'ERA_FUTURE'),
	('HD_SPECIAL_QUEST_TRIGGER_CIVIC_BOOST',									NULL,								'ERA_FUTURE'),
	('HD_SPECIAL_QUEST_FINISH_TECH',													'ERA_RENAISSANCE',	'ERA_FUTURE'),
	('HD_SPECIAL_QUEST_FINISH_CIVIC',													'ERA_RENAISSANCE',	'ERA_FUTURE');

insert or ignore into Sumeria_CityState_Special_Quests_HD (SpecialQuestType, PrereqTech)
	select 'HD_SPECIAL_QUEST_CREATE_PRODUCT', 'TECH_ECONOMICS'
	where exists (select GreatWorkObjectType from GreatWorkObjectTypes where GreatWorkObjectType = 'GREATWORKOBJECT_PRODUCT');

update Sumeria_CityState_Special_Quests_HD set RequiresReligion = 1 where SpecialQuestType in (
	'HD_SPECIAL_QUEST_CONVERT_CITY_RELIGION'
);

create table if not exists Sumeria_CityState_Special_SubQuests_HD(
	SpecialQuestType 			TEXT    Not 			NULL,
	SpecialSubQuestType 	TEXT    Not 			NULL,
	ObjectType            TEXT    Not 			NULL,
	Description						TEXT    Not 			NULL,
	PrereqEra   					TEXT    Default 	NULL,
	PrereqTech   					TEXT    Default 	NULL,
	PrereqCivic       		TEXT    Default 	NULL,
	ObsoleteEra 					TEXT    Default 	NULL,
	ObsoleteTech 					TEXT    Default 	NULL,
	ObsoleteCivic     		TEXT    Default 	NULL,
	RequiresReligion  		BOOLEAN Default		0,
PRIMARY KEY('SpecialQuestType', 'SpecialSubQuestType'));

	-- 特殊奖励
create table if not exists Sumeria_CityState_Special_Quest_Rewards_HD(
	SpecialRewardType 		TEXT    Not 			NULL,
	Description						TEXT    Default 	NULL,
	ModifierId						TEXT    Default 	NULL,
	PrereqEra   					TEXT    Default 	NULL,
	PrereqTech   					TEXT    Default 	NULL,
	PrereqCivic       		TEXT    Default 	NULL,
	ObsoleteEra 					TEXT    Default 	NULL,
	ObsoleteTech 					TEXT    Default 	NULL,
	ObsoleteCivic     		TEXT    Default 	NULL,
	PrereqCityStateType		TEXT    Default 	NULL,
	MinTurn								Integer Default   0,
	RequiresReligion  		BOOLEAN Default		0,
	HasSubType  					BOOLEAN Default		0,
PRIMARY KEY('SpecialRewardType'));

insert or ignore into Sumeria_CityState_Special_Quest_Rewards_HD (SpecialRewardType, ModifierId, MinTurn) values
	('HD_SPECIAL_QUEST_REWARD_CAPITAL_POP', 					'HD_SPECIAL_QUEST_REWARD_CAPITAL_POP_MODIFIER', 					0),
	('HD_SPECIAL_QUEST_REWARD_SMALL_GOLD',						'HD_SPECIAL_QUEST_REWARD_SMALL_GOLD_MODIFIER',						0),
	('HD_SPECIAL_QUEST_REWARD_MEDIUM_GOLD',						'HD_SPECIAL_QUEST_REWARD_MEDIUM_GOLD_MODIFIER',						25),
	('HD_SPECIAL_QUEST_REWARD_LARGE_GOLD',						'HD_SPECIAL_QUEST_REWARD_LARGE_GOLD_MODIFIER',						50),
	('HD_SPECIAL_QUEST_REWARD_SMALL_FAITH',						'HD_SPECIAL_QUEST_REWARD_SMALL_FAITH_MODIFIER',						10),
	('HD_SPECIAL_QUEST_REWARD_MEDIUM_FAITH',					'HD_SPECIAL_QUEST_REWARD_MEDIUM_FAITH_MODIFIER',					30),
	('HD_SPECIAL_QUEST_REWARD_LARGE_FAITH',						'HD_SPECIAL_QUEST_REWARD_LARGE_FAITH_MODIFIER',						50),
	('HD_SPECIAL_QUEST_REWARD_GRANT_LAND_UNIT',				NULL,																											0);

insert or ignore into Sumeria_CityState_Special_Quest_Rewards_HD (SpecialRewardType, ModifierId, PrereqCivic, MinTurn) values
	('HD_SPECIAL_QUEST_REWARD_SMALL_FAVOR',						'HD_SPECIAL_QUEST_REWARD_SMALL_FAVOR_MODIFIER',						'CIVIC_POLITICAL_PHILOSOPHY',	0),
	('HD_SPECIAL_QUEST_REWARD_MEDIUM_FAVOR',					'HD_SPECIAL_QUEST_REWARD_MEDIUM_FAVOR_MODIFIER',					'CIVIC_DIPLOMATIC_SERVICE',		10),
	('HD_SPECIAL_QUEST_REWARD_LARGE_FAVOR',						'HD_SPECIAL_QUEST_REWARD_LARGE_FAVOR_MODIFIER',						'CIVIC_LEAGUE_OF_NATIONS_HD',	20);

insert or ignore into Sumeria_CityState_Special_Quest_Rewards_HD (SpecialRewardType, PrereqEra, MinTurn) values
	('HD_SPECIAL_QUEST_REWARD_GPP',										'ERA_CLASSICAL',		0),
	('HD_SPECIAL_QUEST_REWARD_STRATEGIC_RESOURCE',		NULL,								20),
	('HD_SPECIAL_QUEST_REWARD_LUXURY_RESOURCE',				NULL,								20),
	('HD_SPECIAL_QUEST_REWARD_DISTRICT_ADJACENCY',		'ERA_CLASSICAL',		0);

insert or ignore into Sumeria_CityState_Special_Quest_Rewards_HD (SpecialRewardType, ModifierId, PrereqEra, PrereqCityStateType) values
	('HD_SPECIAL_QUEST_REWARD_ALL_CITY_POP', 					'HD_SPECIAL_QUEST_REWARD_ALL_CITY_POP_MODIFIER', 					'ERA_MEDIEVAL',		'CSE_AGRICULTURAL');

insert or ignore into Sumeria_CityState_Special_Quest_Rewards_HD (SpecialRewardType, ModifierId, PrereqCityStateType, ObsoleteEra, MinTurn) values
	('HD_SPECIAL_QUEST_REWARD_ONE_TECH_BOOST',				'HD_SPECIAL_QUEST_REWARD_ONE_TECH_BOOST_MODIFIER',				NULL,							'ERA_FUTURE',	0),
	('HD_SPECIAL_QUEST_REWARD_ONE_CIVIC_BOOST',				'HD_SPECIAL_QUEST_REWARD_ONE_CIVIC_BOOST_MODIFIER',				NULL,							'ERA_FUTURE',	0),
	('HD_SPECIAL_QUEST_REWARD_TWO_TECH_BOOSTS',				'HD_SPECIAL_QUEST_REWARD_TWO_TECH_BOOSTS_MODIFIER',				'SCIENTIFIC',			'ERA_FUTURE',	30),
	('HD_SPECIAL_QUEST_REWARD_TWO_CIVIC_BOOSTS',			'HD_SPECIAL_QUEST_REWARD_TWO_CIVIC_BOOSTS_MODIFIER',			'CULTURAL',				'ERA_FUTURE',	30);

insert or ignore into Sumeria_CityState_Special_Quest_Rewards_HD (SpecialRewardType, ModifierId, PrereqCityStateType, MinTurn) values
	('HD_SPECIAL_QUEST_REWARD_RELIC',									'HD_SPECIAL_QUEST_REWARD_RELIC_MODIFIER',									'RELIGIOUS',				15),
	('HD_SPECIAL_QUEST_REWARD_GOVERNOR',							'HD_SPECIAL_QUEST_REWARD_GOVERNOR_MODIFIER',							'CULTURAL',					30),
	('HD_SPECIAL_QUEST_REWARD_GRANT_CULTURAL_UNIT',		NULL,																											'CULTURAL',					30),
	('HD_SPECIAL_QUEST_REWARD_GRANT_SEA_UNIT',				NULL,																											'CSE_MARITIME',			0),
	('HD_SPECIAL_QUEST_REWARD_GRANT_SUPPORT_UNIT',		NULL,																											'INDUSTRIAL',				0),
	('HD_SPECIAL_QUEST_REWARD_GRANT_BUILDER_1',				'HD_SPECIAL_QUEST_REWARD_GRANT_BUILDER_MODIFIER',					'INDUSTRIAL',				0),
	('HD_SPECIAL_QUEST_REWARD_GRANT_BUILDER_1',				'HD_SPECIAL_QUEST_REWARD_GRANT_BUILDER_MODIFIER',					'MILITARISTIC',			20),
	('HD_SPECIAL_QUEST_REWARD_GRANT_SETTLER_1',				'HD_SPECIAL_QUEST_REWARD_GRANT_SETTLER_MODIFIER',					'MILITARISTIC',			40),
	('HD_SPECIAL_QUEST_REWARD_GRANT_SETTLER_2',				'HD_SPECIAL_QUEST_REWARD_GRANT_SETTLER_MODIFIER',					'CSE_AGRICULTURAL',	40);

insert or ignore into Sumeria_CityState_Special_Quest_Rewards_HD (SpecialRewardType, ModifierId, PrereqCivic, PrereqCityStateType, MinTurn) values
	('HD_SPECIAL_QUEST_REWARD_TRADE_ROUTE_1',					'HD_SPECIAL_QUEST_REWARD_TRADE_ROUTE_MODIFIER',						'CIVIC_FOREIGN_TRADE',		'TRADE',					10),
	('HD_SPECIAL_QUEST_REWARD_GRANT_TRADER_1',				'HD_SPECIAL_QUEST_REWARD_GRANT_TRADER_MODIFIER',					'CIVIC_FOREIGN_TRADE',		'TRADE',					0),
	('HD_SPECIAL_QUEST_REWARD_TRADE_ROUTE_2',					'HD_SPECIAL_QUEST_REWARD_TRADE_ROUTE_MODIFIER',						'CIVIC_FOREIGN_TRADE',		'CSE_MARITIME',		10),
	('HD_SPECIAL_QUEST_REWARD_GRANT_TRADER_2',				'HD_SPECIAL_QUEST_REWARD_GRANT_TRADER_MODIFIER',					'CIVIC_FOREIGN_TRADE',		'CSE_MARITIME',		0),
	('HD_SPECIAL_QUEST_REWARD_GRANT_SPY_1',						'HD_SPECIAL_QUEST_REWARD_GRANT_SPY_MODIFIER',							'CIVIC_EARLY_EMPIRE',			'SCIENTIFIC',			0),
	('HD_SPECIAL_QUEST_REWARD_GRANT_SPY_2',						'HD_SPECIAL_QUEST_REWARD_GRANT_SPY_MODIFIER',							'CIVIC_EARLY_EMPIRE',			'CULTURAL',				0),
	('HD_SPECIAL_QUEST_REWARD_GRANT_SPY_3',						'HD_SPECIAL_QUEST_REWARD_GRANT_SPY_MODIFIER',							'CIVIC_EARLY_EMPIRE',			'MILITARISTIC',		0),
	('HD_SPECIAL_QUEST_REWARD_GRANT_UNIT_APOSTLE',	 	'HD_SPECIAL_QUEST_REWARD_GRANT_UNIT_APOSTLE_MODIFIER',		'CIVIC_THEOLOGY',					'RELIGIOUS',			0),
	('HD_SPECIAL_QUEST_REWARD_GRANT_UNIT_GURU',			 	'HD_SPECIAL_QUEST_REWARD_GRANT_UNIT_GURU_MODIFIER',				'CIVIC_DIVINE_RIGHT',			'RELIGIOUS',			0),
	('HD_SPECIAL_QUEST_REWARD_GRANT_UNIT_INQUISITOR',	'HD_SPECIAL_QUEST_REWARD_GRANT_UNIT_INQUISITOR_MODIFIER',	'CIVIC_DIVINE_RIGHT',			'RELIGIOUS',			0);

insert or ignore into Sumeria_CityState_Special_Quest_Rewards_HD (SpecialRewardType, ModifierId, PrereqTech, PrereqCityStateType, MinTurn) values
	('HD_SPECIAL_QUEST_REWARD_GRANT_UNIT_MISSIONARY',	'HD_SPECIAL_QUEST_REWARD_GRANT_UNIT_MISSIONARY_MODIFIER',	'TECH_ASTROLOGY',					'RELIGIOUS',			0);

update Sumeria_CityState_Special_Quest_Rewards_HD set RequiresReligion = 1 where SpecialRewardType in (
	'HD_SPECIAL_QUEST_REWARD_GRANT_UNIT_MISSIONARY',
	'HD_SPECIAL_QUEST_REWARD_GRANT_UNIT_APOSTLE',
	'HD_SPECIAL_QUEST_REWARD_GRANT_UNIT_GURU',
	'HD_SPECIAL_QUEST_REWARD_GRANT_UNIT_INQUISITOR'
);

insert or replace into Modifiers
	(ModifierId,																							ModifierType,																								RunOnce,	Permanent)
values
	('HD_SPECIAL_QUEST_REWARD_CAPITAL_POP_MODIFIER',					'MODIFIER_PLAYER_CAPITAL_CITY_ADD_POPULATION',							1,				1),
	('HD_SPECIAL_QUEST_REWARD_SMALL_GOLD_MODIFIER',						'MODIFIER_PLAYER_GRANT_YIELD',															1,				1),
	('HD_SPECIAL_QUEST_REWARD_MEDIUM_GOLD_MODIFIER',					'MODIFIER_PLAYER_GRANT_YIELD',															1,				1),
	('HD_SPECIAL_QUEST_REWARD_LARGE_GOLD_MODIFIER',						'MODIFIER_PLAYER_GRANT_YIELD',															1,				1),
	('HD_SPECIAL_QUEST_REWARD_SMALL_FAITH_MODIFIER',					'MODIFIER_PLAYER_GRANT_YIELD',															1,				1),
	('HD_SPECIAL_QUEST_REWARD_MEDIUM_FAITH_MODIFIER',					'MODIFIER_PLAYER_GRANT_YIELD',															1,				1),
	('HD_SPECIAL_QUEST_REWARD_LARGE_FAITH_MODIFIER',					'MODIFIER_PLAYER_GRANT_YIELD',															1,				1),
	('HD_SPECIAL_QUEST_REWARD_SMALL_FAVOR_MODIFIER',					'MODIFIER_PLAYER_ADD_FAVOR',																1,				1),
	('HD_SPECIAL_QUEST_REWARD_MEDIUM_FAVOR_MODIFIER',					'MODIFIER_PLAYER_ADD_FAVOR',																1,				1),
	('HD_SPECIAL_QUEST_REWARD_LARGE_FAVOR_MODIFIER',					'MODIFIER_PLAYER_ADD_FAVOR',																1,				1),
	('HD_SPECIAL_QUEST_REWARD_ALL_CITY_POP_MODIFIER',					'MODIFIER_PLAYER_CITIES_ADD_POPULATION',										1,				1),
	('HD_SPECIAL_QUEST_REWARD_ONE_TECH_BOOST_MODIFIER',				'MODIFIER_PLAYER_GRANT_RANDOM_TECHNOLOGY_BOOST_GOODY_HUT',	1,				1),
	('HD_SPECIAL_QUEST_REWARD_TWO_TECH_BOOSTS_MODIFIER',			'MODIFIER_PLAYER_GRANT_RANDOM_TECHNOLOGY_BOOST_GOODY_HUT',	1,				1),
	('HD_SPECIAL_QUEST_REWARD_ONE_CIVIC_BOOST_MODIFIER',			'MODIFIER_PLAYER_GRANT_RANDOM_CIVIC_BOOST_GOODY_HUT',				1,				1),
	('HD_SPECIAL_QUEST_REWARD_TWO_CIVIC_BOOSTS_MODIFIER',			'MODIFIER_PLAYER_GRANT_RANDOM_CIVIC_BOOST_GOODY_HUT',				1,				1),
	('HD_SPECIAL_QUEST_REWARD_RELIC_MODIFIER',								'MODIFIER_PLAYER_GRANT_RELIC',															1,				1),
	('HD_SPECIAL_QUEST_REWARD_GOVERNOR_MODIFIER',							'MODIFIER_PLAYER_ADJUST_GOVERNOR_POINTS',										1,				1),
	('HD_SPECIAL_QUEST_REWARD_GRANT_BUILDER_MODIFIER',				'MODIFIER_PLAYER_GRANT_UNIT_IN_CAPITAL',										1,				1),
	('HD_SPECIAL_QUEST_REWARD_GRANT_SETTLER_MODIFIER',				'MODIFIER_PLAYER_GRANT_UNIT_IN_CAPITAL',										1,				1),
	('HD_SPECIAL_QUEST_REWARD_TRADE_ROUTE_MODIFIER',					'MODIFIER_PLAYER_ADJUST_TRADE_ROUTE_CAPACITY',							1,				1),
	('HD_SPECIAL_QUEST_REWARD_GRANT_TRADER_MODIFIER',					'MODIFIER_PLAYER_GRANT_UNIT_IN_CAPITAL',										1,				1),
	('HD_SPECIAL_QUEST_REWARD_GRANT_SPY_MODIFIER',						'MODIFIER_PLAYER_GRANT_UNIT_IN_CAPITAL',										1,				1),
	('HD_SPECIAL_QUEST_REWARD_GRANT_UNIT_APOSTLE_MODIFIER',		'MODIFIER_PLAYER_GRANT_UNIT_IN_CAPITAL',										1,				1),
	('HD_SPECIAL_QUEST_REWARD_GRANT_UNIT_GURU_MODIFIER',			'MODIFIER_PLAYER_GRANT_UNIT_IN_CAPITAL',										1,				1),
	('HD_SPECIAL_QUEST_REWARD_GRANT_UNIT_INQUISITOR_MODIFIER','MODIFIER_PLAYER_GRANT_UNIT_IN_CAPITAL',										1,				1),
	('HD_SPECIAL_QUEST_REWARD_GRANT_UNIT_MISSIONARY_MODIFIER','MODIFIER_PLAYER_GRANT_UNIT_IN_CAPITAL',										1,				1);

insert or replace into ModifierArguments
	(ModifierId,																							Name,											Value)
values
	('HD_SPECIAL_QUEST_REWARD_CAPITAL_POP_MODIFIER',					'Amount',									1),
	('HD_SPECIAL_QUEST_REWARD_SMALL_GOLD_MODIFIER',						'YieldType',							'YIELD_GOLD'),
	('HD_SPECIAL_QUEST_REWARD_SMALL_GOLD_MODIFIER',						'Amount',									75),
	('HD_SPECIAL_QUEST_REWARD_MEDIUM_GOLD_MODIFIER',					'YieldType',							'YIELD_GOLD'),
	('HD_SPECIAL_QUEST_REWARD_MEDIUM_GOLD_MODIFIER',					'Amount',									150),
	('HD_SPECIAL_QUEST_REWARD_LARGE_GOLD_MODIFIER',						'YieldType',							'YIELD_GOLD'),
	('HD_SPECIAL_QUEST_REWARD_LARGE_GOLD_MODIFIER',						'Amount',									225),
	('HD_SPECIAL_QUEST_REWARD_SMALL_FAITH_MODIFIER',					'YieldType',							'YIELD_FAITH'),
	('HD_SPECIAL_QUEST_REWARD_SMALL_FAITH_MODIFIER',					'Amount',									60),
	('HD_SPECIAL_QUEST_REWARD_MEDIUM_FAITH_MODIFIER',					'YieldType',							'YIELD_FAITH'),
	('HD_SPECIAL_QUEST_REWARD_MEDIUM_FAITH_MODIFIER',					'Amount',									120),
	('HD_SPECIAL_QUEST_REWARD_LARGE_FAITH_MODIFIER',					'YieldType',							'YIELD_FAITH'),
	('HD_SPECIAL_QUEST_REWARD_LARGE_FAITH_MODIFIER',					'Amount',									180),
	('HD_SPECIAL_QUEST_REWARD_SMALL_FAVOR_MODIFIER',					'Amount',									40),
	('HD_SPECIAL_QUEST_REWARD_MEDIUM_FAVOR_MODIFIER',					'Amount',									80),
	('HD_SPECIAL_QUEST_REWARD_LARGE_FAVOR_MODIFIER',					'Amount',									120),
	('HD_SPECIAL_QUEST_REWARD_ALL_CITY_POP_MODIFIER',					'Amount',									1),
	('HD_SPECIAL_QUEST_REWARD_ONE_TECH_BOOST_MODIFIER',				'Amount',									1),
	('HD_SPECIAL_QUEST_REWARD_TWO_TECH_BOOSTS_MODIFIER',			'Amount',									2),
	('HD_SPECIAL_QUEST_REWARD_ONE_CIVIC_BOOST_MODIFIER',			'Amount',									1),
	('HD_SPECIAL_QUEST_REWARD_TWO_CIVIC_BOOSTS_MODIFIER',			'Amount',									2),
	('HD_SPECIAL_QUEST_REWARD_RELIC_MODIFIER',								'Amount',									1),
	('HD_SPECIAL_QUEST_REWARD_GOVERNOR_MODIFIER',							'Delta',									1),
	('HD_SPECIAL_QUEST_REWARD_GRANT_BUILDER_MODIFIER',				'UnitType',								'UNIT_BUILDER'),
	('HD_SPECIAL_QUEST_REWARD_GRANT_BUILDER_MODIFIER',				'Amount',									1),
	('HD_SPECIAL_QUEST_REWARD_GRANT_BUILDER_MODIFIER',				'AllowUniqueOverride',		0),
	('HD_SPECIAL_QUEST_REWARD_GRANT_SETTLER_MODIFIER',				'UnitType',								'UNIT_SETTLER'),
	('HD_SPECIAL_QUEST_REWARD_GRANT_SETTLER_MODIFIER',				'Amount',									1),
	('HD_SPECIAL_QUEST_REWARD_GRANT_SETTLER_MODIFIER',				'AllowUniqueOverride',		0),
	('HD_SPECIAL_QUEST_REWARD_TRADE_ROUTE_MODIFIER',					'Amount',									1),
	('HD_SPECIAL_QUEST_REWARD_GRANT_TRADER_MODIFIER',					'UnitType',								'UNIT_TRADER'),
	('HD_SPECIAL_QUEST_REWARD_GRANT_TRADER_MODIFIER',					'Amount',									1),
	('HD_SPECIAL_QUEST_REWARD_GRANT_TRADER_MODIFIER',					'AllowUniqueOverride',		0),
	('HD_SPECIAL_QUEST_REWARD_GRANT_SPY_MODIFIER',						'UnitType',								'UNIT_SPY'),
	('HD_SPECIAL_QUEST_REWARD_GRANT_SPY_MODIFIER',						'Amount',									1),
	('HD_SPECIAL_QUEST_REWARD_GRANT_SPY_MODIFIER',						'AllowUniqueOverride',		0),
	('HD_SPECIAL_QUEST_REWARD_GRANT_UNIT_APOSTLE_MODIFIER',		'UnitType',								'UNIT_APOSTLE'),
	('HD_SPECIAL_QUEST_REWARD_GRANT_UNIT_APOSTLE_MODIFIER',		'Amount',									1),
	('HD_SPECIAL_QUEST_REWARD_GRANT_UNIT_GURU_MODIFIER',			'UnitType',								'UNIT_GURU'),
	('HD_SPECIAL_QUEST_REWARD_GRANT_UNIT_GURU_MODIFIER',			'Amount',									1),
	('HD_SPECIAL_QUEST_REWARD_GRANT_UNIT_INQUISITOR_MODIFIER','UnitType',								'UNIT_INQUISITOR'),
	('HD_SPECIAL_QUEST_REWARD_GRANT_UNIT_INQUISITOR_MODIFIER','Amount',									1),
	('HD_SPECIAL_QUEST_REWARD_GRANT_UNIT_MISSIONARY_MODIFIER','UnitType',								'UNIT_MISSIONARY'),
	('HD_SPECIAL_QUEST_REWARD_GRANT_UNIT_MISSIONARY_MODIFIER','Amount',									1);

create table if not exists Sumeria_CityState_Special_Quest_SubRewards_HD(
	SpecialRewardType 		TEXT    Not 			NULL,
	SpecialSubRewardType 	TEXT    Not 			NULL,
	ObjectType            TEXT    Not 			NULL,
	Description						TEXT    Not 			NULL,
	ModifierId						TEXT    Default 	NULL,
	PrereqEra   					TEXT    Default 	NULL,
	PrereqTech   					TEXT    Default 	NULL,
	PrereqCivic       		TEXT    Default 	NULL,
	ObsoleteEra 					TEXT    Default 	NULL,
	ObsoleteTech 					TEXT    Default 	NULL,
	ObsoleteCivic     		TEXT    Default 	NULL,
	PrereqCityStateType		TEXT    Default 	NULL,
	MinTurn								Integer Default   0,
	RequiresReligion  		BOOLEAN Default		0,
PRIMARY KEY('SpecialRewardType', 'SpecialSubRewardType'));

-- =====================================================================================================================================
-- 埃及
-- =====================================================================================================================================
delete from TraitModifiers where TraitType = 'TRAIT_LEADER_MEDITERRANEAN';

-- =====================================================================================================================================
-- 法国
-- =====================================================================================================================================
-- 阿基坦的埃莉诺
update ModifierArguments set Value = 2 where ModifierId = 'IDENTITY_NEARBY_GREATWORKS' and Name = 'Amount';

insert or replace into TraitModifiers (TraitType,	ModifierId)
values
	('TRAIT_LEADER_ELEANOR_LOYALTY',	'ELEANOR_ALLOW_PROJECT'),
	('TRAIT_LEADER_ELEANOR_LOYALTY',	'DOUBLE_ARCHAEOLOGY_SLOTS'),
	('TRAIT_LEADER_ELEANOR_LOYALTY',	'DOUBLE_ART_SLOTS'),
	('TRAIT_LEADER_ELEANOR_LOYALTY',	'AUTO_THEME_AT_LEAST_6_SLOTS');
	--('TRAIT_LEADER_ELEANOR_LOYALTY',	'DOUBLE_ARCHAEOLOGY_SLOTS1'),
	--('TRAIT_LEADER_ELEANOR_LOYALTY',	'DOUBLE_ART_SLOTS1'),
	--('TRAIT_LEADER_ELEANOR_LOYALTY',	'TRAIT_SUPPORT_TWO_ARCHAEOLOGISTS'),
	--('TRAIT_LEADER_ELEANOR_LOYALTY',	'TRAIT_AUTO_THEME_ARCHAEOLOGY_MUSEUM'),
	--('TRAIT_LEADER_ELEANOR_LOYALTY',	'TRAIT_AUTO_THEME_ART_MUSEUM');

insert or replace into Modifiers
	(ModifierId,					ModifierType)
values
	('ELEANOR_ALLOW_PROJECT',		'MODIFIER_PLAYER_ALLOW_PROJECT_CATHERINE'),
	('DOUBLE_ARCHAEOLOGY_SLOTS',	'MODIFIER_PLAYER_CITIES_ADJUST_EXTRA_GREAT_WORK_SLOTS'),
	('DOUBLE_ART_SLOTS',			'MODIFIER_PLAYER_CITIES_ADJUST_EXTRA_GREAT_WORK_SLOTS'),
	--('DOUBLE_ARCHAEOLOGY_SLOTS1',	'MODIFIER_PLAYER_CAPTURED_CITY_ADJUST_EXTRA_GREAT_WORK_SLOTS'),
	--('DOUBLE_ART_SLOTS1',			'MODIFIER_PLAYER_CAPTURED_CITY_ADJUST_EXTRA_GREAT_WORK_SLOTS'),
	('AUTO_THEME_AT_LEAST_6_SLOTS',	'MODIFIER_PLAYER_ADJUST_AUTO_THEME_BUILDINGS_WITH_X_SLOTS');
	--('TRAIT_AUTO_THEME_ARCHAEOLOGY_MUSEUM',	'MODIFIER_PLAYER_ADJUST_AUTO_THEMED_BUILDING'),
	--('TRAIT_AUTO_THEME_ART_MUSEUM',	'MODIFIER_PLAYER_ADJUST_AUTO_THEMED_BUILDING');

insert or replace into ModifierArguments
	(ModifierId,								Name,				 	Value)
values
	('ELEANOR_ALLOW_PROJECT',     				'ProjectType',			'PROJECT_CIRCUSES_AND_BREAD'),
	--('TRAIT_DOUBLE_ARCHAEOLOGY_SLOTS_MODIFIER',	'ModifierId',			'DOUBLE_ARCHAEOLOGY_SLOTS'),
	--('TRAIT_DOUBLE_ART_SLOTS_MODIFIER',			'ModifierId',			'DOUBLE_ART_SLOTS'),
	('DOUBLE_ARCHAEOLOGY_SLOTS',				'BuildingType',			'BUILDING_MUSEUM_ARTIFACT'),
	('DOUBLE_ARCHAEOLOGY_SLOTS',				'GreatWorkSlotType',	'GREATWORKSLOT_ARTIFACT'),
	('DOUBLE_ARCHAEOLOGY_SLOTS',				'Amount',				3),
	('DOUBLE_ART_SLOTS',						'BuildingType',			'BUILDING_MUSEUM_ART'),
	('DOUBLE_ART_SLOTS',						'GreatWorkSlotType',	'GREATWORKSLOT_ART'),
	('DOUBLE_ART_SLOTS',						'Amount',				3),
	('AUTO_THEME_AT_LEAST_6_SLOTS',				'Amount',				6),
	('AUTO_THEME_AT_LEAST_6_SLOTS',				'IsWonder',				0);
	/*('DOUBLE_ARCHAEOLOGY_SLOTS1',				'BuildingType',			'BUILDING_MUSEUM_ARTIFACT'),
	('DOUBLE_ARCHAEOLOGY_SLOTS1',				'GreatWorkSlotType',	'GREATWORKSLOT_ARTIFACT'),
	('DOUBLE_ARCHAEOLOGY_SLOTS1',				'Amount',				3),
	('DOUBLE_ART_SLOTS1',						'BuildingType',			'BUILDING_MUSEUM_ART'),
	('DOUBLE_ART_SLOTS1',						'GreatWorkSlotType',	'GREATWORKSLOT_ART'),
	('DOUBLE_ART_SLOTS1',						'Amount',				3),
	('TRAIT_AUTO_THEME_ARCHAEOLOGY_MUSEUM',		'BuildingType',			'BUILDING_MUSEUM_ARTIFACT'),
	('TRAIT_AUTO_THEME_ART_MUSEUM',				'BuildingType',			'BUILDING_MUSEUM_ART');*/

-- England by 先驱
/*
英国
Ua世界工厂：
建造工业区及其中建筑时+25%生产力。每座工业区及其中建筑+2生产力+2科技。已改良的煤和铁资源+1生产力，+2资源产量。 
*/
update Types set Kind = 'KIND_TRAIT' where Type = 'TRAIT_CIVILIZATION_INDUSTRIAL_REVOLUTION';
update ModifierArguments set Value = 25 where ModifierId ='TRAIT_ADJUST_INDUSTRIAL_ZONE_BUILDINGS_PRODUCTION' and Name = 'Amount';

delete from TraitModifiers where 
	TraitType = 'TRAIT_CIVILIZATION_INDUSTRIAL_REVOLUTION' and ModifierId like 'TRAIT_POWERED_BUILDINGS_MORE_%';
delete from TraitModifiers where 
	TraitType = 'TRAIT_CIVILIZATION_INDUSTRIAL_REVOLUTION' and ModifierId like 'TRAIT_ADJUST_MILITARY_ENGINEER_%';
delete from TraitModifiers where 
	TraitType = 'TRAIT_CIVILIZATION_INDUSTRIAL_REVOLUTION' and ModifierId like 'TRAIT_ADJUST_%_STOCKPILE_CAP';

insert or replace into TraitModifiers
	(TraitType,												ModifierId)
values
	('TRAIT_CIVILIZATION_INDUSTRIAL_REVOLUTION',			'TRAIT_ADJUST_INDUSTRIAL_ZONE_DISTRICTS_PRODUCTION'),
	('TRAIT_CIVILIZATION_INDUSTRIAL_REVOLUTION',			'TRAIT_IRON_PRODUCTION'),
	('TRAIT_CIVILIZATION_INDUSTRIAL_REVOLUTION',			'TRAIT_COAL_PRODUCTION'),
	('TRAIT_CIVILIZATION_INDUSTRIAL_REVOLUTION',			'HD_INDUSTRIAL_SCIENCE'),
	('TRAIT_CIVILIZATION_INDUSTRIAL_REVOLUTION',			'HD_INDUSTRIAL_PRODUCTION');

insert or replace into Modifiers
	(ModifierId, 											ModifierType,												SubjectRequirementSetId)
values
	('TRAIT_ADJUST_INDUSTRIAL_ZONE_DISTRICTS_PRODUCTION',	'MODIFIER_PLAYER_CITIES_ADJUST_DISTRICT_PRODUCTION',		NULL),
	('TRAIT_IRON_PRODUCTION',								'MODIFIER_PLAYER_ADJUST_PLOT_YIELD',						'HAS_IMPROVED_IRON'),
	('TRAIT_COAL_PRODUCTION',								'MODIFIER_PLAYER_ADJUST_PLOT_YIELD',						'HAS_IMPROVED_COAL'),
	('HD_INDUSTRIAL_SCIENCE', 								'MODIFIER_PLAYER_DISTRICTS_ADJUST_YIELD_CHANGE',			'DISTRICT_IS_DISTRICT_INDUSTRIAL_ZONE_REQUIREMENTS'),
	('HD_INDUSTRIAL_PRODUCTION',							'MODIFIER_PLAYER_DISTRICTS_ADJUST_YIELD_CHANGE',			'DISTRICT_IS_DISTRICT_INDUSTRIAL_ZONE_REQUIREMENTS');

insert or replace into ModifierArguments
	(ModifierId,											Name,			Value)
values
	('TRAIT_ADJUST_INDUSTRIAL_ZONE_DISTRICTS_PRODUCTION',	'DistrictType',	'DISTRICT_INDUSTRIAL_ZONE'),
	('TRAIT_ADJUST_INDUSTRIAL_ZONE_DISTRICTS_PRODUCTION',	'Amount',		25),
	('TRAIT_IRON_PRODUCTION',								'YieldType',	'YIELD_PRODUCTION'),
	('TRAIT_IRON_PRODUCTION',								'Amount',		1),
	('TRAIT_COAL_PRODUCTION',								'YieldType',	'YIELD_PRODUCTION'),
	('TRAIT_COAL_PRODUCTION',								'Amount',		1),
	('HD_INDUSTRIAL_SCIENCE',								'YieldType',	'YIELD_SCIENCE'),
	('HD_INDUSTRIAL_SCIENCE',								'Amount',		2),
	('HD_INDUSTRIAL_PRODUCTION',							'YieldType',	'YIELD_PRODUCTION'),
	('HD_INDUSTRIAL_PRODUCTION',							'Amount',		2);

create temporary table EnglandBuildings (BuildingType text);
insert or ignore into EnglandBuildings (BuildingType) select BuildingType from Buildings where PrereqDistrict = 'DISTRICT_INDUSTRIAL_ZONE';
create temporary table EnglandYields (YieldType text);
insert or ignore into EnglandYields (YieldType) values ('YIELD_SCIENCE'), ('YIELD_PRODUCTION');
insert or replace into TraitModifiers
	(TraitType, 									ModifierId)
select
	'TRAIT_CIVILIZATION_INDUSTRIAL_REVOLUTION', 	'HD_ENGLAND_' || BuildingType || '_' || YieldType
from EnglandBuildings left outer join EnglandYields;

insert or replace into Modifiers
	(ModifierId,										ModifierType)
select
	'HD_ENGLAND_' || BuildingType || '_' || YieldType,	'MODIFIER_PLAYER_CITIES_ADJUST_BUILDING_YIELD_CHANGE'
from EnglandBuildings left outer join EnglandYields;

insert or replace into ModifierArguments
	(ModifierId, 										Name, 			Value)
select
	'HD_ENGLAND_' || BuildingType || '_' || YieldType,	'BuildingType', BuildingType
from EnglandBuildings left outer join EnglandYields;

insert or replace into ModifierArguments
	(ModifierId, 										Name, 			Value)
select
	'HD_ENGLAND_' || BuildingType || '_' || YieldType,	'YieldType', 	YieldType
from EnglandBuildings left outer join EnglandYields;

insert or replace into ModifierArguments
	(ModifierId, 										Name, 			Value)
select
	'HD_ENGLAND_' || BuildingType || '_' || YieldType,	'Amount', 		2
from EnglandBuildings left outer join EnglandYields;

/*
Ud皇家海军船坞：
港口通用效果略。本城训练的海军单位+1移动力，陆地单位上下船时不再花费行动力。额外+3海军统帅点数。
*/
delete from DistrictModifiers where ModifierId = 'ROYAL_NAVY_DOCKYARD_GOLD_FROM_FOREIGN_CONTINENT';
delete from DistrictModifiers where ModifierId = 'ROYAL_NAVY_DOCKYARD_IDENTITY_PER_TURN_MODIFIER';

insert or replace into DistrictModifiers
	(DistrictType,						ModifierId)
values
	('DISTRICT_ROYAL_NAVY_DOCKYARD',	'ROYAL_NAVY_DOCKYARD_IGNORE_EMBARK_DISEMBARK_COST');

insert or replace into Modifiers
	(ModifierId,													ModifierType)
values
	('ROYAL_NAVY_DOCKYARD_IGNORE_EMBARK_DISEMBARK_COST',			'MODIFIER_SINGLE_CITY_ATTACH_MODIFIER'),
	('ROYAL_NAVY_DOCKYARD_IGNORE_EMBARK_DISEMBARK_COST_MODIFIER',	'MODIFIER_SINGLE_CITY_GRANT_ABILITY_FOR_TRAINED_UNITS'),
	('ENGLAND_IGNORE_EMBARK_DISEMBARK_COST',						'MODIFIER_PLAYER_UNIT_ADJUST_IGNORE_SHORES');

insert or replace into ModifierArguments
	(ModifierId,													Name,			Value)
values
	('ROYAL_NAVY_DOCKYARD_IGNORE_EMBARK_DISEMBARK_COST',			'ModifierId',	'ROYAL_NAVY_DOCKYARD_IGNORE_EMBARK_DISEMBARK_COST_MODIFIER'),
	('ROYAL_NAVY_DOCKYARD_IGNORE_EMBARK_DISEMBARK_COST_MODIFIER',	'AbilityType',	'ABILITY_ENGLAND_IGNORE_EMBARK_DISEMBARK_COST'),
	('ENGLAND_IGNORE_EMBARK_DISEMBARK_COST',						'Ignore',		1);

insert or replace into Types
	(Type,												Kind)
values
	('ABILITY_ENGLAND_IGNORE_EMBARK_DISEMBARK_COST',	'KIND_ABILITY');

insert or replace into UnitAbilities
	(UnitAbilityType,									Name,														Description,													Inactive,	ShowFloatTextWhenEarned,	Permanent)
values
	('ABILITY_ENGLAND_IGNORE_EMBARK_DISEMBARK_COST',	'LOC_ABILITY_ENGLAND_IGNORE_EMBARK_DISEMBARK_COST_NAME',	'LOC_ABILITY_ENGLAND_IGNORE_EMBARK_DISEMBARK_COST_DESCRIPTION',	1,			0,							1);

insert or replace into UnitAbilityModifiers
	(UnitAbilityType,									ModifierId)
values
	('ABILITY_ENGLAND_IGNORE_EMBARK_DISEMBARK_COST',	'ENGLAND_IGNORE_EMBARK_DISEMBARK_COST');

insert or replace into TypeTags
	(Type,												Tag)
values
	('ABILITY_ENGLAND_IGNORE_EMBARK_DISEMBARK_COST',	'CLASS_LAND_UNITS');
/*
不列颠治世维多利亚 La不列颠治世（只更改中文文本）：
建成皇家海军船坞时，获得一个免费的海军近战单位。海军近战单位与陆地单位编队时共享移动力。每招募一名海军统帅获得一个使者。首都的皇家海军船坞及其中建筑提供额外+1贸易路线容量。解锁“军事学”科技后获得特色单位红衫军。 
*/
delete from TraitModifiers where ModifierId = 'TRAIT_FOREIGN_CONTINENT_MELEE_UNIT';
delete from TraitModifiers where ModifierId = 'TRAIT_FOREIGN_CONTINENT_TRADE_ROUTE';

insert or replace into TraitModifiers
	(TraitType,							ModifierId)
values
	('TRAIT_LEADER_PAX_BRITANNICA',		'TRAIT_LEADER_PAX_BRITANNICA_SHARED_MOVEMENT'),
	('TRAIT_LEADER_PAX_BRITANNICA',		'CAPITAL_DISTRICT_ROYAL_NAVY_DOCKYARD_TRADE_ROUTE'),
	('TRAIT_LEADER_PAX_BRITANNICA',		'CAPITAL_HARBOR_TIER_1_TRADE_ROUTE'),
	('TRAIT_LEADER_PAX_BRITANNICA',		'CAPITAL_HARBOR_TIER_2_TRADE_ROUTE'),
	('TRAIT_LEADER_PAX_BRITANNICA',		'CAPITAL_HARBOR_TIER_3_TRADE_ROUTE');

insert or replace into Modifiers
	(ModifierId,												ModifierType)
values
	('TRAIT_LEADER_PAX_BRITANNICA_SHARED_MOVEMENT',				'MODIFIER_PLAYER_UNITS_GRANT_ABILITY'),
	('TRAIT_LEADER_PAX_BRITANNICA_SHARED_MOVEMENT_MODIFIER',	'MODIFIER_UNIT_ADJUST_ESCORT_MOBILITY'),
	('HD_VICTORIA_GRANT_ENVOY',									'MODIFIER_PLAYER_GRANT_INFLUENCE_TOKEN'),
	('CAPITAL_DISTRICT_ROYAL_NAVY_DOCKYARD_TRADE_ROUTE',		'MODIFIER_PLAYER_CAPITAL_CITY_ATTACH_MODIFIER'),
	('CAPITAL_HARBOR_TIER_1_TRADE_ROUTE',						'MODIFIER_PLAYER_CAPITAL_CITY_ATTACH_MODIFIER'),
	('CAPITAL_HARBOR_TIER_2_TRADE_ROUTE',						'MODIFIER_PLAYER_CAPITAL_CITY_ATTACH_MODIFIER'),
	('CAPITAL_HARBOR_TIER_3_TRADE_ROUTE',						'MODIFIER_PLAYER_CAPITAL_CITY_ATTACH_MODIFIER');

insert or replace into Modifiers
	(ModifierId,													ModifierType,									SubjectRequirementSetId)
values
	('CAPITAL_DISTRICT_ROYAL_NAVY_DOCKYARD_TRADE_ROUTE_MODIFIER',	'MODIFIER_PLAYER_ADJUST_TRADE_ROUTE_CAPACITY',	'PALACE_AND_ROYAL_NAVY_DOCKYARD_REQUIREMENTS'),
	('CAPITAL_HARBOR_TIER_1_TRADE_ROUTE_MODIFIER',					'MODIFIER_PLAYER_ADJUST_TRADE_ROUTE_CAPACITY',	'PALACE_AND_HARBOR_TIER_1_REQUIREMENTS'),
	('CAPITAL_HARBOR_TIER_2_TRADE_ROUTE_MODIFIER',					'MODIFIER_PLAYER_ADJUST_TRADE_ROUTE_CAPACITY',	'PALACE_AND_HARBOR_TIER_2_REQUIREMENTS'),
	('CAPITAL_HARBOR_TIER_3_TRADE_ROUTE_MODIFIER',					'MODIFIER_PLAYER_ADJUST_TRADE_ROUTE_CAPACITY',	'PALACE_AND_HARBOR_TIER_3_REQUIREMENTS');

insert or replace into ModifierArguments
	(ModifierId,													Name,				Value)
values
	('TRAIT_LEADER_PAX_BRITANNICA_SHARED_MOVEMENT',					'AbilityType',		'ABILITY_SHARED_MOVEMENT'),
	('TRAIT_LEADER_PAX_BRITANNICA_SHARED_MOVEMENT_MODIFIER',		'EscortMobility',	1),
	('HD_VICTORIA_GRANT_ENVOY',										'Amount',			1),
	('CAPITAL_DISTRICT_ROYAL_NAVY_DOCKYARD_TRADE_ROUTE',			'ModifierId',		'CAPITAL_DISTRICT_ROYAL_NAVY_DOCKYARD_TRADE_ROUTE_MODIFIER'),
	('CAPITAL_DISTRICT_ROYAL_NAVY_DOCKYARD_TRADE_ROUTE_MODIFIER',	'Amount',			1),
	('CAPITAL_HARBOR_TIER_1_TRADE_ROUTE',							'ModifierId',		'CAPITAL_HARBOR_TIER_1_TRADE_ROUTE_MODIFIER'),
	('CAPITAL_HARBOR_TIER_1_TRADE_ROUTE_MODIFIER',					'Amount',			1),
	('CAPITAL_HARBOR_TIER_2_TRADE_ROUTE',							'ModifierId',		'CAPITAL_HARBOR_TIER_2_TRADE_ROUTE_MODIFIER'),
	('CAPITAL_HARBOR_TIER_2_TRADE_ROUTE_MODIFIER',					'Amount',			1),
	('CAPITAL_HARBOR_TIER_3_TRADE_ROUTE',							'ModifierId',		'CAPITAL_HARBOR_TIER_3_TRADE_ROUTE_MODIFIER'),
	('CAPITAL_HARBOR_TIER_3_TRADE_ROUTE_MODIFIER',					'Amount',			1);

insert or replace into Types
	(Type,							Kind)
values
	('ABILITY_SHARED_MOVEMENT',		'KIND_ABILITY');

insert or replace into UnitAbilities
	(UnitAbilityType,			Name,	Description,								Inactive,	ShowFloatTextWhenEarned,	Permanent)
values
	('ABILITY_SHARED_MOVEMENT',	NULL,	'LOC_ABILITY_SHARED_MOVEMENT_DESCRIPTION',	1,			0,							1);

insert or replace into UnitAbilityModifiers
	(UnitAbilityType,			ModifierId)
values
	('ABILITY_SHARED_MOVEMENT',	'TRAIT_LEADER_PAX_BRITANNICA_SHARED_MOVEMENT_MODIFIER');

insert or replace into TypeTags
	(Type,						Tag)
values
	('ABILITY_SHARED_MOVEMENT',	'CLASS_NAVAL_MELEE');

-- Arabia
update ModifierArguments set Value = 4 where ModifierId = 'TRAIT_SCIENCE_PER_FOREIGN_CITY_FOLLOWING_RELIGION' and Name = 'Amount';

-- Maori
delete from TraitModifiers where TraitType = 'TRAIT_CIVILIZATION_MAORI_MANA' and ModifierId = 'TRAIT_MAORI_PREVENT_HARVEST';
insert or replace into Building_YieldChanges 
	(BuildingType, 		YieldType,			YieldChange) 
values
	('BUILDING_MARAE', 	'YIELD_CULTURE',	2);
update ModifierArguments set Value = 2 where ModifierId = 'MARAE_FAITH_FEATURES' and Name = 'Amount';
update ModifierArguments set Value = 2 where ModifierId = 'MARAE_CULTURE_FEATURES' and Name = 'Amount';

insert or replace into TraitModifiers (TraitType, ModifierId) values
	('TRAIT_CIVILIZATION_MAORI_MANA', 'TRAIT_MAORI_PRODUCTION_RAINFOREST_CIVIL_SERVICE'),
	('TRAIT_CIVILIZATION_MAORI_MANA', 'TRAIT_MAORI_PRODUCTION_WOODS_CIVIL_SERVICE'),
	('TRAIT_CIVILIZATION_MAORI_MANA', 'TRAIT_MAORI_PRODUCTION_RAINFOREST_ENVIRONMENTALISM'),
	('TRAIT_CIVILIZATION_MAORI_MANA', 'TRAIT_MAORI_PRODUCTION_WOODS_ENVIRONMENTALISM');

insert or replace into Modifiers (ModifierId, ModifierType, SubjectRequirementSetId) values
	('TRAIT_MAORI_PRODUCTION_RAINFOREST_CIVIL_SERVICE', 	'MODIFIER_PLAYER_ADJUST_PLOT_YIELD', 'PLOT_HAS_JUNGLE_CIVIL_SERVICE_REQUIREMENTS'),
	('TRAIT_MAORI_PRODUCTION_WOODS_CIVIL_SERVICE', 			'MODIFIER_PLAYER_ADJUST_PLOT_YIELD', 'PLOT_HAS_FOREST_CIVIL_SERVICE_REQUIREMENTS'),
	('TRAIT_MAORI_PRODUCTION_RAINFOREST_ENVIRONMENTALISM', 	'MODIFIER_PLAYER_ADJUST_PLOT_YIELD', 'PLOT_HAS_JUNGLE_ENVIRONMENTALISM_REQUIREMENTS'),
	('TRAIT_MAORI_PRODUCTION_WOODS_ENVIRONMENTALISM', 		'MODIFIER_PLAYER_ADJUST_PLOT_YIELD', 'PLOT_HAS_FOREST_ENVIRONMENTALISM_REQUIREMENTS');

insert or replace into ModifierArguments (ModifierId, Name, Value) values
	('TRAIT_MAORI_PRODUCTION_RAINFOREST_CIVIL_SERVICE', 	'YieldType', 	'YIELD_PRODUCTION'),
	('TRAIT_MAORI_PRODUCTION_RAINFOREST_CIVIL_SERVICE', 	'Amount', 		1),
	('TRAIT_MAORI_PRODUCTION_WOODS_CIVIL_SERVICE', 			'YieldType', 	'YIELD_PRODUCTION'),
	('TRAIT_MAORI_PRODUCTION_WOODS_CIVIL_SERVICE', 			'Amount',		1),
	('TRAIT_MAORI_PRODUCTION_RAINFOREST_ENVIRONMENTALISM', 	'YieldType', 	'YIELD_PRODUCTION'),
	('TRAIT_MAORI_PRODUCTION_RAINFOREST_ENVIRONMENTALISM', 	'Amount', 		1),
	('TRAIT_MAORI_PRODUCTION_WOODS_ENVIRONMENTALISM', 		'YieldType', 	'YIELD_PRODUCTION'),
	('TRAIT_MAORI_PRODUCTION_WOODS_ENVIRONMENTALISM', 		'Amount',		1);

update ModifierArguments set Value = 1 where
	ModifierId = 'TRAIT_MAORI_PRODUCTION_RAINFOREST_CONSERVATION' and Name = 'Amount';
update ModifierArguments set Value = 1 where
	ModifierId = 'TRAIT_MAORI_PRODUCTION_WOODS_CONSERVATION' and Name = 'Amount';

-------------------------------------------------------------------------------------------------
-- Kongo
delete from TraitModifiers where ModifierId like 'TRAIT_DOUBLE_%' and TraitType = 'TRAIT_CIVILIZATION_NKISI';
-- 非AI刚果宫殿+5通用槽位
update Modifiers set OwnerRequirementSetId = 'PLAYER_IS_HUMAN' where ModifierId = 'TRAIT_EXTRA_PALACE_SLOTS';
update ModifierArguments set Value = 5 where ModifierId = 'TRAIT_EXTRA_PALACE_SLOTS' and Name = 'Amount';
-- Kongo all land units receive ability to move on forest and jungles without movement penalty
insert or replace into TraitModifiers
	(TraitType, 										ModifierId)
values
	('TRAIT_CIVILIZATION_NKISI', 		'TRAIT_ALL_LAND_UNITS_IGNORE_WOODS');

insert or replace into Modifiers
	(ModifierId,													ModifierType)
values
	('TRAIT_ALL_LAND_UNITS_IGNORE_WOODS',	'MODIFIER_PLAYER_UNITS_GRANT_ABILITY');

insert or replace into ModifierArguments
	(ModifierId,													Name,						Value)
values
	('TRAIT_ALL_LAND_UNITS_IGNORE_WOODS',	'AbilityType',	'ABILITY_KONGO_IGNORE_WOODS');

-- GreatWorks Yield
delete from TraitModifiers where ModifierId like 'TRAIT_GREAT_WORK_%' and TraitType = 'TRAIT_CIVILIZATION_NKISI';

insert or replace into TraitModifiers (TraitType, ModifierId) 
select 'TRAIT_CIVILIZATION_NKISI', 'TRAIT_NKISI_GREAT_WORK_FOOD_' || GreatWorkObjectType
from GreatWorkObjectTypes where GreatWorkObjectType != 'GREATWORKOBJECT_PRODUCT';

insert or replace into TraitModifiers (TraitType, ModifierId) 
select 'TRAIT_CIVILIZATION_NKISI', 'TRAIT_NKISI_GREAT_WORK_PRODUCTION_' || GreatWorkObjectType
from GreatWorkObjectTypes where GreatWorkObjectType != 'GREATWORKOBJECT_PRODUCT';

insert or replace into Modifiers (ModifierId, ModifierType) 
select 'TRAIT_NKISI_GREAT_WORK_FOOD_' || GreatWorkObjectType, 'MODIFIER_PLAYER_CITIES_ADJUST_GREATWORK_YIELD'
from GreatWorkObjectTypes where GreatWorkObjectType != 'GREATWORKOBJECT_PRODUCT';

insert or replace into Modifiers (ModifierId, ModifierType) 
select 'TRAIT_NKISI_GREAT_WORK_PRODUCTION_' || GreatWorkObjectType, 'MODIFIER_PLAYER_CITIES_ADJUST_GREATWORK_YIELD'
from GreatWorkObjectTypes where GreatWorkObjectType != 'GREATWORKOBJECT_PRODUCT';

insert or replace into ModifierArguments (ModifierId, Name, Value)
select 'TRAIT_NKISI_GREAT_WORK_FOOD_' || GreatWorkObjectType, 'GreatWorkObjectType', GreatWorkObjectType
from GreatWorkObjectTypes where GreatWorkObjectType != 'GREATWORKOBJECT_PRODUCT';

insert or replace into ModifierArguments (ModifierId, Name, Value)
select 'TRAIT_NKISI_GREAT_WORK_PRODUCTION_' || GreatWorkObjectType, 'GreatWorkObjectType', GreatWorkObjectType
from GreatWorkObjectTypes where GreatWorkObjectType != 'GREATWORKOBJECT_PRODUCT';

insert or replace into ModifierArguments (ModifierId, Name, Value)
select 'TRAIT_NKISI_GREAT_WORK_FOOD_' || GreatWorkObjectType, 'YieldType', 'YIELD_FOOD'
from GreatWorkObjectTypes where GreatWorkObjectType != 'GREATWORKOBJECT_PRODUCT';

insert or replace into ModifierArguments (ModifierId, Name, Value)
select 'TRAIT_NKISI_GREAT_WORK_PRODUCTION_' || GreatWorkObjectType, 'YieldType', 'YIELD_PRODUCTION'
from GreatWorkObjectTypes where GreatWorkObjectType != 'GREATWORKOBJECT_PRODUCT';

insert or replace into ModifierArguments (ModifierId, Name, Value)
select 'TRAIT_NKISI_GREAT_WORK_FOOD_' || GreatWorkObjectType, 'YieldChange', 4
from GreatWorkObjectTypes where GreatWorkObjectType != 'GREATWORKOBJECT_PRODUCT';

insert or replace into ModifierArguments (ModifierId, Name, Value)
select 'TRAIT_NKISI_GREAT_WORK_PRODUCTION_' || GreatWorkObjectType, 'YieldChange', 4
from GreatWorkObjectTypes where GreatWorkObjectType != 'GREATWORKOBJECT_PRODUCT';

--男刚果LA
delete from TraitModifiers where ModifierId = 'TRAIT_FREE_APOSTLE_FINISH_MBANZA' or ModifierId = 'TRAIT_FREE_APOSTLE_FINISH_THEATER_DISTRICT';
delete from ExcludedDistricts where TraitType = 'TRAIT_LEADER_RELIGIOUS_CONVERT';
insert or replace into TraitModifiers
	(TraitType,							ModifierId)
values
	('TRAIT_LEADER_RELIGIOUS_CONVERT',	'TRAIT_DOUBLE_ARTIST_POINTS'),
	('TRAIT_LEADER_RELIGIOUS_CONVERT',	'TRAIT_DOUBLE_MUSICIAN_POINTS'),
	('TRAIT_LEADER_RELIGIOUS_CONVERT',	'TRAIT_DOUBLE_MERCHANT_POINTS'),
	('TRAIT_LEADER_RELIGIOUS_CONVERT',	'TRAIT_DOUBLE_WRITER_POINTS');
update ModifierArguments set Value = 50 where
	ModifierId = 'TRAIT_DOUBLE_WRITER_POINTS' and Name = 'Amount';
update ModifierArguments set Value = 50 where
	ModifierId = 'TRAIT_DOUBLE_ARTIST_POINTS' and Name = 'Amount';
update ModifierArguments set Value = 50 where
	ModifierId = 'TRAIT_DOUBLE_MUSICIAN_POINTS' and Name = 'Amount';
update ModifierArguments set Value = 50 where
	ModifierId = 'TRAIT_DOUBLE_MERCHANT_POINTS' and Name = 'Amount';

------------------------------------------------------------------------------------------------------------------
-- Mali
delete from TraitModifiers where ModifierId = 'TRAIT_LESS_UNIT_PRODUCTION';
insert or replace into TraitModifiers
	(TraitType,										ModifierId)
select
	'TRAIT_CIVILIZATION_MALI_GOLD_DESERT',			'TRAIT_CIVILIZATION_MALI_' || UnitType || '_PRODUCTION'
from Units where CanTrain = 1;
insert or replace into Modifiers
	(ModifierId,													ModifierType)
select
	'TRAIT_CIVILIZATION_MALI_' || UnitType || '_PRODUCTION',		'MODIFIER_PLAYER_CITIES_ADJUST_UNIT_PRODUCTION'
from Units where CanTrain = 1;
insert or replace into ModifierArguments
	(ModifierId,													Name,			Value)
select
	'TRAIT_CIVILIZATION_MALI_' || UnitType || '_PRODUCTION',		'UnitType',		UnitType
from Units where CanTrain = 1;
insert or replace into ModifierArguments
	(ModifierId,													Name,			Value)
select
	'TRAIT_CIVILIZATION_MALI_' || UnitType || '_PRODUCTION',		'Amount',		-30
from Units where CanTrain = 1;
insert or replace into TraitModifiers 
	(TraitType, 							ModifierId) 
values
	('TRAIT_CIVILIZATION_UNIT_MALI_MANDEKALU_CAVALRY',	'MALI_MANDEKALU_CAVALRY_DISCOUNT');
	-- ('TRAIT_LEADER_SAHEL_MERCHANTS', 		'DOMESTIC_TRADE_ROUTE_GOLD_DESERT_ORIGIN'),
	-- ('TRAIT_LEADER_SAHEL_MERCHANTS', 		'DOMESTIC_TRADE_ROUTE_GOLD_DESERT_HILLS_ORIGIN'),
--	('TRAIT_LEADER_SAHEL_MERCHANTS', 		'INTERNATIONAL_TRADE_ROUTE_GOLD_DESERT_HILLS_ORIGIN');
	-- ('TRAIT_CIVILIZATION_MALI_GOLD_DESERT',	'TRAIT_BONUS_MINE_GOLD'),
--	('TRAIT_CIVILIZATION_MALI_GOLD_DESERT',	'HD_LUXURY_MINE_GOLD');
	-- ('TRAIT_LEADER_SAHEL_MERCHANTS',		'MALI_ALLOW_PROJECT');

insert or replace into Modifiers 
	(ModifierId, 											ModifierType) 
values
	('MALI_MANDEKALU_CAVALRY_DISCOUNT',						'MODIFIER_PLAYER_CITIES_ADJUST_UNIT_PURCHASE_COST'),
	('DOMESTIC_TRADE_ROUTE_GOLD_DESERT_ORIGIN', 			'MODIFIER_PLAYER_ADJUST_TRADE_ROUTE_YIELD_PER_TERRAIN_DOMESTIC'),
	('DOMESTIC_TRADE_ROUTE_GOLD_DESERT_HILLS_ORIGIN', 		'MODIFIER_PLAYER_ADJUST_TRADE_ROUTE_YIELD_PER_TERRAIN_DOMESTIC'),
	('INTERNATIONAL_TRADE_ROUTE_GOLD_DESERT_HILLS_ORIGIN', 	'MODIFIER_PLAYER_ADJUST_TRADE_ROUTE_YIELD_PER_TERRAIN_INTERNATIONAL');
	-- ('MALI_ALLOW_PROJECT',									'MODIFIER_PLAYER_ALLOW_PROJECT_CATHERINE');

insert or replace into Modifiers 
	(ModifierId, 				ModifierType,							SubjectRequirementSetId) 
values
	('HD_LUXURY_MINE_GOLD',		'MODIFIER_PLAYER_ADJUST_PLOT_YIELD',	'PLOT_HAS_LUXURY_MINE_REQUIREMENTS');

insert or replace into ModifierArguments
	(ModifierId,											Name,			Value)
values
	('MALI_MANDEKALU_CAVALRY_DISCOUNT',						'UnitType',		'UNIT_MALI_MANDEKALU_CAVALRY'),
	('MALI_MANDEKALU_CAVALRY_DISCOUNT',						'Amount',		20),
	('DOMESTIC_TRADE_ROUTE_GOLD_DESERT_ORIGIN',				'YieldType',	'YIELD_GOLD'),
	('DOMESTIC_TRADE_ROUTE_GOLD_DESERT_ORIGIN',				'TerrainType',	'TERRAIN_DESERT'),
	('DOMESTIC_TRADE_ROUTE_GOLD_DESERT_ORIGIN',				'Origin',		1),
	('DOMESTIC_TRADE_ROUTE_GOLD_DESERT_ORIGIN',				'Amount',		1),
	('DOMESTIC_TRADE_ROUTE_GOLD_DESERT_HILLS_ORIGIN',		'YieldType',	'YIELD_GOLD'),
	('DOMESTIC_TRADE_ROUTE_GOLD_DESERT_HILLS_ORIGIN',		'TerrainType',	'TERRAIN_DESERT_HILLS'),
	('DOMESTIC_TRADE_ROUTE_GOLD_DESERT_HILLS_ORIGIN',		'Origin',		1),
	('DOMESTIC_TRADE_ROUTE_GOLD_DESERT_HILLS_ORIGIN',		'Amount',		1),
	('INTERNATIONAL_TRADE_ROUTE_GOLD_DESERT_HILLS_ORIGIN',	'YieldType',	'YIELD_GOLD'),
	('INTERNATIONAL_TRADE_ROUTE_GOLD_DESERT_HILLS_ORIGIN',	'TerrainType',	'TERRAIN_DESERT_HILLS'),
	('INTERNATIONAL_TRADE_ROUTE_GOLD_DESERT_HILLS_ORIGIN',	'Origin',		1),
	('INTERNATIONAL_TRADE_ROUTE_GOLD_DESERT_HILLS_ORIGIN',	'Amount',		1),
	('HD_LUXURY_MINE_GOLD',									'YieldType',	'YIELD_GOLD'),
	('HD_LUXURY_MINE_GOLD',									'Amount',		2);
	-- ('MALI_ALLOW_PROJECT',     								'ProjectType',	'PROJECT_ENDLESS_MONEY');
--每个奢侈矿为本城国际商路+1食物。
-- insert or replace into ImprovementModifiers
-- 	(ImprovementType,						ModifierID)
-- values
-- 	('IMPROVEMENT_MINE',					'MALI_DESERT_HILLS_INTERNATIONAL_TRADE_ROUTE_FOOD');

-- insert or replace into Modifiers
-- 	(ModifierId,											ModifierType,															OwnerRequirementSetId,					SubjectRequirementSetId)
-- values
-- 	('MALI_DESERT_HILLS_INTERNATIONAL_TRADE_ROUTE_FOOD',	'MODIFIER_CITY_OWNER_ADJUST_TRADE_ROUTE_YIELD_FOR_INTERNATIONAL',		'PLOT_HAS_LUXURY_MINE_REQUIREMENTS',	'MALI_REQUIREMENTS');

-- insert or replace into ModifierArguments
-- 	(ModifierId,											Name,			Value)
-- values
-- 	('MALI_DESERT_HILLS_INTERNATIONAL_TRADE_ROUTE_FOOD',	'YieldType',	'YIELD_FOOD'),
-- 	('MALI_DESERT_HILLS_INTERNATIONAL_TRADE_ROUTE_FOOD',	'Amount',		1);

-- insert or replace into RequirementSets
-- 	(RequirementSetId,						RequirementSetType)
-- values
-- 	('MALI_REQUIREMENTS',					'REQUIREMENTSET_TEST_ALL'),
-- 	('MALI_DESERT_HILLS_REQUIREMENTS',		'REQUIREMENTSET_TEST_ALL');

-- insert or replace into RequirementSetRequirements
-- 	(RequirementSetId,						RequirementId)
-- values
-- 	('MALI_REQUIREMENTS',					'PLAYER_IS_CIVILIZATION_MALI'),
-- 	('MALI_DESERT_HILLS_REQUIREMENTS',		'REQUIRES_PLOT_HAS_DESERT_HILLS');

-- insert or replace into TraitModifiers (TraitType, ModifierId) 
-- select 'TRAIT_CIVILIZATION_MALI_GOLD_DESERT', 'BONUS_LUXURY_GOLD_PERCENTAGE' || ResourceType from Improvement_ValidResources 
-- where ImprovementType = 'IMPROVEMENT_MINE' and ResourceType not in (select ResourceType from Resources where ResourceClassType = 'RESOURCECLASS_STRATEGIC' or ResourceClassType = 'RESOURCECLASS_BONUS');

-- insert or replace into Modifiers (ModifierId,  		ModifierType,											SubjectRequirementSetId)
-- select 'BONUS_LUXURY_GOLD_PERCENTAGE' || ResourceType,	'MODIFIER_PLAYER_CITIES_ADJUST_CITY_YIELD_MODIFIER',	'HD_CITY_HAS_IMPROVED_' || ResourceType || '_REQUIRMENTS' from Improvement_ValidResources 
-- where ImprovementType = 'IMPROVEMENT_MINE' and ResourceType not in (select ResourceType from Resources where ResourceClassType = 'RESOURCECLASS_STRATEGIC' or ResourceClassType = 'RESOURCECLASS_BONUS');

-- insert or replace into ModifierArguments	(ModifierId,	Name,			Value)
-- select 'BONUS_LUXURY_GOLD_PERCENTAGE' || ResourceType,		'YieldType',    'YIELD_GOLD' from Improvement_ValidResources 
-- where ImprovementType = 'IMPROVEMENT_MINE' and ResourceType not in (select ResourceType from Resources where ResourceClassType = 'RESOURCECLASS_STRATEGIC' or ResourceClassType = 'RESOURCECLASS_BONUS');

-- insert or replace into ModifierArguments	(ModifierId,	Name,			Value)
-- select 'BONUS_LUXURY_GOLD_PERCENTAGE' || ResourceType,		'Amount',       10	from Improvement_ValidResources 
-- where ImprovementType = 'IMPROVEMENT_MINE' and ResourceType not in (select ResourceType from Resources where ResourceClassType = 'RESOURCECLASS_STRATEGIC' or ResourceClassType = 'RESOURCECLASS_BONUS');

-- ud
-- update Districts set Entertainment = 1 where DistrictType = 'DISTRICT_SUGUBA';
insert or replace into DistrictModifiers(DistrictType,ModifierId)values
	('DISTRICT_SUGUBA','SUGUBA_ALLOW_PURCHASE_DISTRICT');
insert or replace into Modifiers(ModifierID,ModifierType)values
	('SUGUBA_ALLOW_PURCHASE_DISTRICT','MODIFIER_CITY_ADJUST_CAN_PURCHASE_DISTRICTS');
insert or replace into ModifierArguments(ModifierID, Name, Value)values
	('SUGUBA_ALLOW_PURCHASE_DISTRICT','CanPurchase',1);
update Modifiers set SubjectStackLimit = 1 where ModifierId in(
	'SUGUBA_CHEAPER_BUILDING_PURCHASE',
	'SUGUBA_CHEAPER_DISTRICT_PURCHASE',
	'SUGUBA_CHEAPER_UNIT_PURCHASE'
);
update ModifierArguments set Value = 15 where Name = 'Amount' and ModifierId in(
	'SUGUBA_CHEAPER_BUILDING_PURCHASE',
	'SUGUBA_CHEAPER_DISTRICT_PURCHASE',
	'SUGUBA_CHEAPER_UNIT_PURCHASE'
);
--additonal SUGUBA project
-- insert or replace into Types
-- 	(Type,								Kind)
-- values
-- 	('PROJECT_ENDLESS_MONEY',			'KIND_PROJECT');

-- insert or replace into Projects 
-- 	(ProjectType,				Name,										ShortName,								Description,	
-- 	Cost,	CostProgressionModel,				CostProgressionParam1,	PrereqDistrict,	UnlocksFromEffect)
-- values 
-- 	('PROJECT_ENDLESS_MONEY',	'LOC_PROJECT_ENDLESS_MONEY_HD_NAME',	'LOC_PROJECT_ENDLESS_MONEY_HD_SHORT_NAME',	'LOC_PROJECT_ENDLESS_MONEY_HD_DESCRIPTION',
-- 	40,		'COST_PROGRESSION_GAME_PROGRESS',	1100,					'DISTRICT_SUGUBA',	1);

-- insert or replace into Project_YieldConversions
-- 	(ProjectType,				YieldType,		PercentOfProductionRate)
-- values 
-- 	('PROJECT_ENDLESS_MONEY',	'YIELD_GOLD',	250);
------------------------------------------------------------------------------------------------------------------
-- Rome
delete from TraitModifiers where TraitType = 'TRAJANS_COLUMN_TRAIT' and ModifierId = 'TRAIT_ADJUST_NON_CAPITAL_FREE_CHEAPEST_BUILDING';
insert or replace into TraitModifiers (TraitType, ModifierId) values
	('TRAJANS_COLUMN_TRAIT', 'TRAIT_GRANT_BUILDING_MONUMENT_MODIFIER'),
	('TRAJANS_COLUMN_TRAIT', 'TRAIT_ADJUST_CITY_CENTER_BUILDINGS_PRODUCTION');
insert or replace into Modifiers (ModifierId, ModifierType) values
	('TRAIT_GRANT_BUILDING_MONUMENT_MODIFIER', 			'GRANT_BUILDING_TO_ALL_CITIES_IGNORE'),
	('TRAIT_ADJUST_CITY_CENTER_BUILDINGS_PRODUCTION', 	'MODIFIER_PLAYER_CITIES_ADJUST_BUILDING_PRODUCTION');
insert or replace into ModifierArguments (ModifierId, Name, Value) values
	('TRAIT_GRANT_BUILDING_MONUMENT_MODIFIER', 			'BuildingType', 'BUILDING_MONUMENT'),
	('TRAIT_ADJUST_CITY_CENTER_BUILDINGS_PRODUCTION', 	'DistrictType', 'DISTRICT_CITY_CENTER'),
	('TRAIT_ADJUST_CITY_CENTER_BUILDINGS_PRODUCTION', 	'Amount', 100);

-- update ModifierArguments set Value = 2 where ModifierId = 'TRAIT_GOLD_FROM_DOMESTIC_TRADING_POSTS' and Name = 'Amount';

---------------------------------------------------------------------------------------------------------------------------
-- Ethiopia
-- update ModifierArguments set Value = 10 where ModifierId = 'TRAIT_FAITH_INTO_SCIENCE_HILLS' and Name = 'Amount';
-- update ModifierArguments set Value = 10 where ModifierId = 'TRAIT_FAITH_INTO_CULTURE_HILLS' and Name = 'Amount';

--------------------------------------------------------------------------------------------------------------------
--Egypt埃及
--泛滥上的资源1粮
--学院剧院相邻河边大加成
--建造完奇观以后送工人
insert or replace into TraitModifiers
	(TraitType,								ModifierId)
values
	('TRAIT_CIVILIZATION_ITERU',			'HD_CIVILIZATION_ITERU_RESOURCE_YIELD'),
	('TRAIT_CIVILIZATION_ITERU',			'TRAIT_CAMPUS_RIVER_ADJACENCY'),
	('TRAIT_CIVILIZATION_ITERU',			'TRAIT_THEATER_DISTRICT_RIVER_ADJACENCY'),
	('TRAIT_CIVILIZATION_ITERU',			'TRAIT_WONDER_GRANT_BUILDER');

insert or replace into Modifiers 
	(ModifierId, 															ModifierType,																	RunOnce,	Permanent,	SubjectRequirementSetId)
values
	('HD_CIVILIZATION_ITERU_RESOURCE_YIELD',	'MODIFIER_PLAYER_ADJUST_PLOT_YIELD',					0,				0,					'PLOT_HAS_RESOURCE_AND_ON_ALL_FLOODPLAINS'),
	('TRAIT_WONDER_GRANT_BUILDER',						'MODIFIER_PLAYER_DISTRICTS_ATTACH_MODIFIER',	0,				0,					'PLOT_HAS_COMPLETE_WONDER'),
	('TRAIT_WONDER_GRANT_BUILDER_MODIFIER',		'MODIFIER_SINGLE_CITY_GRANT_UNIT_IN_CITY',		1,				1,					null);

insert or replace into ModifierArguments
	(ModifierId,																Name,						Value)
values
	('HD_CIVILIZATION_ITERU_RESOURCE_YIELD',		'Amount',				1),
	('HD_CIVILIZATION_ITERU_RESOURCE_YIELD',		'YieldType',		'YIELD_FOOD'),
	('TRAIT_WONDER_GRANT_BUILDER',							'ModifierId',		'TRAIT_WONDER_GRANT_BUILDER_MODIFIER'),
	('TRAIT_WONDER_GRANT_BUILDER_MODIFIER',			'UnitType',			'UNIT_BUILDER'),
	('TRAIT_WONDER_GRANT_BUILDER_MODIFIER',			'Amount',				1);

--奇观区域沿河加速改为20%
update ModifierArguments set Value = '20' where ModifierId = 'TRAIT_RIVER_FASTER_BUILDTIME_DISTRICT' and Name = 'Amount';
update ModifierArguments set Value = '20' where ModifierId = 'TRAIT_RIVER_FASTER_BUILDTIME_WONDER' and Name = 'Amount';

-- 埃及区域奇观加速适配大浴场
-- insert or replace into Requirements
-- 	(RequirementId,									RequirementType,					Inverse)
-- values
-- 	('REQUIRES_PLAYER_DOES_NOT_HAVE_GREAT_BATH',	'REQUIREMENT_PLAYER_HAS_BUILDING',	1);
-- insert or replace into RequirementArguments
-- 	(RequirementId,									Name,				Value)
-- values
-- 	('REQUIRES_PLAYER_DOES_NOT_HAVE_GREAT_BATH',	'BuildingType',		'BUILDING_GREAT_BATH');
-- insert or replace into RequirementSets
-- 	(RequirementSetId,									RequirementSetType)
-- values
-- 	('PLAYER_DOES_NOT_HAVE_GREAT_BATH_REQUIREMENTS',	'REQUIREMENTSET_TEST_ANY');
-- insert or replace into RequirementSetRequirements
-- 	(RequirementSetId,									RequirementId)
-- values
-- 	('PLAYER_DOES_NOT_HAVE_GREAT_BATH_REQUIREMENTS',	'REQUIRES_PLAYER_DOES_NOT_HAVE_GREAT_BATH');
-- update Modifiers set SubjectRequirementSetId = 'PLAYER_DOES_NOT_HAVE_GREAT_BATH_REQUIREMENTS'
-- 	where ModifierId = 'TRAIT_RIVER_FASTER_BUILDTIME_WONDER' or ModifierId = 'TRAIT_RIVER_FASTER_BUILDTIME_DISTRICT';
-- insert or replace into TraitModifiers
-- 	(TraitType,								ModifierId)
-- values
-- 	('TRAIT_CIVILIZATION_ITERU',			'TRAIT_FASTER_BUILDTIME_WONDER'),
-- 	('TRAIT_CIVILIZATION_ITERU',			'TRAIT_FASTER_BUILDTIME_DISTRICT');
-- insert or replace into Modifiers 
-- 	(ModifierId, 						ModifierType,												SubjectRequirementSetId)
-- values
-- 	('TRAIT_FASTER_BUILDTIME_WONDER',	'MODIFIER_PLAYER_CITIES_ADJUST_WONDER_PRODUCTION',			'PLAYER_HAS_BUILDING_GREAT_BATH_REQUIREMENTS'),
-- 	('TRAIT_FASTER_BUILDTIME_DISTRICT',	'MODIFIER_PLAYER_CITIES_ADJUST_ALL_DISTRICTS_PRODUCTION',	'PLAYER_HAS_BUILDING_GREAT_BATH_REQUIREMENTS');
-- insert or replace into ModifierArguments
-- 	(ModifierId, 						Name,		Value)
-- values
-- 	('TRAIT_FASTER_BUILDTIME_WONDER',	'Amount',	15),
-- 	('TRAIT_FASTER_BUILDTIME_DISTRICT',	'Amount',	15);


---------------------------------------------------------------------------------------------------------------------------
-- Gaul can now build all districts near City Center
delete from TraitModifiers where ModifierId ='TRAIT_CIVILIZATION_GAUL_CITY_NO_ADJACENT_DISTRICT';

-----------------------------------------------------------------------------------------------------------------------------
-- Hungary
update ModifierArguments set value = 50 where ModifierId ='LEVY_UNITUPGRADEDISCOUNT' and Name = 'Amount';

-------------------------------------------------------------------------------------------------------------------------------
--Mapuche
insert or replace into Improvement_ValidFeatures (ImprovementType, FeatureType) values
	('IMPROVEMENT_CHEMAMULL', 'FEATURE_FOREST');
--------------------------------------------------------------------------------------------------------------------------
-- Georgia
-- Resume ability (April Update)
insert or replace into TraitModifiers (TraitType, ModifierId) values
	('TRAIT_LEADER_RELIGION_CITY_STATES',	'TRAIT_PROTECTORATE_WAR_FAITH');
-- delete from TraitModifiers where TraitType = 'TRAIT_LEADER_RELIGION_CITY_STATES' and ModifierId = 'TRAIT_LEADER_FAITH_KILLS';
update ModifierArguments set Value = 100 where ModifierId = 'TRAIT_LEADER_FAITH_KILLS' and Name = 'PercentDefeatedStrength';

--UB ajustment for BUILDING_TSIKHE
--adjust Ub base tourism to 5
insert or replace into CivicModifiers (CivicType, ModifierId) values
	('CIVIC_CONSERVATION', 'CONSERVATION_TSIKHE_TOURISM');

insert or replace into Modifiers (ModifierId, ModifierType, SubjectRequirementSetId) values
	('CONSERVATION_TSIKHE_TOURISM', 'MODIFIER_PLAYER_DISTRICTS_ADJUST_TOURISM_CHANGE',	'DISTRICT_IS_CITY_CENTER_TSIKHE');

insert or replace into ModifierArguments 	(ModifierId, Name, Value) values
	('CONSERVATION_TSIKHE_TOURISM', 'Amount', 2);

insert or replace into RequirementSetRequirements(RequirementSetId, RequirementId) values
	('DISTRICT_IS_CITY_CENTER_TSIKHE', 'REQUIRES_DISTRICT_IS_CITY_CENTER'),
	('DISTRICT_IS_CITY_CENTER_TSIKHE', 'REQUIRES_CITY_HAS_TSIKHE');

insert or replace into RequirementSets (RequirementSetId, RequirementSetType) values
	('DISTRICT_IS_CITY_CENTER_TSIKHE', 'REQUIREMENTSET_TEST_ALL');

update BuildingReplaces set ReplacesBuildingType = 'BUILDING_CASTLE' where CivUniqueBuildingType = 'BUILDING_TSIKHE';
update BuildingPrereqs set PrereqBuilding = 'BUILDING_WALLS' where Building = 'BUILDING_TSIKHE';

---GOLDEN AGE TOURISM AND FAITH +300%
update ModifierArguments set Value = 12 where ModifierId = 'TSIKHE_FAITH_GOLDEN_AGE' and Name = 'Amount';
update ModifierArguments set Value = 15 where ModifierId = 'CONSERVATION_TSIKHE_TOURISM_GOLDEN_AGE' and Name = 'Amount';

-- LA : each level of walls +1 culture and +1 faith
insert or replace into TraitModifiers	(TraitType,	ModifierId)
select 'TRAIT_LEADER_RELIGION_CITY_STATES',	BuildingType || '_TAMAR_CULTURE' from Buildings	where BuildingType != 'BUILDING_STAR_FORT' and OuterDefenseHitPoints is not NULL;
insert or replace into TraitModifiers	(TraitType,	ModifierId)
select 'TRAIT_LEADER_RELIGION_CITY_STATES',	BuildingType || '_TAMAR_FAITH' from Buildings	where BuildingType != 'BUILDING_STAR_FORT' and OuterDefenseHitPoints is not NULL;
insert or replace into Modifiers	(ModifierId,	ModifierType,	SubjectRequirementSetId)
select BuildingType || '_TAMAR_CULTURE',	'MODIFIER_PLAYER_CITIES_ADJUST_CITY_YIELD_CHANGE',	'CITY_HAS_' || BuildingType || '_REQUIREMENTS' from Buildings
where  BuildingType != 'BUILDING_STAR_FORT' and OuterDefenseHitPoints is not NULL;
insert or replace into Modifiers	(ModifierId,	ModifierType,	SubjectRequirementSetId)
select BuildingType || '_TAMAR_FAITH',		'MODIFIER_PLAYER_CITIES_ADJUST_CITY_YIELD_CHANGE',	'CITY_HAS_' || BuildingType || '_REQUIREMENTS' from Buildings
where  BuildingType != 'BUILDING_STAR_FORT' and OuterDefenseHitPoints is not NULL;
-- insert or replace into ModifierArguments	(ModifierId,	Name,	Value)
-- select BuildingType || '_TAMAR_CULTURE',	'BuildingType',	BuildingType	from Buildings	where BuildingType != 'BUILDING_STAR_FORT' and OuterDefenseHitPoints is not NULL;
insert or replace into ModifierArguments	(ModifierId,	Name,	Value)
select BuildingType || '_TAMAR_CULTURE',	'YieldType',	'YIELD_CULTURE'	from Buildings	where BuildingType != 'BUILDING_STAR_FORT' and OuterDefenseHitPoints is not NULL;
insert or replace into ModifierArguments	(ModifierId,	Name,	Value)
select BuildingType || '_TAMAR_CULTURE',	'Amount',    	1				from Buildings	where BuildingType != 'BUILDING_STAR_FORT' and OuterDefenseHitPoints is not NULL;
-- insert or replace into ModifierArguments	(ModifierId,	Name,	Value)
-- select BuildingType || '_TAMAR_FAITH',		'BuildingType',	BuildingType	from Buildings	where BuildingType != 'BUILDING_STAR_FORT' and OuterDefenseHitPoints is not NULL;
insert or replace into ModifierArguments	(ModifierId,	Name,	Value)
select BuildingType || '_TAMAR_FAITH',		'YieldType',	'YIELD_FAITH'	from Buildings	where BuildingType != 'BUILDING_STAR_FORT' and OuterDefenseHitPoints is not NULL;
insert or replace into ModifierArguments	(ModifierId,	Name,	Value)
select BuildingType || '_TAMAR_FAITH',		'Amount',    	1				from Buildings	where BuildingType != 'BUILDING_STAR_FORT' and OuterDefenseHitPoints is not NULL;

insert or replace into RequirementSets	(RequirementSetId,	RequirementSetType)
select 'CITY_HAS_' || BuildingType || '_REQUIREMENTS', 'REQUIREMENTSET_TEST_ALL' from Buildings
where  BuildingType != 'BUILDING_STAR_FORT' and OuterDefenseHitPoints is not NULL;

insert or replace into RequirementSetRequirements	(RequirementSetId,	RequirementId)
select 'CITY_HAS_' || BuildingType || '_REQUIREMENTS', 'REQUIRES_CITY_HAS_' || BuildingType from Buildings
where  BuildingType != 'BUILDING_STAR_FORT' and OuterDefenseHitPoints is not NULL;

-- UA 
update ModifierArguments set Value = 100 where Name = 'Amount' and (ModifierId = 'TRAIT_WALLS_PRODUCTION' or ModifierId = 'TRAIT_CASTLE_PRODUCTION' or ModifierId = 'TRAIT_TSIKHE_PRODUCTION' or ModifierId = 'TRAIT_STAR_FORT_PRODUCTION');

delete from TraitModifiers where TraitType = 'TRAIT_CIVILIZATION_GOLDEN_AGE_QUESTS' and ModifierId = 'TRAIT_ALLOW_QUESTS_IN_GOLDEN_AGE';
insert or replace into TraitModifiers
	(TraitType,									ModifierId)
select
	'TRAIT_CIVILIZATION_GOLDEN_AGE_QUESTS',	'TRAIT_GOLDEN_AGE_WILDCARD_SLOT'
where exists (select TraitType from Traits where TraitType = 'TRAIT_CIVILIZATION_GOLDEN_AGE_QUESTS');

insert or replace into TraitModifiers
	(TraitType,									ModifierId)
select
	'TRAIT_CIVILIZATION_GOLDEN_AGE_QUESTS',	'TRAIT_GOLDEN_AGE_UNLOCK_DARK_POLICIES'
where exists (select TraitType from Traits where TraitType = 'TRAIT_CIVILIZATION_GOLDEN_AGE_QUESTS');

insert or ignore into Modifiers
    (ModifierId,                            	ModifierType,												Permanent,	SubjectRequirementSetId,	SubjectStackLimit)
values
    ('TRAIT_GOLDEN_AGE_WILDCARD_SLOT',			'MODIFIER_PLAYER_CULTURE_ADJUST_GOVERNMENT_SLOTS_MODIFIER',	1,			'PLAYER_HAS_GOLDEN_AGE',	1),
	('TRAIT_GOLDEN_AGE_UNLOCK_DARK_POLICIES',	'MODIFIER_PLAYER_ADJUST_PROPERTY',							0,			'PLAYER_HAS_GOLDEN_AGE',	NULL);

insert or ignore into ModifierArguments
    (ModifierId,                            	Name,          			 Value)
values
    ('TRAIT_GOLDEN_AGE_WILDCARD_SLOT',			'GovernmentSlotType',	'SLOT_WILDCARD'),
	('TRAIT_GOLDEN_AGE_UNLOCK_DARK_POLICIES',	'Key',					'CanSlotDarkPolicies'),
	('TRAIT_GOLDEN_AGE_UNLOCK_DARK_POLICIES',	'Amount',				1);
----------------------------------------------------------------------------------------------------------------------------
-- 印加
update ModifierArguments set Value = 1 where ModifierId = 'TRAIT_PRODUCTION_MOUNTAIN' and Name = 'Amount';
delete from TraitModifiers where TraitType = 'TRAIT_CIVILIZATION_GREAT_MOUNTAINS' and (ModifierId = 'TRAIT_PRODUCTION_MOUNTAIN_LATE' or ModifierId like 'TRAIT_TERRACE_%_MOUNTAIN');
delete from TraitModifiers where TraitType = 'TRAIT_LEADER_PACHACUTI_QHAPAQ_NAN';
/*
insert or replace into DistrictModifiers
	(DistrictType,			ModifierId)
values
	('DISTRICT_AQUEDUCT',	'TERRACE_FARM_PRODUCTION');
insert or replace into BuildingModifiers
	(BuildingType,			ModifierId)
select
	BuildingType,			'TERRACE_FARM_PRODUCTION'
from Buildings where BuildingType in ('BUILDING_JNR_BATHHOUSE', 'BUILDING_JNR_ORCHARD', 'BUILDING_JNR_HAMMER_WORKS');
*/
insert or replace into TraitModifiers
	(TraitType,								ModifierId)
values
	('TRAIT_CIVILIZATION_GREAT_MOUNTAINS',	'TRAIT_FOOD_MOUNTAIN'),
	-- ('TRAIT_CIVILIZATION_GREAT_MOUNTAINS',	'HD_GREAT_MOUNTAINS_RECON_SPEED'),
	('TRAIT_CIVILIZATION_GREAT_MOUNTAINS',	'TRAIT_ALL_LAND_UNITS_IGNORE_HILLS'),
	('TRAIT_LEADER_PACHACUTI_QHAPAQ_NAN',		'HD_PACHACUTI_QHAPAQ_NAN_CITY_2_TILES_WITHIN_MOUNTAIN');

insert or replace into TraitModifiers (TraitType, ModifierId)
	select 'TRAIT_CIVILIZATION_GREAT_MOUNTAINS', 'HD_GREAT_MOUNTAINS_RECON_CHARGES'
where not exists (select ImprovementType from Improvements where ImprovementType = 'IMPROVEMENT_SAILOR_WATCHTOWER');

insert or replace into Modifiers
	(ModifierId,																							ModifierType,																						SubjectRequirementSetId)
values
	('TRAIT_FOOD_MOUNTAIN',																		'MODIFIER_PLAYER_ADJUST_PLOT_YIELD',										'REQUIREMENTS_PLOT_IS_MOUNTAIN'),
	('HD_GREAT_MOUNTAINS_RECON_CHARGES',											'MODIFIER_PLAYER_TRAINED_UNITS_ADJUST_BUILDER_CHARGES',	'HD_UNIT_IS_RECON_REQUIREMENTS'),
	-- ('HD_GREAT_MOUNTAINS_RECON_SPEED',												'MODIFIER_PLAYER_UNITS_GRANT_ABILITY',									NULL),
	('TRAIT_ALL_LAND_UNITS_IGNORE_HILLS',											'MODIFIER_PLAYER_UNITS_GRANT_ABILITY',									NULL),
	('HD_PACHACUTI_QHAPAQ_NAN_CITY_2_TILES_WITHIN_MOUNTAIN',	'MODIFIER_ALL_CITIES_ADJUST_PROPERTY',							  	'HD_2_TILES_WITHIN_MOUNTAIN_REQUIREMENTS'),
	('HD_PACHACUTI_QHAPAQ_NAN_GOVERNOR',											'MODIFIER_PLAYER_ADJUST_GOVERNOR_POINTS',								NULL);

update Modifiers set Permanent = 1 where ModifierId in ('HD_GREAT_MOUNTAINS_RECON_CHARGES', 'HD_PACHACUTI_QHAPAQ_NAN_GOVERNOR');

insert or replace into ModifierArguments
	(ModifierId,																							Name,							Value)
values
	('TRAIT_FOOD_MOUNTAIN',																		'YieldType',			'YIELD_FOOD'),
	('TRAIT_FOOD_MOUNTAIN',																		'Amount',					2),
	('HD_GREAT_MOUNTAINS_RECON_CHARGES',											'Amount',					1),
	-- ('HD_GREAT_MOUNTAINS_RECON_SPEED',												'AbilityType',		'ABILITY_HD_GREAT_MOUNTAINS_RECON_SPEED'),
	('TRAIT_ALL_LAND_UNITS_IGNORE_HILLS',											'AbilityType',		'ABILITY_INCA_IGNORE_HILLS'),
	('HD_PACHACUTI_QHAPAQ_NAN_CITY_2_TILES_WITHIN_MOUNTAIN',	'Key',						'HD_PACHACUTI_QHAPAQ_NAN_CITY_2_TILES_WITHIN_MOUNTAIN'),
	('HD_PACHACUTI_QHAPAQ_NAN_CITY_2_TILES_WITHIN_MOUNTAIN',	'Amount',					1),
	('HD_PACHACUTI_QHAPAQ_NAN_GOVERNOR',											'Delta',					1);

-- 买山半价
insert or replace into TraitModifiers   
	(TraitType,	                            			ModifierId)
select  'TRAIT_CIVILIZATION_GREAT_MOUNTAINS',   TerrainType || '_PLOT_COST'
from TerrainClass_Terrains where TerrainClassType = 'TERRAIN_CLASS_MOUNTAIN';

insert or replace into Modifiers
	(ModifierId,			        					ModifierType)
select TerrainType || '_PLOT_COST', 	'MODIFIER_PLAYER_CITIES_ADJUST_PLOT_PURCHASE_COST_TERRAIN'
from TerrainClass_Terrains where TerrainClassType = 'TERRAIN_CLASS_MOUNTAIN';

insert or replace into ModifierArguments
	(ModifierId,												Name,							Value)
select TerrainType || '_PLOT_COST',  'TerrainType',  		TerrainType
from TerrainClass_Terrains where TerrainClassType = 'TERRAIN_CLASS_MOUNTAIN';

insert or replace into ModifierArguments
	(ModifierId,												Name,							Value)
select TerrainType || '_PLOT_COST',  'Amount',       		-50
from TerrainClass_Terrains where TerrainClassType = 'TERRAIN_CLASS_MOUNTAIN';

-- insert or replace into Pachacuti_Modifiers_HD (ModifierId)
-- 	select 'HD_PACHACUTI_QHAPAQ_NAN_' || DistrictType || '_' || YieldType || '_ATTACH'
-- from DistrictCorrespondingYieldType_HD where RequiresPopulation = 1;

-- insert or replace into TraitModifiers (TraitType, ModifierId)
-- 	select 'TRAIT_LEADER_PACHACUTI_QHAPAQ_NAN', 'HD_PACHACUTI_QHAPAQ_NAN_' || DistrictType || '_' || YieldType || '_ATTACH'
-- from DistrictCorrespondingYieldType_HD where RequiresPopulation = 1;

-- insert or replace into Modifiers (ModifierId, ModifierType)
-- 	select 'HD_PACHACUTI_QHAPAQ_NAN_' || DistrictType || '_' || YieldType || '_ATTACH', 'MODIFIER_PLAYER_CAPITAL_CITY_ATTACH_MODIFIER'
-- from DistrictCorrespondingYieldType_HD where RequiresPopulation = 1;

-- insert or replace into ModifierArguments (ModifierId, Name, Value)
-- 	select 'HD_PACHACUTI_QHAPAQ_NAN_' || DistrictType || '_' || YieldType || '_ATTACH',
-- 	'ModifierId',
-- 	'HD_PACHACUTI_QHAPAQ_NAN_' || DistrictType || '_' || YieldType || '_BONUS'
-- from DistrictCorrespondingYieldType_HD where RequiresPopulation = 1;

-- insert or replace into Modifiers (ModifierId, ModifierType, OwnerRequirementSetId, SubjectRequirementSetId)
-- 	select 'HD_PACHACUTI_QHAPAQ_NAN_' || DistrictType || '_' || YieldType || '_BONUS',
-- 	'MODIFIER_PLAYER_ADJUST_PLOT_YIELD',
-- 	'REQUIRES_CITY_HAS_' || DistrictType || '_UDMET',
-- 	'HD_PACHACUTI_QHAPAQ_NAN_UI_REQUIREMENTS'
-- from DistrictCorrespondingYieldType_HD where RequiresPopulation = 1;

-- insert or replace into ModifierArguments (ModifierId, Name, Value)
-- 	select 'HD_PACHACUTI_QHAPAQ_NAN_' || DistrictType || '_' || YieldType || '_BONUS', 'YieldType', YieldType
-- from DistrictCorrespondingYieldType_HD where RequiresPopulation = 1;

-- insert or replace into ModifierArguments (ModifierId, Name, Value)
-- 	select 'HD_PACHACUTI_QHAPAQ_NAN_' || DistrictType || '_' || YieldType || '_BONUS', 'Amount', Amount
-- from DistrictCorrespondingYieldType_HD where RequiresPopulation = 1;

-----------------------------------------------------------------------------------------------------------------
-- Russia, Resume the ability
-- TRAIT_CIVILIZATION_DISTRICT_LAVRA
delete from TraitModifiers where TraitType = 'TRAIT_CIVILIZATION_DISTRICT_LAVRA' and ModifierId = 'TRAIT_SHRINE_WRITING_POINTS';
delete from TraitModifiers where TraitType = 'TRAIT_CIVILIZATION_DISTRICT_LAVRA' and ModifierId = 'TRAIT_TEMPLE_ARTIST_POINTS';
delete from TraitModifiers where TraitType = 'TRAIT_CIVILIZATION_DISTRICT_LAVRA' and ModifierId = 'TRAIT_TIER3_MUSICIAN_POINTS';

-- Doubles because all GP doulbes.
insert or replace into District_GreatPersonPoints
	(DistrictType,		GreatPersonClassType,			PointsPerTurn)
values
	('DISTRICT_LAVRA',	'GREAT_PERSON_CLASS_WRITER',	2),
	('DISTRICT_LAVRA',	'GREAT_PERSON_CLASS_ARTIST',	2),
	('DISTRICT_LAVRA',	'GREAT_PERSON_CLASS_MUSICIAN',	2);

update ModifierArguments set Value = 8 where ModifierId = 'TRAIT_INCREASED_TILES' and Name = 'Amount';

--NEW UA AND LA
delete from TraitModifiers where TraitType = 'TRAIT_LEADER_GRAND_EMBASSY' and ModifierId = 'TRAIT_ADJUST_PROGRESS_DIFF_TRADE_BONUS';

insert or replace into TraitModifiers
	(TraitType,							ModifierId)
values
	('TRAIT_LEADER_GRAND_EMBASSY',		'TRAIT_GREAT_PERSON_DISCOUNT'),
	('TRAIT_LEADER_GRAND_EMBASSY',		'TRAIT_CAN_PURCHASE_INDUSTRIAL_BUILDING'),
	('TRAIT_CIVILIZATION_MOTHER_RUSSIA','TRAIT_TUNDRA_DISTRICT_FOOD');

insert or replace into Modifiers
	(ModifierId,								ModifierType,														SubjectRequirementSetId)
values
	('TRAIT_GREAT_PERSON_DISCOUNT',				'MODIFIER_PLAYER_ADJUST_GREAT_PERSON_PATRONAGE_DISCOUNT_PERCENT',	NULL),
	('TRAIT_CAN_PURCHASE_INDUSTRIAL_BUILDING',	'MODIFIER_PLAYER_CITIES_ENABLE_BUILDING_FAITH_PURCHASE',			NULL),
	('TRAIT_TUNDRA_DISTRICT_FOOD',				'MODIFIER_PLAYER_DISTRICTS_ADJUST_YIELD_CHANGE',					'DISTRICTS_ON_TUNDRA_OR_TUNDRA_HILL_REQUIREMENTS');

insert or replace into ModifierArguments
	(ModifierId,								Name,				Value)
values
	('TRAIT_GREAT_PERSON_DISCOUNT',				'YieldType',		'YIELD_FAITH'),
	('TRAIT_GREAT_PERSON_DISCOUNT',				'Amount',			8),
	('TRAIT_CAN_PURCHASE_INDUSTRIAL_BUILDING',	'DistrictType',		'DISTRICT_INDUSTRIAL_ZONE'),
	('TRAIT_TUNDRA_DISTRICT_FOOD',				'YieldType',		'YIELD_FOOD'),
	('TRAIT_TUNDRA_DISTRICT_FOOD',				'Amount',			1);

-----------------------------------------------------------------------------------------------------------------

-- Brazil 
-- lumber mill +1 adjacency bonus to IZ
-- IZ +1 production to adjacent rainforest
-- + 2 culture if lumber mill is built on rainforest +100% tourism = culture if flight is researched
-- districts do not remove rainforest
-- + 1 faith in each rainforest tiles after recruit a great person
-- + 1 faith if city is near rainforest999
delete from ExcludedAdjacencies where TraitType = 'TRAIT_CIVILIZATION_AMAZON';
insert or replace into Modifiers
	(ModifierId,							ModifierType,							SubjectRequirementSetId)
values
	('TRAIT_GREAT_PEOPLE_JUNGLE_FAITH',		'MODIFIER_PLAYER_ADJUST_PLOT_YIELD',	'PLOT_HAS_JUNGLE_REQUIREMENTS');

insert or replace into ModifierArguments
	(ModifierId,							Name,			Value)
values
	('TRAIT_GREAT_PEOPLE_JUNGLE_FAITH',		'YieldType',	'YIELD_FAITH'),
	('TRAIT_GREAT_PEOPLE_JUNGLE_FAITH',		'Amount',		1);

insert or replace into TraitModifiers
	(TraitType,						ModifierId)
values
	('TRAIT_CIVILIZATION_AMAZON',	'BRAZIL_RAINFOREST_CULTURE'),
	('TRAIT_CIVILIZATION_AMAZON',	'BRAZIL_RAINFOREST_LUXURY_FOOD'),
	('TRAIT_CIVILIZATION_AMAZON',	'TRAIT_AMAZON_RAINFOREST_INDUSTRIAL_ZONE_ADJACENCY'),
	('TRAIT_CIVILIZATION_AMAZON',	'TRAIT_AMAZON_RAINFOREST_ENCAMPMENT_ADJACENCY'),
	('TRAIT_CIVILIZATION_AMAZON',	'TRAIT_AMAZON_RAINFOREST_HARBOR_ADJACENCY');

insert or replace into Modifiers
	(ModifierId,											ModifierType,									SubjectRequirementSetId)
values
	('BRAZIL_RAINFOREST_CULTURE',							'MODIFIER_PLAYER_ADJUST_PLOT_YIELD',			'PLOT_HAS_IMPROVED_AND_RAINFOREST_REQUIREMENTS'),
	('BRAZIL_RAINFOREST_LUXURY_FOOD',							'MODIFIER_PLAYER_ADJUST_PLOT_YIELD',			'PLOT_HAS_LUXURY_AND_RAINFOREST_REQUIREMENTS'),
	('TRAIT_AMAZON_RAINFOREST_INDUSTRIAL_ZONE_ADJACENCY',	'MODIFIER_PLAYER_CITIES_FEATURE_ADJACENCY',		NULL),
	('TRAIT_AMAZON_RAINFOREST_ENCAMPMENT_ADJACENCY',		'MODIFIER_PLAYER_CITIES_FEATURE_ADJACENCY',		NULL),
	('TRAIT_AMAZON_RAINFOREST_HARBOR_ADJACENCY',			'MODIFIER_PLAYER_CITIES_FEATURE_ADJACENCY',		NULL);

insert or replace into ModifierArguments
	(ModifierId,											Name,			Value)
values
	('BRAZIL_RAINFOREST_CULTURE',							'YieldType',	'YIELD_CULTURE'),
	('BRAZIL_RAINFOREST_CULTURE',							'Amount',		1),
	('BRAZIL_RAINFOREST_LUXURY_FOOD',							'YieldType',	'YIELD_FOOD'),
	('BRAZIL_RAINFOREST_LUXURY_FOOD',							'Amount',		1),
	('TRAIT_AMAZON_RAINFOREST_INDUSTRIAL_ZONE_ADJACENCY',	'Amount',		1),
	('TRAIT_AMAZON_RAINFOREST_INDUSTRIAL_ZONE_ADJACENCY',	'Description',	'LOC_DISTRICT_JUNGLE_2_PRODUCTION'),
	('TRAIT_AMAZON_RAINFOREST_INDUSTRIAL_ZONE_ADJACENCY',	'DistrictType',	'DISTRICT_INDUSTRIAL_ZONE'),
	('TRAIT_AMAZON_RAINFOREST_INDUSTRIAL_ZONE_ADJACENCY',	'FeatureType',	'FEATURE_JUNGLE'),
	('TRAIT_AMAZON_RAINFOREST_INDUSTRIAL_ZONE_ADJACENCY',	'YieldType',	'YIELD_PRODUCTION'),
	('TRAIT_AMAZON_RAINFOREST_ENCAMPMENT_ADJACENCY',		'Amount',		1),
	('TRAIT_AMAZON_RAINFOREST_ENCAMPMENT_ADJACENCY',		'Description',	'LOC_DISTRICT_JUNGLE_2_PRODUCTION'),
	('TRAIT_AMAZON_RAINFOREST_ENCAMPMENT_ADJACENCY',		'DistrictType',	'DISTRICT_ENCAMPMENT'),
	('TRAIT_AMAZON_RAINFOREST_ENCAMPMENT_ADJACENCY',		'FeatureType',	'FEATURE_JUNGLE'),
	('TRAIT_AMAZON_RAINFOREST_ENCAMPMENT_ADJACENCY',		'YieldType',	'YIELD_PRODUCTION'),
	('TRAIT_AMAZON_RAINFOREST_HARBOR_ADJACENCY',			'Amount',		1),
	('TRAIT_AMAZON_RAINFOREST_HARBOR_ADJACENCY',			'Description',	'LOC_DISTRICT_JUNGLE_2_GOLD'),
	('TRAIT_AMAZON_RAINFOREST_HARBOR_ADJACENCY',			'DistrictType',	'DISTRICT_HARBOR'),
	('TRAIT_AMAZON_RAINFOREST_HARBOR_ADJACENCY',			'FeatureType',	'FEATURE_JUNGLE'),
	('TRAIT_AMAZON_RAINFOREST_HARBOR_ADJACENCY',			'YieldType',	'YIELD_GOLD');

insert or replace into TraitModifiers (TraitType,	ModifierId) 
	select 'TRAIT_CIVILIZATION_AMAZON', 'TRAIT_JUNGLE_VALID_' || DistrictType from Districts where DistrictType != 'DISTRICT_CITY_CENTER';

insert or replace into Modifiers    (ModifierId, ModifierType)
	select 'TRAIT_JUNGLE_VALID_' || DistrictType, 'MODIFIER_PLAYER_CITIES_ADJUST_VALID_FEATURES_DISTRICTS' 
	from Districts where DistrictType != 'DISTRICT_CITY_CENTER';
insert or replace into ModifierArguments    (ModifierId,    Name,        Value) 
	select 'TRAIT_JUNGLE_VALID_' || DistrictType, 'DistrictType', DistrictType
	from Districts where DistrictType != 'DISTRICT_CITY_CENTER';
insert or replace into ModifierArguments    (ModifierId,    Name,        Value) 
	select 'TRAIT_JUNGLE_VALID_' || DistrictType, 'FeatureType', 'FEATURE_JUNGLE'
	from Districts where DistrictType != 'DISTRICT_CITY_CENTER';
--------------------------------------------------------------------------------------------------------------------------
--Scotland
--Happy city recives an additional 10% science and 10% production.
update ModifierArguments set Value = 8 where ModifierId = 'TRAIT_SCIENCE_HAPPY'and Name = 'Amount';
update ModifierArguments set Value = 8 where ModifierId = 'TRAIT_PRODUCTION_HAPPY'and Name = 'Amount';
update ModifierArguments set Value = 24 where ModifierId = 'TRAIT_SCIENCE_ECSTATIC' and Name = 'Amount';
update ModifierArguments set Value = 24 where ModifierId = 'TRAIT_PRODUCTION_ECSTATIC' and Name = 'Amount';

update ModifierArguments set Value = 2 where ModifierId = 'TRAIT_SCIENTIST_HAPPY' and Name = 'Amount';
update ModifierArguments set Value = 6 where ModifierId = 'TRAIT_SCIENTIST_ECSTATIC' and Name = 'Amount';
update ModifierArguments set Value = 2 where ModifierId = 'TRAIT_ENGINEER_HAPPY' and Name = 'Amount';
update ModifierArguments set Value = 6 where ModifierId = 'TRAIT_ENGINEER_ECSTATIC' and Name = 'Amount';

-- untested
insert or replace into TraitModifiers
	(TraitType,											ModifierId)
values
	('TRAIT_CIVILIZATION_SCOTTISH_ENLIGHTENMENT',		'TRAIT_SCIENCE_JOYFUL'),
	('TRAIT_CIVILIZATION_SCOTTISH_ENLIGHTENMENT',		'TRAIT_PRODUCTION_JOYFUL'),
	('TRAIT_CIVILIZATION_SCOTTISH_ENLIGHTENMENT',		'TRAIT_SCIENTIST_JOYFUL'),
	('TRAIT_CIVILIZATION_SCOTTISH_ENLIGHTENMENT',		'TRAIT_ENGINEER_JOYFUL'),
-- 	('TRAIT_CIVILIZATION_SCOTTISH_ENLIGHTENMENT',		'TRAIT_LIBRARY_SCIENTIST_POINT'),
-- 	('TRAIT_CIVILIZATION_SCOTTISH_ENLIGHTENMENT',		'TRAIT_UNIVERSITY_SCIENTIST_POINT'),
-- 	('TRAIT_CIVILIZATION_SCOTTISH_ENLIGHTENMENT',		'TRAIT_RESEARCHLAB_SCIENTIST_POINT'),
-- 	('TRAIT_CIVILIZATION_SCOTTISH_ENLIGHTENMENT',		'TRAIT_WORKSHOP_ENGINEER_POINT'),
-- 	('TRAIT_CIVILIZATION_SCOTTISH_ENLIGHTENMENT',		'TRAIT_FACTORY_ENGINEER_POINT'),
-- 	('TRAIT_CIVILIZATION_SCOTTISH_ENLIGHTENMENT',		'TRAIT_COALPLANT_ENGINEER_POINT'),
-- 	('TRAIT_CIVILIZATION_SCOTTISH_ENLIGHTENMENT',		'TRAIT_OILPLANT_ENGINEER_POINT'),
-- 	('TRAIT_CIVILIZATION_SCOTTISH_ENLIGHTENMENT',		'TRAIT_NUCLEARPLANT_ENGINEER_POINT'),
	('TRAIT_CIVILIZATION_SCOTTISH_ENLIGHTENMENT',		'TRAIT_CAMPUS_AMENITY'),
	('TRAIT_CIVILIZATION_SCOTTISH_ENLIGHTENMENT',		'TRAIT_INDUSTRIAL_ZONE_AMENITY'),
-- 	('TRAIT_CIVILIZATION_SCOTTISH_ENLIGHTENMENT',		'TRAIT_LIBRARY_SCIENTIST_POINT_ECSTATIC'),
-- 	('TRAIT_CIVILIZATION_SCOTTISH_ENLIGHTENMENT',		'TRAIT_UNIVERSITY_SCIENTIST_POINT_ECSTATIC'),
-- 	('TRAIT_CIVILIZATION_SCOTTISH_ENLIGHTENMENT',		'TRAIT_RESEARCHLAB_SCIENTIST_POINT_ECSTATIC'),
-- 	('TRAIT_CIVILIZATION_SCOTTISH_ENLIGHTENMENT',		'TRAIT_WORKSHOP_ENGINEER_POINT_ECSTATIC'),
-- 	('TRAIT_CIVILIZATION_SCOTTISH_ENLIGHTENMENT',		'TRAIT_FACTORY_SCIENTIST_POINT_ECSTATIC'),
-- 	('TRAIT_CIVILIZATION_SCOTTISH_ENLIGHTENMENT',		'TRAIT_COALPLANT_SCIENTIST_POINT_ECSTATIC'),
-- 	('TRAIT_CIVILIZATION_SCOTTISH_ENLIGHTENMENT',		'TRAIT_OILPLANT_SCIENTIST_POINT_ECSTATIC'),
-- 	('TRAIT_CIVILIZATION_SCOTTISH_ENLIGHTENMENT',		'TRAIT_NUCLEARPLANT_SCIENTIST_POINT_ECSTATIC'),
	('TRAIT_CIVILIZATION_SCOTTISH_ENLIGHTENMENT',		'TRAIT_ADJACENT_DISTRICTS_CAMPUS_ADJACENCYSCIENCE'),
	('TRAIT_CIVILIZATION_SCOTTISH_ENLIGHTENMENT',		'TRAIT_ADJACENT_DISTRICTS_INDUSTRIALZONE_ADJACENCYPRODUCTION'),
	('TRAIT_LEADER_BANNOCKBURN',						'SCOTLAND_TERRITORY_COMBAT'),
	('TRAIT_LEADER_BANNOCKBURN',						'SCOTLAND_ARMY_LEVEL_UP_UNITS_ATTACH');

insert or replace into Modifiers
	(ModifierId,												ModifierType,													SubjectRequirementSetId)
values
	('TRAIT_SCIENCE_JOYFUL',									'MODIFIER_PLAYER_CITIES_ADJUST_HAPPINESS_YIELD',				NULL),
	('TRAIT_PRODUCTION_JOYFUL',									'MODIFIER_PLAYER_CITIES_ADJUST_HAPPINESS_YIELD',				NULL),
	('TRAIT_SCIENTIST_JOYFUL',									'MODIFIER_PLAYER_CITIES_ADJUST_HAPPINESS_GREAT_PERSON',			'PLAYER_HAS_CAMPUS_HAPPY_REQUIREMENTS'),
	('TRAIT_ENGINEER_JOYFUL',									'MODIFIER_PLAYER_CITIES_ADJUST_HAPPINESS_GREAT_PERSON',			'PLAYER_HAS_INDUSTRIAL_ZONE_HAPPY_REQUIREMENTS'),
-- 	('TRAIT_LIBRARY_SCIENTIST_POINT',							'MODIFIER_PLAYER_CITIES_ADJUST_HAPPINESS_GREAT_PERSON',			'PLAYER_HAS_LIBRARY_HAPPY_REQUIREMENTS'),
-- 	('TRAIT_UNIVERSITY_SCIENTIST_POINT',						'MODIFIER_PLAYER_CITIES_ADJUST_HAPPINESS_GREAT_PERSON',			'PLAYER_HAS_UNIVERSITY_HAPPY_REQUIREMENTS'),
-- 	('TRAIT_RESEARCHLAB_SCIENTIST_POINT',						'MODIFIER_PLAYER_CITIES_ADJUST_HAPPINESS_GREAT_PERSON',			'PLAYER_HAS_RESEARCHLAB_HAPPY_REQUIREMENTS'),
-- 	('TRAIT_WORKSHOP_ENGINEER_POINT',							'MODIFIER_PLAYER_CITIES_ADJUST_HAPPINESS_GREAT_PERSON',			'PLAYER_HAS_WORKSHOP_HAPPY_REQUIREMENTS'),
-- 	('TRAIT_FACTORY_ENGINEER_POINT',							'MODIFIER_PLAYER_CITIES_ADJUST_HAPPINESS_GREAT_PERSON',			'PLAYER_HAS_FACTORY_HAPPY_REQUIREMENTS'),
-- 	('TRAIT_COALPLANT_ENGINEER_POINT',							'MODIFIER_PLAYER_CITIES_ADJUST_HAPPINESS_GREAT_PERSON',			'PLAYER_HAS_PLANT_HAPPY_REQUIREMENTS'),
-- 	('TRAIT_LIBRARY_SCIENTIST_POINT_ECSTATIC',					'MODIFIER_PLAYER_CITIES_ADJUST_HAPPINESS_GREAT_PERSON',			'PLAYER_HAS_LIBRARY_ECSTATIC_REQUIREMENTS'),
-- 	('TRAIT_UNIVERSITY_SCIENTIST_POINT_ECSTATIC',				'MODIFIER_PLAYER_CITIES_ADJUST_HAPPINESS_GREAT_PERSON',			'PLAYER_HAS_UNIVERSITY_ECSTATIC_REQUIREMENTS'),
-- 	('TRAIT_RESEARCHLAB_SCIENTIST_POINT_ECSTATIC',				'MODIFIER_PLAYER_CITIES_ADJUST_HAPPINESS_GREAT_PERSON',			'PLAYER_HAS_RESEARCHLAB_ECSTATIC_REQUIREMENTS'),
-- 	('TRAIT_WORKSHOP_ENGINEER_POINT_ECSTATIC',					'MODIFIER_PLAYER_CITIES_ADJUST_HAPPINESS_GREAT_PERSON',			'PLAYER_HAS_WORKSHOP_ECSTATIC_REQUIREMENTS'),
-- 	('TRAIT_FACTORY_ENGINEER_POINT_ECSTATIC',					'MODIFIER_PLAYER_CITIES_ADJUST_HAPPINESS_GREAT_PERSON',			'PLAYER_HAS_FACTORY_ECSTATIC_REQUIREMENTS'),
-- 	('TRAIT_COALPLANT_ENGINEER_POINT_ECSTATIC',					'MODIFIER_PLAYER_CITIES_ADJUST_HAPPINESS_GREAT_PERSON',			'PLAYER_HAS_PLANT_ECSTATIC_REQUIREMENTS'),
	('TRAIT_CAMPUS_AMENITY',									'MODIFIER_PLAYER_CITIES_ADJUST_TRAIT_AMENITY',					'HD_CITY_HAS_CAMPUS_REQUIREMENTS'),
	('TRAIT_INDUSTRIAL_ZONE_AMENITY',							'MODIFIER_PLAYER_CITIES_ADJUST_TRAIT_AMENITY',					'HD_CITY_HAS_INDUSTRIAL_ZONE_REQUIREMENTS'),
	('SCOTLAND_TERRITORY_COMBAT',								'MODIFIER_PLAYER_UNITS_GRANT_ABILITY',							NULL),
	('SCOTLAND_FRIENDLY_COMBAT',								'MODIFIER_UNIT_ADJUST_COMBAT_STRENGTH',							'HD_UNIT_IN_FRIENDLY_TERRITORY_DEFENCE_REQUIREMENTS');

insert or replace into Modifiers
	(ModifierId,												ModifierType,												NewOnly,			SubjectRequirementSetId)
values
	('SCOTLAND_ARMY_LEVEL_UP_UNITS_ATTACH',						'MODIFIER_PLAYER_CITIES_ATTACH_MODIFIER',					0,					'CITY_HAS_NO_5_POPULATION'),
	('SCOTLAND_ARMY_LEVEL_UP_UNITS',							'MODIFIER_CITY_TRAINED_UNITS_ADJUST_GRANT_EXPERIENCE',		1,					NULL);

--insert or replace into ExcludedAdjacencies (TraitType,	YieldChangeId)values
--	('TRAIT_CIVILIZATION_SCOTTISH_ENLIGHTENMENT',		'District_Science'),
--	('TRAIT_CIVILIZATION_SCOTTISH_ENLIGHTENMENT',		'District_Production');

insert or replace into ModifierArguments
	(ModifierId,									Name,							Value)
values
	('TRAIT_SCIENCE_JOYFUL',						'YieldType',					'YIELD_SCIENCE'),
	('TRAIT_SCIENCE_JOYFUL',						'HappinessType',				'HAPPINESS_JOYFUL'),
	('TRAIT_SCIENCE_JOYFUL',						'Amount',						16),
	('TRAIT_PRODUCTION_JOYFUL',						'YieldType',					'YIELD_PRODUCTION'),
	('TRAIT_PRODUCTION_JOYFUL',						'HappinessType',				'HAPPINESS_JOYFUL'),
	('TRAIT_PRODUCTION_JOYFUL',						'Amount',						16),
	('TRAIT_SCIENTIST_JOYFUL',						'GreatPersonClassType',			'GREAT_PERSON_CLASS_SCIENTIST'),
	('TRAIT_SCIENTIST_JOYFUL',						'HappinessType',				'HAPPINESS_JOYFUL'),
	('TRAIT_SCIENTIST_JOYFUL',						'Amount',						4),
	('TRAIT_ENGINEER_JOYFUL',						'GreatPersonClassType',			'GREAT_PERSON_CLASS_ENGINEER'),
	('TRAIT_ENGINEER_JOYFUL',						'HappinessType',				'HAPPINESS_JOYFUL'),
	('TRAIT_ENGINEER_JOYFUL',						'Amount',						4),
	-- 
	('TRAIT_CAMPUS_AMENITY',						'Amount',						1),
	('TRAIT_INDUSTRIAL_ZONE_AMENITY',				'Amount',						1),
	('SCOTLAND_TERRITORY_COMBAT',					'AbilityType',					'ABILITY_TERRITORY_COMBAT'),
	('SCOTLAND_FRIENDLY_COMBAT',					'Amount',						4),
	('SCOTLAND_ARMY_LEVEL_UP_UNITS_ATTACH',			'ModifierId',					'SCOTLAND_ARMY_LEVEL_UP_UNITS'),
	('SCOTLAND_ARMY_LEVEL_UP_UNITS',				'Amount',						-1);

insert or replace into ModifierStrings
	(ModifierId,									Context,	Text)
values
	('SCOTLAND_FRIENDLY_COMBAT',					'Preview',	'+{1_Amount} {LOC_TRAIT_LEADER_BANNOCKBURN_NAME}');

-- 	('TRAIT_LIBRARY_SCIENTIST_POINT',				'GreatPersonClassType',			'GREAT_PERSON_CLASS_SCIENTIST'),
-- 	('TRAIT_LIBRARY_SCIENTIST_POINT',				'HappinessType',				'HAPPINESS_HAPPY'),
-- 	('TRAIT_LIBRARY_SCIENTIST_POINT',				'Amount',						2),
-- 	('TRAIT_UNIVERSITY_SCIENTIST_POINT',			'GreatPersonClassType',			'GREAT_PERSON_CLASS_SCIENTIST'),
-- 	('TRAIT_UNIVERSITY_SCIENTIST_POINT',			'HappinessType',				'HAPPINESS_HAPPY'),
-- 	('TRAIT_UNIVERSITY_SCIENTIST_POINT',			'Amount',						2),
-- 	('TRAIT_RESEARCHLAB_SCIENTIST_POINT',			'GreatPersonClassType',			'GREAT_PERSON_CLASS_SCIENTIST'),
-- 	('TRAIT_RESEARCHLAB_SCIENTIST_POINT',			'HappinessType',				'HAPPINESS_HAPPY'),
-- 	('TRAIT_RESEARCHLAB_SCIENTIST_POINT',			'Amount',						2),
-- 	('TRAIT_WORKSHOP_ENGINEER_POINT',				'GreatPersonClassType',			'GREAT_PERSON_CLASS_ENGINEER'),
-- 	('TRAIT_WORKSHOP_ENGINEER_POINT',				'HappinessType',				'HAPPINESS_HAPPY'),
-- 	('TRAIT_WORKSHOP_ENGINEER_POINT',				'Amount',						2),
-- 	('TRAIT_FACTORY_ENGINEER_POINT'					'GreatPersonClassType',			'GREAT_PERSON_CLASS_ENGINEER'),
-- 	('TRAIT_FACTORY_ENGINEER_POINT'					'HappinessType',				'HAPPINESS_HAPPY'),
-- 	('TRAIT_FACTORY_ENGINEER_POINT'					'Amount',						2),
-- 	('TRAIT_PLANT_ENGINEER_POINT',					'GreatPersonClassType',			'GREAT_PERSON_CLASS_ENGINEER'),
-- 	('TRAIT_PLANT_ENGINEER_POINT',					'HappinessType',				'HAPPINESS_HAPPY'),
-- 	('TRAIT_PLANT_ENGINEER_POINT',					'Amount',						2),
-- 	('TRAIT_LIBRARY_SCIENTIST_POINT_ECSTATIC',		'GreatPersonClassType',			'GREAT_PERSON_CLASS_SCIENTIST'),
-- 	('TRAIT_LIBRARY_SCIENTIST_POINT_ECSTATIC',		'HappinessType',				'HAPPINESS_ECSTATIC'),
-- 	('TRAIT_LIBRARY_SCIENTIST_POINT_ECSTATIC',		'Amount',						4),
-- 	('TRAIT_UNIVERSITY_SCIENTIST_POINT_ECSTATIC',	'GreatPersonClassType',			'GREAT_PERSON_CLASS_SCIENTIST'),
-- 	('TRAIT_UNIVERSITY_SCIENTIST_POINT_ECSTATIC',	'HappinessType',				'HAPPINESS_ECSTATIC'),
-- 	('TRAIT_UNIVERSITY_SCIENTIST_POINT_ECSTATIC',	'Amount',						4),
-- 	('TRAIT_RESEARCHLAB_SCIENTIST_POINT_ECSTATIC',	'GreatPersonClassType',			'GREAT_PERSON_CLASS_SCIENTIST'),
-- 	('TRAIT_RESEARCHLAB_SCIENTIST_POINT_ECSTATIC',	'HappinessType',				'HAPPINESS_ECSTATIC'),
-- 	('TRAIT_RESEARCHLAB_SCIENTIST_POINT_ECSTATIC',	'Amount',						4),
-- 	('TRAIT_WORKSHOP_ENGINEER_POINT_ECSTATIC',		'GreatPersonClassType',			'GREAT_PERSON_CLASS_ENGINEER'),
-- 	('TRAIT_WORKSHOP_ENGINEER_POINT_ECSTATIC',		'HappinessType',				'HAPPINESS_ECSTATIC'),
-- 	('TRAIT_WORKSHOP_ENGINEER_POINT_ECSTATIC',		'Amount',						4),
-- 	('TRAIT_FACTORY_ENGINEER_POINT_ECSTATIC'		'GreatPersonClassType',			'GREAT_PERSON_CLASS_ENGINEER'),
-- 	('TRAIT_FACTORY_ENGINEER_POINT_ECSTATIC'		'HappinessType',				'HAPPINESS_ECSTATIC'),
-- 	('TRAIT_FACTORY_ENGINEER_POINT_ECSTATIC'		'Amount',						4),
-- 	('TRAIT_PLANT_ENGINEER_POINT_ECSTATIC',			'GreatPersonClassType',			'GREAT_PERSON_CLASS_ENGINEER'),
-- 	('TRAIT_PLANT_ENGINEER_POINT_ECSTATIC',			'HappinessType',				'HAPPINESS_ECSTATIC');

insert or ignore into Requirements
	(RequirementId,							RequirementType)
values
	('UNIT_IN_OWNER_TERRITORY_REQUIREMENT',	'REQUIREMENT_UNIT_IN_OWNER_TERRITORY');

insert or replace into RequirementSets
	(RequirementSetId,										RequirementSetType)
values
	('HD_UNIT_IN_FRIENDLY_TERRITORY_DEFENCE_REQUIREMENTS',	'REQUIREMENTSET_TEST_ALL'),
	('CITY_HAS_NO_5_POPULATION',							'REQUIREMENTSET_TEST_ALL');

insert or replace into RequirementSetRequirements
	(RequirementSetId,										RequirementId)
values
	('HD_UNIT_IN_FRIENDLY_TERRITORY_DEFENCE_REQUIREMENTS',	'PLAYER_IS_DEFENDER_REQUIREMENTS'),
	('HD_UNIT_IN_FRIENDLY_TERRITORY_DEFENCE_REQUIREMENTS',	'UNIT_IN_OWNER_TERRITORY_REQUIREMENT'),
	('CITY_HAS_NO_5_POPULATION',							'REQUIRES_CITY_HAS_NO_5_POPULATION');


insert or ignore into Requirements
	(RequirementId,									RequirementType,						Inverse)
values
	('REQUIRES_CITY_HAS_NO_5_POPULATION',			'REQUIREMENT_CITY_HAS_X_POPULATION',	1);

insert or replace into RequirementArguments
	(RequirementId,									Name,						Value)
values
	('REQUIRES_CITY_HAS_NO_5_POPULATION',			'Amount',					5); 

---------------------------------------------------------------------------------------------------------------------
--SCYTHIA
insert or replace into TraitModifiers
	(TraitType,								ModifierId)
values
	('TRAIT_CIVILIZATION_EXTRA_LIGHT_CAVALRY','TRAIT_YIELD_MORE_HORSE'),
	('TRAIT_CIVILIZATION_EXTRA_LIGHT_CAVALRY','TRAIT_TECH_ANIMAL_HUSBANDRY'),
	('TRAIT_CIVILIZATION_EXTRA_LIGHT_CAVALRY','TRAIT_PASTURE_PRODUCTION');

insert or replace into Modifiers
	(ModifierId,						ModifierType,															SubjectRequirementSetId)
values
	('TRAIT_YIELD_MORE_HORSE',			'MODIFIER_PLAYER_CITIES_ADJUST_EXTRA_ACCUMULATION_SPECIFIC_RESOURCE',	NULL),
	('TRAIT_TECH_ANIMAL_HUSBANDRY',		'MODIFIER_PLAYER_GRANT_SPECIFIC_TECHNOLOGY',							NULL),
	('TRAIT_PASTURE_PRODUCTION',		'MODIFIER_PLAYER_ADJUST_PLOT_YIELD',									'PLOT_HAS_PASTURE_REQUIREMENTS');

insert or replace into ModifierArguments
	(ModifierId,					Name,			Value)
values
	('TRAIT_YIELD_MORE_HORSE',		'ResourceType',	'RESOURCE_HORSES'),
	('TRAIT_YIELD_MORE_HORSE',		'Amount',		3),
	('TRAIT_TECH_ANIMAL_HUSBANDRY',	'TechType',		'TECH_ANIMAL_HUSBANDRY'	),
	('TRAIT_PASTURE_PRODUCTION',	'YieldType',	'YIELD_PRODUCTION'),
	('TRAIT_PASTURE_PRODUCTION',	'Amount',		1);
---------------------------------------------------------------------------------------------------------------------------
-- Spainish
-- 删除原版 UA
delete from TraitModifiers where TraitType = 'TRAIT_CIVILIZATION_TREASURE_FLEET';
delete from TraitModifiers where TraitType = 'TRAIT_LEADER_EL_ESCORIAL'
	and ModifierId in ('TRAIT_ADJUST_INQUISITOR_CHARGES', 'TRAIT_INQUISITORS_FULL_EVICT');
-- 舰队提前解锁能力改给 LA
update ModifierArguments set Value = 'CIVIC_NAVAL_TRADITION' where ModifierId = 'TRAIT_NAVAL_CORPS_EARLY' and Name = 'CivicType';
update ModifierArguments set Value = 'CIVIC_EXPLORATION' where ModifierId = 'TRAIT_NAVAL_ARMIES_EARLY' and Name = 'CivicType';

insert or replace into TraitModifiers
	(TraitType,														ModifierId)
values
	-- LA 提前解锁舰队
	('TRAIT_LEADER_EL_ESCORIAL',					'TRAIT_NAVAL_CORPS_EARLY'),
	('TRAIT_LEADER_EL_ESCORIAL',					'TRAIT_NAVAL_ARMIES_EARLY'),
	-- LA 海军统帅点数
	('TRAIT_LEADER_EL_ESCORIAL',					'TRAIT_EXTRA_GREAT_ADMIRAL_POINTS_HD'),
	-- UA
	('TRAIT_CIVILIZATION_TREASURE_FLEET',	'TRAIT_TREASURE_FLEET_GOVERNOR_CITY_ADD_TRADE_GOLD_DOMESTIC_1_ATTACH'),
	('TRAIT_CIVILIZATION_TREASURE_FLEET',	'TRAIT_TREASURE_FLEET_GOVERNOR_CITY_ADD_TRADE_PRODUCTION_DOMESTIC_1_ATTACH'),
	('TRAIT_CIVILIZATION_TREASURE_FLEET',	'TRAIT_TREASURE_FLEET_GOVERNOR_CITY_ADD_TRADE_GOLD_DOMESTIC_2_ATTACH'),
	('TRAIT_CIVILIZATION_TREASURE_FLEET',	'TRAIT_TREASURE_FLEET_GOVERNOR_CITY_ADD_TRADE_PRODUCTION_DOMESTIC_2_ATTACH'),
	('TRAIT_CIVILIZATION_TREASURE_FLEET',	'TRAIT_TREASURE_FLEET_GOVERNOR_CITY_ADD_TRADE_GOLD_INTERNATIONAL_1_ATTACH'),
	('TRAIT_CIVILIZATION_TREASURE_FLEET',	'TRAIT_TREASURE_FLEET_GOVERNOR_CITY_ADD_TRADE_PRODUCTION_INTERNATIONAL_1_ATTACH'),
	('TRAIT_CIVILIZATION_TREASURE_FLEET',	'TRAIT_TREASURE_FLEET_GOVERNOR_CITY_ADD_TRADE_GOLD_INTERNATIONAL_2_ATTACH'),
	('TRAIT_CIVILIZATION_TREASURE_FLEET',	'TRAIT_TREASURE_FLEET_GOVERNOR_CITY_ADD_TRADE_PRODUCTION_INTERNATIONAL_2_ATTACH');

insert or replace into Modifiers
	(ModifierId,																																				ModifierType,																										SubjectRequirementSetId)
values
-- LA
	('TRAIT_EXTRA_GREAT_ADMIRAL_POINTS_HD',																							'MODIFIER_PLAYER_ADJUST_GREAT_PERSON_POINTS_PERCENT',						NULL),
-- LB
	-- ('BUILDING_EL_ESCORIAL_PALACE_GRANT_GOVERNOR_POINTS',																'MODIFIER_ALL_PLAYERS_ADJUST_GOVERNOR_POINTS',									'PLAYER_HAS_BUILDING_EL_ESCORIAL_PALACE_REQUIREMENTS'),
-- UA
	('TRAIT_TREASURE_FLEET_TRADE_ROUTE_CAPACITY',																				'MODIFIER_PLAYER_ADJUST_TRADE_ROUTE_CAPACITY',									NULL),
	('TRAIT_TREASURE_FLEET_GRANT_TRADER',																								'MODIFIER_SINGLE_CITY_GRANT_UNIT_IN_CITY',											NULL),
-- UA Attach
	('TRAIT_TREASURE_FLEET_GOVERNOR_CITY_ADD_TRADE_GOLD_DOMESTIC_1_ATTACH',							'MODIFIER_PLAYER_CITIES_ATTACH_MODIFIER',												'CITY_HAS_GOVERNOR_REQUIREMENTS'),
	('TRAIT_TREASURE_FLEET_GOVERNOR_CITY_ADD_TRADE_PRODUCTION_DOMESTIC_1_ATTACH',				'MODIFIER_PLAYER_CITIES_ATTACH_MODIFIER',												'CITY_HAS_GOVERNOR_REQUIREMENTS'),
	('TRAIT_TREASURE_FLEET_GOVERNOR_CITY_ADD_TRADE_GOLD_DOMESTIC_2_ATTACH',							'MODIFIER_PLAYER_CITIES_ATTACH_MODIFIER',												'CITY_HAS_GOVERNOR_REQUIREMENTS'),
	('TRAIT_TREASURE_FLEET_GOVERNOR_CITY_ADD_TRADE_PRODUCTION_DOMESTIC_2_ATTACH',				'MODIFIER_PLAYER_CITIES_ATTACH_MODIFIER',												'CITY_HAS_GOVERNOR_REQUIREMENTS'),
	('TRAIT_TREASURE_FLEET_GOVERNOR_CITY_ADD_TRADE_GOLD_INTERNATIONAL_1_ATTACH',				'MODIFIER_PLAYER_CITIES_ATTACH_MODIFIER',												'CITY_HAS_GOVERNOR_REQUIREMENTS'),
	('TRAIT_TREASURE_FLEET_GOVERNOR_CITY_ADD_TRADE_PRODUCTION_INTERNATIONAL_1_ATTACH',	'MODIFIER_PLAYER_CITIES_ATTACH_MODIFIER',												'CITY_HAS_GOVERNOR_REQUIREMENTS'),
	('TRAIT_TREASURE_FLEET_GOVERNOR_CITY_ADD_TRADE_GOLD_INTERNATIONAL_2_ATTACH',				'MODIFIER_PLAYER_CITIES_ATTACH_MODIFIER',												'CITY_HAS_GOVERNOR_REQUIREMENTS'),
	('TRAIT_TREASURE_FLEET_GOVERNOR_CITY_ADD_TRADE_PRODUCTION_INTERNATIONAL_2_ATTACH',	'MODIFIER_PLAYER_CITIES_ATTACH_MODIFIER',												'CITY_HAS_GOVERNOR_REQUIREMENTS'),
-- Modifier
	('TRAIT_TREASURE_FLEET_GOVERNOR_CITY_ADD_TRADE_GOLD_DOMESTIC_1',										'MODIFIER_PLAYER_ADJUST_TRADE_ROUTE_YIELD_FOR_DOMESTIC',				NULL),
	('TRAIT_TREASURE_FLEET_GOVERNOR_CITY_ADD_TRADE_PRODUCTION_DOMESTIC_1',							'MODIFIER_PLAYER_ADJUST_TRADE_ROUTE_YIELD_FOR_DOMESTIC',				NULL),
	('TRAIT_TREASURE_FLEET_GOVERNOR_CITY_ADD_TRADE_GOLD_DOMESTIC_2',										'MODIFIER_PLAYER_ADJUST_TRADE_ROUTE_YIELD_FOR_DOMESTIC',				NULL),
	('TRAIT_TREASURE_FLEET_GOVERNOR_CITY_ADD_TRADE_PRODUCTION_DOMESTIC_2',							'MODIFIER_PLAYER_ADJUST_TRADE_ROUTE_YIELD_FOR_DOMESTIC',				NULL),
	('TRAIT_TREASURE_FLEET_GOVERNOR_CITY_ADD_TRADE_GOLD_INTERNATIONAL_1',								'MODIFIER_PLAYER_ADJUST_TRADE_ROUTE_YIELD_FOR_INTERNATIONAL',		NULL),
	('TRAIT_TREASURE_FLEET_GOVERNOR_CITY_ADD_TRADE_PRODUCTION_INTERNATIONAL_1',					'MODIFIER_PLAYER_ADJUST_TRADE_ROUTE_YIELD_FOR_INTERNATIONAL',		NULL),
	('TRAIT_TREASURE_FLEET_GOVERNOR_CITY_ADD_TRADE_GOLD_INTERNATIONAL_2',								'MODIFIER_PLAYER_ADJUST_TRADE_ROUTE_YIELD_FOR_INTERNATIONAL',		NULL),
	('TRAIT_TREASURE_FLEET_GOVERNOR_CITY_ADD_TRADE_PRODUCTION_INTERNATIONAL_2',					'MODIFIER_PLAYER_ADJUST_TRADE_ROUTE_YIELD_FOR_INTERNATIONAL',		NULL);
	
-- update Modifiers set Permanent = 1 where ModifierId = 'BUILDING_EL_ESCORIAL_PALACE_GRANT_GOVERNOR_POINTS';

insert or replace into Modifiers
	(ModifierId, ModifierType, SubjectRequirementSetId, RunOnce, Permanent, SubjectStackLimit)
select
	'TRAIT_' || FeatureType || '_ADD_GOVERNOR', 'MODIFIER_PLAYER_ADJUST_GOVERNOR_POINTS', null, 1, 1,	1
from Features where NaturalWonder = 1;

insert or replace into ModifierArguments
	(ModifierId, Name, Value)
select
	'TRAIT_' || FeatureType || '_ADD_GOVERNOR', 'Delta', 1
from Features where NaturalWonder = 1;


insert or replace into ModifierArguments
	(ModifierId,																																				Name,										Value)
values
-- LA
	('TRAIT_EXTRA_GREAT_ADMIRAL_POINTS_HD',																							'GreatPersonClassType',	'GREAT_PERSON_CLASS_ADMIRAL'),
	('TRAIT_EXTRA_GREAT_ADMIRAL_POINTS_HD',																							'Amount',								50),
-- LB
	-- ('BUILDING_EL_ESCORIAL_PALACE_GRANT_GOVERNOR_POINTS',																'Delta',								1),
-- UA
	('TRAIT_TREASURE_FLEET_TRADE_ROUTE_CAPACITY',																				'Amount',								1),
	('TRAIT_TREASURE_FLEET_GRANT_TRADER',																								'Amount',								1),
	('TRAIT_TREASURE_FLEET_GRANT_TRADER',																								'UnitType',							'UNIT_TRADER'),
	('TRAIT_TREASURE_FLEET_GRANT_TRADER',																								'AllowUniqueOverride',	0),
	('TRAIT_TREASURE_FLEET_GOVERNOR_CITY_ADD_TRADE_GOLD_DOMESTIC_1_ATTACH',							'ModifierId',						'TRAIT_TREASURE_FLEET_GOVERNOR_CITY_ADD_TRADE_GOLD_DOMESTIC_1'),
	('TRAIT_TREASURE_FLEET_GOVERNOR_CITY_ADD_TRADE_PRODUCTION_DOMESTIC_1_ATTACH',				'ModifierId',						'TRAIT_TREASURE_FLEET_GOVERNOR_CITY_ADD_TRADE_PRODUCTION_DOMESTIC_1'),
	('TRAIT_TREASURE_FLEET_GOVERNOR_CITY_ADD_TRADE_GOLD_DOMESTIC_2_ATTACH',							'ModifierId',						'TRAIT_TREASURE_FLEET_GOVERNOR_CITY_ADD_TRADE_GOLD_DOMESTIC_2'),
	('TRAIT_TREASURE_FLEET_GOVERNOR_CITY_ADD_TRADE_PRODUCTION_DOMESTIC_2_ATTACH',				'ModifierId',						'TRAIT_TREASURE_FLEET_GOVERNOR_CITY_ADD_TRADE_PRODUCTION_DOMESTIC_2'),
	('TRAIT_TREASURE_FLEET_GOVERNOR_CITY_ADD_TRADE_GOLD_INTERNATIONAL_1_ATTACH',				'ModifierId',						'TRAIT_TREASURE_FLEET_GOVERNOR_CITY_ADD_TRADE_GOLD_INTERNATIONAL_1'),
	('TRAIT_TREASURE_FLEET_GOVERNOR_CITY_ADD_TRADE_PRODUCTION_INTERNATIONAL_1_ATTACH',	'ModifierId',						'TRAIT_TREASURE_FLEET_GOVERNOR_CITY_ADD_TRADE_PRODUCTION_INTERNATIONAL_1'),
	('TRAIT_TREASURE_FLEET_GOVERNOR_CITY_ADD_TRADE_GOLD_INTERNATIONAL_2_ATTACH',				'ModifierId',						'TRAIT_TREASURE_FLEET_GOVERNOR_CITY_ADD_TRADE_GOLD_INTERNATIONAL_2'),
	('TRAIT_TREASURE_FLEET_GOVERNOR_CITY_ADD_TRADE_PRODUCTION_INTERNATIONAL_2_ATTACH',	'ModifierId',						'TRAIT_TREASURE_FLEET_GOVERNOR_CITY_ADD_TRADE_PRODUCTION_INTERNATIONAL_2'),

	('TRAIT_TREASURE_FLEET_GOVERNOR_CITY_ADD_TRADE_GOLD_DOMESTIC_1',										'YieldType',						'YIELD_GOLD'),
	('TRAIT_TREASURE_FLEET_GOVERNOR_CITY_ADD_TRADE_GOLD_DOMESTIC_1',										'Amount',								2),
	('TRAIT_TREASURE_FLEET_GOVERNOR_CITY_ADD_TRADE_PRODUCTION_DOMESTIC_1',							'YieldType',						'YIELD_PRODUCTION'),
	('TRAIT_TREASURE_FLEET_GOVERNOR_CITY_ADD_TRADE_PRODUCTION_DOMESTIC_1',							'Amount',								1),
	('TRAIT_TREASURE_FLEET_GOVERNOR_CITY_ADD_TRADE_GOLD_DOMESTIC_2',										'YieldType',						'YIELD_GOLD'),
	('TRAIT_TREASURE_FLEET_GOVERNOR_CITY_ADD_TRADE_GOLD_DOMESTIC_2',										'Amount',								2),
	('TRAIT_TREASURE_FLEET_GOVERNOR_CITY_ADD_TRADE_GOLD_DOMESTIC_2',										'Intercontinental',			1),
	('TRAIT_TREASURE_FLEET_GOVERNOR_CITY_ADD_TRADE_PRODUCTION_DOMESTIC_2',							'YieldType',						'YIELD_PRODUCTION'),
	('TRAIT_TREASURE_FLEET_GOVERNOR_CITY_ADD_TRADE_PRODUCTION_DOMESTIC_2',							'Amount',								1),
	('TRAIT_TREASURE_FLEET_GOVERNOR_CITY_ADD_TRADE_PRODUCTION_DOMESTIC_2',							'Intercontinental',			1),
	('TRAIT_TREASURE_FLEET_GOVERNOR_CITY_ADD_TRADE_GOLD_INTERNATIONAL_1',								'YieldType',						'YIELD_GOLD'),
	('TRAIT_TREASURE_FLEET_GOVERNOR_CITY_ADD_TRADE_GOLD_INTERNATIONAL_1',								'Amount',								2),
	('TRAIT_TREASURE_FLEET_GOVERNOR_CITY_ADD_TRADE_PRODUCTION_INTERNATIONAL_1',					'YieldType',						'YIELD_PRODUCTION'),
	('TRAIT_TREASURE_FLEET_GOVERNOR_CITY_ADD_TRADE_PRODUCTION_INTERNATIONAL_1',					'Amount',								1),
	('TRAIT_TREASURE_FLEET_GOVERNOR_CITY_ADD_TRADE_GOLD_INTERNATIONAL_2',								'YieldType',						'YIELD_GOLD'),
	('TRAIT_TREASURE_FLEET_GOVERNOR_CITY_ADD_TRADE_GOLD_INTERNATIONAL_2',								'Amount',								2),
	('TRAIT_TREASURE_FLEET_GOVERNOR_CITY_ADD_TRADE_GOLD_INTERNATIONAL_2',								'Intercontinental',			1),
	('TRAIT_TREASURE_FLEET_GOVERNOR_CITY_ADD_TRADE_PRODUCTION_INTERNATIONAL_2',					'YieldType',						'YIELD_PRODUCTION'),
	('TRAIT_TREASURE_FLEET_GOVERNOR_CITY_ADD_TRADE_PRODUCTION_INTERNATIONAL_2',					'Amount',								1),
	('TRAIT_TREASURE_FLEET_GOVERNOR_CITY_ADD_TRADE_PRODUCTION_INTERNATIONAL_2',					'Intercontinental',			1);

-- LB
-- insert or replace into GameModifiers
-- 	(ModifierId)
-- values
-- 	('BUILDING_EL_ESCORIAL_PALACE_GRANT_GOVERNOR_POINTS');

-- insert or replace into BuildingModifiers
-- 	(BuildingType,									ModifierId)
-- values
-- 	('BUILDING_EL_ESCORIAL_PALACE',	'GOV_TALL_BUILDING_PRODUCTION'),
-- 	('BUILDING_EL_ESCORIAL_PALACE',	'GOV_TALL_WONDER_PRODUCTION'),
-- 	('BUILDING_EL_ESCORIAL_PALACE',	'GOV_TALL_DISTRICT_PRODUCTION');

-- LB 区域位
-- insert or replace into Modifiers
-- 	(ModifierId, ModifierType, SubjectRequirementSetId, RunOnce, Permanent, SubjectStackLimit)
-- select
-- 	'TRAIT_' || FeatureType || '_ADD_EXTRA_DISTRICT', 'MODIFIER_PLAYER_CITIES_EXTRA_DISTRICT', 'CITY_HAS_BUILDING_EL_ESCORIAL_PALACE_REQUIREMENTS', 1, 1,	1
-- from Features where NaturalWonder = 1;

-- insert or replace into ModifierArguments
-- 	(ModifierId, Name, Value)
-- select
-- 	'TRAIT_' || FeatureType || '_ADD_EXTRA_DISTRICT', 'Amount', 1
-- from Features where NaturalWonder = 1;

-- LB 大仙点
insert or replace into Modifiers
	(ModifierId, ModifierType, SubjectRequirementSetId, Permanent, SubjectStackLimit)
select
	'TRAIT_' || FeatureType || '_ADD_PROPHET_POINT', 'MODIFIER_PLAYER_DISTRICTS_ADJUST_GREAT_PERSON_POINTS', 'HD_PLOT_HAS_BUILDING_EL_ESCORIAL_PALACE_REQUIREMENTS', 1,	1
from Features where NaturalWonder = 1;

insert or replace into ModifierArguments
	(ModifierId, Name, Value)
select
	'TRAIT_' || FeatureType || '_ADD_PROPHET_POINT', 'GreatPersonClassType', 'GREAT_PERSON_CLASS_PROPHET'
from Features where NaturalWonder = 1;

insert or replace into ModifierArguments
	(ModifierId, Name, Value)
select
	'TRAIT_' || FeatureType || '_ADD_PROPHET_POINT', 'Amount', 2
from Features where NaturalWonder = 1;

-- LB 大作点
insert or replace into Modifiers
	(ModifierId, ModifierType, SubjectRequirementSetId, Permanent, SubjectStackLimit)
select
	'TRAIT_' || FeatureType || '_ADD_WRITER_POINT', 'MODIFIER_PLAYER_DISTRICTS_ADJUST_GREAT_PERSON_POINTS', 'HD_PLOT_HAS_BUILDING_EL_ESCORIAL_PALACE_REQUIREMENTS', 1,	1
from Features where NaturalWonder = 1;

insert or replace into ModifierArguments
	(ModifierId, Name, Value)
select
	'TRAIT_' || FeatureType || '_ADD_WRITER_POINT', 'GreatPersonClassType', 'GREAT_PERSON_CLASS_WRITER'
from Features where NaturalWonder = 1;

insert or replace into ModifierArguments
	(ModifierId, Name, Value)
select
	'TRAIT_' || FeatureType || '_ADD_WRITER_POINT', 'Amount', 2
from Features where NaturalWonder = 1;

-- LB 大艺点
insert or replace into Modifiers
	(ModifierId, ModifierType, SubjectRequirementSetId, Permanent, SubjectStackLimit)
select
	'TRAIT_' || FeatureType || '_ADD_ARTIST_POINT', 'MODIFIER_PLAYER_DISTRICTS_ADJUST_GREAT_PERSON_POINTS', 'HD_PLOT_HAS_BUILDING_EL_ESCORIAL_PALACE_REQUIREMENTS', 1,	1
from Features where NaturalWonder = 1;

insert or replace into ModifierArguments
	(ModifierId, Name, Value)
select
	'TRAIT_' || FeatureType || '_ADD_ARTIST_POINT', 'GreatPersonClassType', 'GREAT_PERSON_CLASS_ARTIST'
from Features where NaturalWonder = 1;

insert or replace into ModifierArguments
	(ModifierId, Name, Value)
select
	'TRAIT_' || FeatureType || '_ADD_ARTIST_POINT', 'Amount', 2
from Features where NaturalWonder = 1;

-- LB 巨作产出
insert or replace into BuildingModifiers
	(BuildingType,									ModifierId)
select
	'BUILDING_EL_ESCORIAL_PALACE',	'EL_ESCORIAL_PALACE_' || a.GreatWorkObjectType || '_' || b.YieldType || '_MODIFIER'
from GreatWorkObjectTypes a, Yields b
	where a.GreatWorkObjectType in ('GREATWORKOBJECT_SCULPTURE', 'GREATWORKOBJECT_PORTRAIT', 'GREATWORKOBJECT_LANDSCAPE', 'GREATWORKOBJECT_RELIGIOUS', 'GREATWORKOBJECT_WRITING', 'GREATWORKOBJECT_RELIC')
	and b.YieldType in ('YIELD_FAITH', 'YIELD_CULTURE');

insert or replace into Modifiers
	(ModifierId,																																				ModifierType)
select
	'EL_ESCORIAL_PALACE_' || a.GreatWorkObjectType || '_' || b.YieldType || '_MODIFIER','MODIFIER_SINGLE_CITY_ADJUST_GREATWORK_YIELD'
from GreatWorkObjectTypes a, Yields b
	where a.GreatWorkObjectType in ('GREATWORKOBJECT_SCULPTURE', 'GREATWORKOBJECT_PORTRAIT', 'GREATWORKOBJECT_LANDSCAPE', 'GREATWORKOBJECT_RELIGIOUS', 'GREATWORKOBJECT_WRITING', 'GREATWORKOBJECT_RELIC')
	and b.YieldType in ('YIELD_FAITH', 'YIELD_CULTURE');

insert or replace into ModifierArguments
	(ModifierId,																																				Name,										Value)
select
	'EL_ESCORIAL_PALACE_' || a.GreatWorkObjectType || '_' || b.YieldType || '_MODIFIER','ScalingFactor',				150
from GreatWorkObjectTypes a, Yields b
	where a.GreatWorkObjectType in ('GREATWORKOBJECT_SCULPTURE', 'GREATWORKOBJECT_PORTRAIT', 'GREATWORKOBJECT_LANDSCAPE', 'GREATWORKOBJECT_RELIGIOUS', 'GREATWORKOBJECT_WRITING', 'GREATWORKOBJECT_RELIC')
	and b.YieldType in ('YIELD_FAITH', 'YIELD_CULTURE');

insert or replace into ModifierArguments
	(ModifierId,																																				Name,										Value)
select
	'EL_ESCORIAL_PALACE_' || a.GreatWorkObjectType || '_' || b.YieldType || '_MODIFIER','YieldType',						b.YieldType
from GreatWorkObjectTypes a, Yields b
	where a.GreatWorkObjectType in ('GREATWORKOBJECT_SCULPTURE', 'GREATWORKOBJECT_PORTRAIT', 'GREATWORKOBJECT_LANDSCAPE', 'GREATWORKOBJECT_RELIGIOUS', 'GREATWORKOBJECT_WRITING', 'GREATWORKOBJECT_RELIC')
	and b.YieldType in ('YIELD_FAITH', 'YIELD_CULTURE');

insert or replace into ModifierArguments
	(ModifierId,																																				Name,										Value)
select
	'EL_ESCORIAL_PALACE_' || a.GreatWorkObjectType || '_' || b.YieldType || '_MODIFIER','GreatWorkObjectType',	a.GreatWorkObjectType
from GreatWorkObjectTypes a, Yields b
	where a.GreatWorkObjectType in ('GREATWORKOBJECT_SCULPTURE', 'GREATWORKOBJECT_PORTRAIT', 'GREATWORKOBJECT_LANDSCAPE', 'GREATWORKOBJECT_RELIGIOUS', 'GREATWORKOBJECT_WRITING', 'GREATWORKOBJECT_RELIC')
	and b.YieldType in ('YIELD_FAITH', 'YIELD_CULTURE');

----------------------------------------------------------------------------------------------------------------------------------
-- France
update ModifierArguments set Value = 300 where ModifierId = 'TRAIT_WONDER_DOUBLETOURISM' and Name = 'ScalingFactor';
insert or replace into GlobalParameters
	(Name,																		Value)
values
	('FRANCE_WONDER_GREATPEOPLE_PERCENTAGE',	20),
	('FRANCE_GREATPEOPLE_WONDER_PERCENTAGE',	10);

----------------------------------------------------------------------------------------------------------------------------------
-- 亚历山大
insert or replace into GlobalParameters
	(Name,																Value)
values
	('ALEXANDER_WONDER_PERCENTAGE',				10);

----------------------------------------------------------------------------------------------------------------------------------
--India
--印度
-- update ModifierArguments set Value = 500 where ModifierId = 'TRAIT_ORIGIN_DESTINATION_RELIGIOUS_PRESSURE' and Name = 'Amount';
delete from TraitModifiers where TraitType = 'TRAIT_CIVILIZATION_DHARMA'
	and ModifierId in ('TRAIT_ORIGIN_DESTINATION_RELIGIOUS_PRESSURE', 'TRAIT_AMENITIES_FOR_MIN_FOLLOWERS', 'TRAIT_MISSIONARY_SPREADS');
insert or replace into TraitModifiers 
	(TraitType,					ModifierId)
values
	('TRAIT_CIVILIZATION_DHARMA',	'DHARMA_NONAPPEAL_PLOT_BONUS'),
	('TRAIT_CIVILIZATION_DHARMA',	'DHARMA_NONAPPEAL_CITY_HOLYSITE_BONUS'),
	('TRAIT_CIVILIZATION_DHARMA',	'DHARMA_FAITH_PURCHASE_HOLYSITE_BUILDING'),
	('TRAIT_CIVILIZATION_DHARMA',	'CITY_3_POP_AMENITIE'),
	('TRAIT_CIVILIZATION_DHARMA',	'CITY_7_POP_AMENITIE'),
	('TRAIT_CIVILIZATION_DHARMA',	'CITY_11_POP_AMENITIE'),
	('TRAIT_CIVILIZATION_DHARMA',	'CITY_15_POP_AMENITIE'),
	('TRAIT_CIVILIZATION_DHARMA',	'CITY_19_POP_AMENITIE'),
	('TRAIT_CIVILIZATION_DHARMA',	'CITY_23_POP_AMENITIE'),
	('TRAIT_CIVILIZATION_DHARMA',	'CITY_27_POP_AMENITIE');

insert or replace into Modifiers
	(ModifierId,																	ModifierType,																							SubjectRequirementSetId)
values
	('DHARMA_NONAPPEAL_PLOT_BONUS',								'MODIFIER_PLAYER_ADJUST_PLOT_YIELD',											'HD_RIVER_IMPROVEMENT_APPEAL_LESS_THAN_0'),
	('DHARMA_NONAPPEAL_CITY_HOLYSITE_BONUS',			'MODIFIER_PLAYER_CITIES_ADJUST_DISTRICT_PRODUCTION',			'HD_RIVER_PLOT_APPEAL_LESS_THAN_0'),
	('DHARMA_FAITH_PURCHASE_HOLYSITE_BUILDING',		'MODIFIER_PLAYER_CITIES_ENABLE_BUILDING_FAITH_PURCHASE',	null),
	('CITY_3_POP_AMENITIE',			'MODIFIER_PLAYER_CITIES_ADJUST_TRAIT_AMENITY',		'CITY_HAS_3_POPULATION'),
	('CITY_7_POP_AMENITIE',			'MODIFIER_PLAYER_CITIES_ADJUST_TRAIT_AMENITY',		'CITY_HAS_7_POPULATION'),
	('CITY_11_POP_AMENITIE',		'MODIFIER_PLAYER_CITIES_ADJUST_TRAIT_AMENITY',		'CITY_HAS_11_POPULATION'),
	('CITY_15_POP_AMENITIE',		'MODIFIER_PLAYER_CITIES_ADJUST_TRAIT_AMENITY',		'CITY_HAS_15_POPULATION'),
	('CITY_19_POP_AMENITIE',		'MODIFIER_PLAYER_CITIES_ADJUST_TRAIT_AMENITY',		'CITY_HAS_19_POPULATION'),
	('CITY_23_POP_AMENITIE',		'MODIFIER_PLAYER_CITIES_ADJUST_TRAIT_AMENITY',		'CITY_HAS_23_POPULATION'),
	('CITY_27_POP_AMENITIE',		'MODIFIER_PLAYER_CITIES_ADJUST_TRAIT_AMENITY',		'CITY_HAS_27_POPULATION');

insert or replace into ModifierArguments
	(ModifierId,																	Name,							Value)
values
	('DHARMA_NONAPPEAL_PLOT_BONUS',								'YieldType',			'YIELD_CULTURE,YIELD_FAITH'),
	('DHARMA_NONAPPEAL_PLOT_BONUS',								'Amount',					'1,1'),
	('DHARMA_NONAPPEAL_CITY_HOLYSITE_BONUS',			'DistrictType',		'DISTRICT_HOLY_SITE'),
	('DHARMA_NONAPPEAL_CITY_HOLYSITE_BONUS',			'Amount',					100),
	('DHARMA_FAITH_PURCHASE_HOLYSITE_BUILDING',		'DistrictType',		'DISTRICT_HOLY_SITE'),
	('CITY_3_POP_AMENITIE',		'Amount',		1),	
	('CITY_7_POP_AMENITIE',		'Amount',		1),	
	('CITY_11_POP_AMENITIE',	'Amount',		1),	
	('CITY_15_POP_AMENITIE',	'Amount',		1),	
	('CITY_19_POP_AMENITIE',	'Amount',		1),	
	('CITY_23_POP_AMENITIE',	'Amount',		1),	
	('CITY_27_POP_AMENITIE',	'Amount',		1);

---------------------------------------------------------------------------------------------------------------------------------
--Gandhi
insert or replace into TraitModifiers 
	(TraitType,					ModifierId)
values
	-- ('TRAIT_LEADER_SATYAGRAHA',	'PEACE_ADDGROWTH'),
	('TRAIT_LEADER_SATYAGRAHA',	'PEACE_ADDFOOD'),
	('TRAIT_LEADER_SATYAGRAHA',	'PEACE_ADDFAITH');
	-- ('TRAIT_LEADER_SATYAGRAHA',	'PEACE_ADDAMENITY');

insert or replace into Modifiers
	(ModifierId,				ModifierType,											SubjectRequirementSetId)
values
	-- ('PEACE_ADDGROWTH',			'MODIFIER_PLAYER_CITIES_ADJUST_CITY_GROWTH',			'PLAYER_IS_AT_PEACE_WITH_ALL_MAJORS'),
	('PEACE_ADDFOOD',				'MODIFIER_PLAYER_CITIES_ADJUST_CITY_YIELD_MODIFIER',	'PLAYER_IS_AT_PEACE_WITH_ALL_MAJORS'),
	('PEACE_ADDFAITH',			'MODIFIER_PLAYER_CITIES_ADJUST_CITY_YIELD_MODIFIER',	'PLAYER_IS_AT_PEACE_WITH_ALL_MAJORS');
	-- ('PEACE_ADDAMENITY',		'MODIFIER_PLAYER_CITIES_ADJUST_TRAIT_AMENITY',			'PLAYER_IS_AT_PEACE_WITH_ALL_MAJORS');

insert or replace into ModifierArguments
	(ModifierId,				Name,			Value)
values
	-- ('PEACE_ADDGROWTH',			'Amount',		15),
	('PEACE_ADDFOOD',			'YieldType',	'YIELD_FOOD'),
	('PEACE_ADDFOOD',			'Amount',		15),
	('PEACE_ADDFAITH',			'YieldType',	'YIELD_FAITH'),
	('PEACE_ADDFAITH',			'Amount',		15);
	-- ('PEACE_ADDAMENITY',		'Amount',		1);
-------------------------------------------------------------------------------------------------
-- Cree
insert or replace into TraitModifiers
	(TraitType,										ModifierId)
values
	('TRAIT_CIVILIZATION_CREE_TRADE_GAIN_TILES',	'TRAIT_STATE_WORKFORCE_TRADE_ROUTE'),
	('TRAIT_CIVILIZATION_CREE_TRADE_GAIN_TILES',	'TRAIT_STATE_WORKFORCE_ADD_TRADER');

insert or replace into Modifiers
	(ModifierId,							ModifierType,									OwnerRequirementSetId,						SubjectRequirementSetId)
values
	('TRAIT_STATE_WORKFORCE_TRADE_ROUTE',	'MODIFIER_PLAYER_ADJUST_TRADE_ROUTE_CAPACITY',	NULL,										'PLAYER_HAS_STATE_WORKFORCE_AND_CAPITAL'),
	('TRAIT_STATE_WORKFORCE_ADD_TRADER',	'MODIFIER_PLAYER_GRANT_UNIT_IN_CAPITAL',		'PLAYER_HAS_STATE_WORKFORCE_AND_CAPITAL',	NULL);

update Modifiers set RunOnce = 1, Permanent = 1 where ModifierId = 'TRAIT_STATE_WORKFORCE_ADD_TRADER';

insert or replace into ModifierArguments
	(ModifierId,							Name,					Value)
values
	('TRAIT_STATE_WORKFORCE_TRADE_ROUTE',	'Amount',				1),
	('TRAIT_STATE_WORKFORCE_ADD_TRADER',	'UnitType',				'UNIT_TRADER'),
	('TRAIT_STATE_WORKFORCE_ADD_TRADER',	'AllowUniqueOverride',	0),
	('TRAIT_STATE_WORKFORCE_ADD_TRADER',	'Amount',				1);

insert or ignore into RequirementSets
	(RequirementSetId,							RequirementSetType)
values
	('PLAYER_HAS_STATE_WORKFORCE_AND_CAPITAL',	'REQUIREMENTSET_TEST_ALL');

insert or ignore into RequirementSetRequirements
	(RequirementSetId,							RequirementId)
values
	('PLAYER_HAS_STATE_WORKFORCE_AND_CAPITAL',	'REQUIRES_PLAYER_HAS_CIVIC_STATE_WORKFORCE'),
	('PLAYER_HAS_STATE_WORKFORCE_AND_CAPITAL',	'REQUIRES_CAPITAL_CITY');

----------------------------------------------------------------------------------------------------------------------
-- Germany
-- UA: TRAIT_CIVILIZATION_IMPERIAL_FREE_CITIES
-- LA: TRAIT_LEADER_HOLY_ROMAN_EMPEROR
delete from TraitModifiers where TraitType = 'TRAIT_LEADER_HOLY_ROMAN_EMPEROR';
insert or replace into TraitModifiers
	(TraitType,																		ModifierId)
values
	('TRAIT_LEADER_HOLY_ROMAN_EMPEROR',						'HD_HOLY_ROMAN_ENCAMPMENT_DISTRICT_ADJACENCY'),
	('TRAIT_LEADER_HOLY_ROMAN_EMPEROR',						'HD_HOLY_ROMAN_ENCAMPMENT_TO_FAITH'),
	('TRAIT_LEADER_HOLY_ROMAN_EMPEROR',						'HD_HOLY_ROMAN_ENCAMPMENT_RESOURCE_BONUS_ATTACH'),
	('TRAIT_LEADER_HOLY_ROMAN_EMPEROR',						'HD_HOLY_ROMAN_GOVERNOR_FAITH_PURCHASE_LANDUNIT'),
	('TRAIT_LEADER_HOLY_ROMAN_EMPEROR',						'HD_HOLY_ROMAN_MILITARY_GOVERNMENT_SLOT_1'),
	('TRAIT_LEADER_HOLY_ROMAN_EMPEROR',						'HD_HOLY_ROMAN_MILITARY_GOVERNMENT_SLOT_2'),
	('TRAIT_CIVILIZATION_IMPERIAL_FREE_CITIES',		'HD_SCIENCE_BONUS_WITH_SPECILTY_DISTRICT'),
	('TRAIT_CIVILIZATION_IMPERIAL_FREE_CITIES',		'HD_CULTURE_BONUS_WITH_SPECILTY_DISTRICT');

insert or replace into Modifiers
	(ModifierId,																				ModifierType,																												SubjectRequirementSetId)
values
	('HD_HOLY_ROMAN_ENCAMPMENT_DISTRICT_ADJACENCY',			'MODIFIER_PLAYER_CITIES_DISTRICT_ADJACENCY',												NULL),
	('HD_HOLY_ROMAN_ENCAMPMENT_TO_FAITH',								'MODIFIER_PLAYER_DISTRICTS_ADJUST_YIELD_BASED_ON_ADJACENCY_BONUS',	'DISTRICT_IS_DISTRICT_ENCAMPMENT_REQUIREMENTS'),
	('HD_HOLY_ROMAN_ENCAMPMENT_RESOURCE_BONUS_ATTACH',	'MODIFIER_PLAYER_CITIES_ATTACH_MODIFIER',														'REQUIRES_CITY_HAS_DISTRICT_ENCAMPMENT_UDMET'),
	('HD_HOLY_ROMAN_ENCAMPMENT_RESOURCE_BONUS',					'MODIFIER_CITY_PLOT_YIELDS_ADJUST_PLOT_YIELD',											'HD_PLOT_HAS_RESOURCE_REQUIREMENTS'),
	('HD_HOLY_ROMAN_GOVERNOR_FAITH_PURCHASE_LANDUNIT',	'MODIFIER_PLAYER_CITIES_ENABLE_UNIT_FAITH_PURCHASE',								'CITY_HAS_GOVERNOR_REQUIREMENTS'),
	('HD_HOLY_ROMAN_MILITARY_GOVERNMENT_SLOT_1',				'MODIFIER_PLAYER_CULTURE_ADJUST_GOVERNMENT_SLOTS_MODIFIER',					'PLAYER_HAS_CIVIC_EARLY_WARFARE_HD_REQUIREMENTS'),
	('HD_HOLY_ROMAN_MILITARY_GOVERNMENT_SLOT_2',				'MODIFIER_PLAYER_CULTURE_ADJUST_GOVERNMENT_SLOTS_MODIFIER',					'PLAYER_HAS_DISTRICT_ENCAMPMENT_REQUIREMENTS'),
	('HD_SCIENCE_BONUS_WITH_SPECILTY_DISTRICT',					'MODIFIER_PLAYER_CITIES_ADJUST_CITY_YIELD_CHANGE',	'CITY_HAS_1_SPECIALTY_DISTRICT'),
	('HD_CULTURE_BONUS_WITH_SPECILTY_DISTRICT',					'MODIFIER_PLAYER_CITIES_ADJUST_CITY_YIELD_CHANGE',	'CITY_HAS_1_SPECIALTY_DISTRICT');

insert or replace into ModifierArguments
	(ModifierId,																			Name,			Value)
values
	('HD_HOLY_ROMAN_ENCAMPMENT_DISTRICT_ADJACENCY',		'DistrictType',	'DISTRICT_ENCAMPMENT'),
	('HD_HOLY_ROMAN_ENCAMPMENT_DISTRICT_ADJACENCY',		'YieldType',	'YIELD_PRODUCTION'),
	('HD_HOLY_ROMAN_ENCAMPMENT_DISTRICT_ADJACENCY',		'Amount',	1),
	('HD_HOLY_ROMAN_ENCAMPMENT_DISTRICT_ADJACENCY',		'Description',	'LOC_DISTRICT_DISTRICT_1_PRODUCTION'),
	('HD_HOLY_ROMAN_ENCAMPMENT_TO_FAITH',							'YieldTypeToMirror',	'YIELD_PRODUCTION'),
	('HD_HOLY_ROMAN_ENCAMPMENT_TO_FAITH',							'YieldTypeToGrant',	'YIELD_FAITH'),
	('HD_HOLY_ROMAN_ENCAMPMENT_RESOURCE_BONUS_ATTACH','ModifierId',	'HD_HOLY_ROMAN_ENCAMPMENT_RESOURCE_BONUS'),
	('HD_HOLY_ROMAN_ENCAMPMENT_RESOURCE_BONUS',				'YieldType',	'YIELD_PRODUCTION,YIELD_FAITH'),
	('HD_HOLY_ROMAN_ENCAMPMENT_RESOURCE_BONUS',				'Amount',	'1,1'),
	('HD_HOLY_ROMAN_GOVERNOR_FAITH_PURCHASE_LANDUNIT','Tag',	'CLASS_LAND_COMBAT'),
	('HD_HOLY_ROMAN_MILITARY_GOVERNMENT_SLOT_1',			'GovernmentSlotType',	'SLOT_MILITARY'),
	('HD_HOLY_ROMAN_MILITARY_GOVERNMENT_SLOT_2',			'GovernmentSlotType',	'SLOT_MILITARY'),
	('HD_SCIENCE_BONUS_WITH_SPECILTY_DISTRICT',				'YieldType',	'YIELD_SCIENCE'),
	('HD_SCIENCE_BONUS_WITH_SPECILTY_DISTRICT',				'Amount',		1),
	('HD_CULTURE_BONUS_WITH_SPECILTY_DISTRICT',				'YieldType',	'YIELD_CULTURE'),
	('HD_CULTURE_BONUS_WITH_SPECILTY_DISTRICT',				'Amount',		1);

-- =====================================================================================================================================
-- 加拿大
-- =====================================================================================================================================
delete from TraitModifiers where TraitType = 'TRAIT_CIVILIZATION_FACES_OF_PEACE';
delete from TraitModifiers where TraitType = 'TRAIT_LEADER_LAST_BEST_WEST';

insert or replace into TraitModifiers (TraitType, ModifierId) values
	-- UA
	('TRAIT_CIVILIZATION_FACES_OF_PEACE',	'TUNDRA_FARMS'),
	('TRAIT_CIVILIZATION_FACES_OF_PEACE',	'TUNDRA_HILLS_FARMS'),
	('TRAIT_CIVILIZATION_FACES_OF_PEACE',	'TUNDRA_PLOT_COST'),
	('TRAIT_CIVILIZATION_FACES_OF_PEACE',	'TUNDRA_HILLS_PLOT_COST'),
	('TRAIT_CIVILIZATION_FACES_OF_PEACE',	'SNOW_PLOT_COST'),
	('TRAIT_CIVILIZATION_FACES_OF_PEACE',	'SNOW_HILLS_PLOT_COST'),
	('TRAIT_CIVILIZATION_FACES_OF_PEACE',	'FRESH_WATER_TUNDRA_HILL_FARMS'),
	('TRAIT_CIVILIZATION_FACES_OF_PEACE',	'HD_CANADA_IMPROVEMENT_YIELD'),
	-- LA
	('TRAIT_LEADER_LAST_BEST_WEST',	'TRAIT_NO_SUPRISE_WAR_FOR_CANADA'),
	('TRAIT_LEADER_LAST_BEST_WEST',	'PEACE_ADD_CULTURE'),
	('TRAIT_LEADER_LAST_BEST_WEST',	'PEACE_ADD_TOURISM'),
	('TRAIT_LEADER_LAST_BEST_WEST',	'TRAIT_BARBARIAN_CAMP_BUILDER_HD');

insert or replace into Modifiers (ModifierId, ModifierType, SubjectRequirementSetId) values
	('PEACE_ADD_CULTURE',									'MODIFIER_PLAYER_CITIES_ADJUST_CITY_YIELD_MODIFIER',	'PLAYER_IS_AT_PEACE_WITH_ALL_MAJORS'),
	('PEACE_ADD_TOURISM',									'MODIFIER_PLAYER_ADJUST_TOURISM',											'PLAYER_IS_AT_PEACE_WITH_ALL_MAJORS'),
	('TRAIT_BARBARIAN_CAMP_BUILDER_HD',		'MODIFIER_PLAYER_ADJUST_IMPROVEMENT_GOODY_HUT',				NULL),
	('HD_CANADA_IMPROVEMENT_YIELD',				'MODIFIER_PLAYER_ADJUST_PLOT_YIELD',									'HD_CANADA_IMPROVEMENT_REQUIREMENTS');

insert or replace into ModifierArguments (ModifierId, Name, Value) values
	('PEACE_ADD_CULTURE',									'YieldType',								'YIELD_CULTURE'),
	('PEACE_ADD_CULTURE',									'Amount',										15),
	('PEACE_ADD_TOURISM',									'Amount',										25),
	('TRAIT_BARBARIAN_CAMP_BUILDER_HD',		'ImprovementType',					'IMPROVEMENT_BARBARIAN_CAMP'),
	('TRAIT_BARBARIAN_CAMP_BUILDER_HD',		'GoodyHutImprovementType',	'IMPROVEMENT_GOODY_BUILDER'),
	('HD_CANADA_IMPROVEMENT_YIELD',				'YieldType',								'YIELD_FOOD,YIELD_PRODUCTION'),
	('HD_CANADA_IMPROVEMENT_YIELD',				'Amount',										'1,1');

------------------------------------------------------------------------------------------------
-- Korea ability updated
delete from TraitModifiers where ModifierId = 'TRAIT_ADJUST_CITY_CULTURE_PER_GOVERNOR_TITLE_MODIFIER';
delete from TraitModifiers where ModifierId = 'TRAIT_ADJUST_CITY_SCIENCE_PER_GOVERNOR_TITLE_MODIFIER';  
delete from Adjacency_YieldChanges where ID = 'Mine_ScienceSeowonAdjacency';
delete from Adjacency_YieldChanges where ID = 'Farm_FoodSeowonAdjacency';



insert or replace into TraitModifiers
	(TraitType,                             ModifierId)
values
	-- 总督点
	('TRAIT_CIVILIZATION_THREE_KINGDOMS',   'HWARANG_CAPITAL_SEWON_TITLE'),
	('TRAIT_CIVILIZATION_THREE_KINGDOMS',   'HWARANG_CAPITAL_TIER_1_TITLE'),
	('TRAIT_CIVILIZATION_THREE_KINGDOMS',   'HWARANG_CAPITAL_TIER_2_TITLE'),
	('TRAIT_CIVILIZATION_THREE_KINGDOMS',   'HWARANG_CAPITAL_TIER_3_TITLE'),
	('TRAIT_CIVILIZATION_THREE_KINGDOMS',   'HWARANG_CAPITAL_TIER_4_TITLE'),
	-- 总督 Buff
	('TRAIT_LEADER_HWARANG',                'HWARANG_HOUSING'),
	('TRAIT_LEADER_HWARANG',                'HWARANG_LOYALTY'),
	('TRAIT_LEADER_HWARANG',                'HWARANG_LOYALTY_DEBUFF'),
	('TRAIT_LEADER_HWARANG',                'HWARANG_ALL_YIELD_DEBUFF'),
	-- 书院 Buff
	('TRAIT_LEADER_HWARANG',                'HWARANG_TIER_0_DISTRICT_PRODUCTION'),
	('TRAIT_LEADER_HWARANG',                'HWARANG_TIER_0_BUILDING_PRODUCTION'),
	-- 一级建筑 Buff
	('TRAIT_LEADER_HWARANG',                'HWARANG_TIER_1_FOOD_BONUS'),
	('TRAIT_LEADER_HWARANG',                'HWARANG_TIER_1_PRODUCTION_BONUS'),
	-- 四级建筑 Buff
	('TRAIT_LEADER_HWARANG',                'HWARANG_TIER_4_ALL_YIELD_BUFF');
  
	-- 二级建筑 Buff
insert or replace into TraitModifiers (TraitType, ModifierId)
	select 'TRAIT_LEADER_HWARANG', 'HWARANG_TIER_2_' || DistrictType || '_BONUS'
	from DistrictCorrespondingYieldType_HD where HasAdjacency = 1;
insert or replace into Modifiers (ModifierId, ModifierType, SubjectRequirementSetId)
	select 'HWARANG_TIER_2_' || DistrictType || '_BONUS', 'MODIFIER_PLAYER_CITIES_ATTACH_MODIFIER', 'CITY_HAS_DISTRICT_CAMPUS_TIER_2_BUILDING_REQUIREMENTS'
	from DistrictCorrespondingYieldType_HD where HasAdjacency = 1;
insert or replace into ModifierArguments (ModifierId, Name, Value)
	select 'HWARANG_TIER_2_' || DistrictType || '_BONUS', 'ModifierId', 'HWARANG_TIER_2_' || DistrictType || '_BONUS_MODIFIER'
	from DistrictCorrespondingYieldType_HD where HasAdjacency = 1;

insert or replace into Modifiers (ModifierId, ModifierType, SubjectRequirementSetId)
	select 'HWARANG_TIER_2_' || DistrictType || '_BONUS_MODIFIER', 'MODIFIER_CITY_DISTRICTS_ADJUST_YIELD_MODIFIER', 'REQUIRES_DISTRICT_IS_' || DistrictType || '_UDMET'
	from DistrictCorrespondingYieldType_HD where HasAdjacency = 1;
insert or replace into ModifierArguments (ModifierId, Name, Value)
	select 'HWARANG_TIER_2_' || DistrictType || '_BONUS_MODIFIER', 'YieldType', YieldType
	from DistrictCorrespondingYieldType_HD where HasAdjacency = 1;
insert or replace into ModifierArguments (ModifierId, Name, Value)
	select 'HWARANG_TIER_2_' || DistrictType || '_BONUS_MODIFIER', 'Amount', 100
	from DistrictCorrespondingYieldType_HD where HasAdjacency = 1;

	-- 三级建筑 Buff
insert or replace into TraitModifiers (TraitType, ModifierId)
	select 'TRAIT_LEADER_HWARANG', 'HWARANG_TIER_3_POP_' || YieldType from Yields;
insert or replace into Modifiers (ModifierId, ModifierType, SubjectRequirementSetId)
	select 'HWARANG_TIER_3_POP_' || YieldType, 'MODIFIER_PLAYER_CITIES_ADJUST_CITY_YIELD_PER_POPULATION', 'CITY_HAS_DISTRICT_CAMPUS_TIER_3_BUILDING_REQUIREMENTS' from Yields;
insert or replace into ModifierArguments (ModifierId, Name, Value)
	select 'HWARANG_TIER_3_POP_' || YieldType, 'YieldType', YieldType from Yields;
insert or replace into ModifierArguments (ModifierId, Name, Value)
	select 'HWARANG_TIER_3_POP_' || YieldType, 'Amount', 1 from Yields;

	-- 总督点
insert or replace into Modifiers
	(ModifierId,                    		ModifierType)
values
	('HWARANG_CAPITAL_SEWON_TITLE',     'MODIFIER_PLAYER_CAPITAL_CITY_ATTACH_MODIFIER'),
	('HWARANG_CAPITAL_TIER_1_TITLE',    'MODIFIER_PLAYER_CAPITAL_CITY_ATTACH_MODIFIER'),
	('HWARANG_CAPITAL_TIER_2_TITLE',    'MODIFIER_PLAYER_CAPITAL_CITY_ATTACH_MODIFIER'),
	('HWARANG_CAPITAL_TIER_3_TITLE',    'MODIFIER_PLAYER_CAPITAL_CITY_ATTACH_MODIFIER'),
	('HWARANG_CAPITAL_TIER_4_TITLE',    'MODIFIER_PLAYER_CAPITAL_CITY_ATTACH_MODIFIER');

insert or replace into Modifiers
	(ModifierId,                            		ModifierType,                               SubjectRequirementSetId,        													RunOnce,  Permanent)
values
	('HWARANG_CAPITAL_SEWON_TITLE_MODIFIER',    'MODIFIER_PLAYER_ADJUST_GOVERNOR_POINTS',   'CITY_HAS_DISTRICT_SEOWON',       												1,  			1),
	('HWARANG_CAPITAL_TIER_1_TITLE_MODIFIER',   'MODIFIER_PLAYER_ADJUST_GOVERNOR_POINTS',   'CITY_HAS_DISTRICT_CAMPUS_TIER_1_BUILDING_REQUIREMENTS',  1,  			1),
	('HWARANG_CAPITAL_TIER_2_TITLE_MODIFIER',   'MODIFIER_PLAYER_ADJUST_GOVERNOR_POINTS',   'CITY_HAS_DISTRICT_CAMPUS_TIER_2_BUILDING_REQUIREMENTS',  1,  			1),
	('HWARANG_CAPITAL_TIER_3_TITLE_MODIFIER',   'MODIFIER_PLAYER_ADJUST_GOVERNOR_POINTS',   'CITY_HAS_DISTRICT_CAMPUS_TIER_3_BUILDING_REQUIREMENTS',  1,  			1),
	('HWARANG_CAPITAL_TIER_4_TITLE_MODIFIER',   'MODIFIER_PLAYER_ADJUST_GOVERNOR_POINTS',   'CITY_HAS_DISTRICT_CAMPUS_TIER_4_BUILDING_REQUIREMENTS',  1,  			1);

insert or replace into Modifiers
	(ModifierId,                        		ModifierType,                                                       SubjectRequirementSetId)
values
	-- 总督 Buff
	('HWARANG_HOUSING',                 		'MODIFIER_PLAYER_CITIES_ADJUST_POLICY_HOUSING',                     'CITY_HAS_ASSIGNED_GOVERNOR_OR_CAPITAL'),
	('HWARANG_LOYALTY',                 		'MODIFIER_PLAYER_CITIES_ADJUST_IDENTITY_PER_TURN',                  'CITY_HAS_ASSIGNED_GOVERNOR_OR_CAPITAL'),
	('HWARANG_LOYALTY_DEBUFF',          		'MODIFIER_PLAYER_CITIES_ADJUST_IDENTITY_PER_TURN',                  'CITY_HAS_NOT_ASSIGNED_GOVERNOR_AND_NON_CAPITAL'),
	('HWARANG_ALL_YIELD_DEBUFF',            'MODIFIER_PLAYER_CITIES_ADJUST_CITY_YIELD_MODIFIER',                'CITY_HAS_NOT_ASSIGNED_GOVERNOR_AND_NON_CAPITAL'),
	-- 书院 Buff
	('HWARANG_TIER_0_DISTRICT_PRODUCTION',  'MODIFIER_PLAYER_CITIES_ADJUST_ALL_DISTRICTS_PRODUCTION',           'CITY_HAS_DISTRICT_SEOWON'),
	('HWARANG_TIER_0_BUILDING_PRODUCTION',  'MODIFIER_PLAYER_CITIES_ADJUST_ALLBUILDING_PRODUCTION_MODIFIER',    'CITY_HAS_DISTRICT_SEOWON'),
	-- 一级建筑 Buff
	('HWARANG_TIER_1_FOOD_BONUS',           'MODIFIER_PLAYER_CITIES_ADJUST_CITY_YIELD_MODIFIER',                'CITY_HAS_DISTRICT_CAMPUS_TIER_1_BUILDING_REQUIREMENTS'),
	('HWARANG_TIER_1_PRODUCTION_BONUS',     'MODIFIER_PLAYER_CITIES_ADJUST_CITY_YIELD_MODIFIER',                'CITY_HAS_DISTRICT_CAMPUS_TIER_1_BUILDING_REQUIREMENTS'),
	-- 四级建筑 Buff
	('HWARANG_TIER_4_ALL_YIELD_BUFF',       'MODIFIER_PLAYER_CITIES_ADJUST_CITY_YIELD_MODIFIER',                'CITY_HAS_DISTRICT_CAMPUS_TIER_4_BUILDING_REQUIREMENTS');
update Modifiers set OwnerRequirementSetId = 'PLAYER_IS_HUMAN' where ModifierId in ('HWARANG_LOYALTY_DEBUFF', 'HWARANG_ALL_YIELD_DEBUFF');

insert or replace into ModifierArguments
	(ModifierId,                            		Name,           Value)
values
	-- 总督点
	('HWARANG_CAPITAL_SEWON_TITLE',             'ModifierId',   'HWARANG_CAPITAL_SEWON_TITLE_MODIFIER'),
	('HWARANG_CAPITAL_TIER_1_TITLE',            'ModifierId',   'HWARANG_CAPITAL_TIER_1_TITLE_MODIFIER'),
	('HWARANG_CAPITAL_TIER_2_TITLE',            'ModifierId',   'HWARANG_CAPITAL_TIER_2_TITLE_MODIFIER'),
	('HWARANG_CAPITAL_TIER_3_TITLE',            'ModifierId',   'HWARANG_CAPITAL_TIER_3_TITLE_MODIFIER'),
	('HWARANG_CAPITAL_TIER_4_TITLE',            'ModifierId',   'HWARANG_CAPITAL_TIER_4_TITLE_MODIFIER'),
	('HWARANG_CAPITAL_SEWON_TITLE_MODIFIER',    'Delta',        1),
	('HWARANG_CAPITAL_TIER_1_TITLE_MODIFIER',   'Delta',        1),
	('HWARANG_CAPITAL_TIER_2_TITLE_MODIFIER',   'Delta',        1),
	('HWARANG_CAPITAL_TIER_3_TITLE_MODIFIER',   'Delta',        1),
	('HWARANG_CAPITAL_TIER_4_TITLE_MODIFIER',   'Delta',        1),
	-- 总督 Buff
	('HWARANG_HOUSING',                     		'Amount',       5),
	('HWARANG_LOYALTY',                     		'Amount',       20),
	('HWARANG_LOYALTY_DEBUFF',              		'Amount',       -8),
	('HWARANG_ALL_YIELD_DEBUFF',                'YieldType',    'YIELD_PRODUCTION, YIELD_FOOD, YIELD_SCIENCE,YIELD_CULTURE, YIELD_GOLD, YIELD_FAITH'),
	('HWARANG_ALL_YIELD_DEBUFF',                'Amount',       '-50,-50,-50,-50,-50,-50'),
	-- 书院 Buff
	('HWARANG_TIER_0_DISTRICT_PRODUCTION',      'Amount',       25),
	('HWARANG_TIER_0_BUILDING_PRODUCTION',      'IsWonder',     0),
	('HWARANG_TIER_0_BUILDING_PRODUCTION',      'Amount',       25),
	-- 一级建筑 Buff
	('HWARANG_TIER_1_FOOD_BONUS',               'YieldType',    'YIELD_FOOD'),
	('HWARANG_TIER_1_FOOD_BONUS',               'Amount',       15),
	('HWARANG_TIER_1_PRODUCTION_BONUS',         'YieldType',    'YIELD_PRODUCTION'),
	('HWARANG_TIER_1_PRODUCTION_BONUS',         'Amount',       15),
	-- 四级建筑 Buff
	('HWARANG_TIER_4_ALL_YIELD_BUFF',           'YieldType',    'YIELD_PRODUCTION, YIELD_FOOD, YIELD_SCIENCE, YIELD_CULTURE, YIELD_GOLD, YIELD_FAITH'),
	('HWARANG_TIER_4_ALL_YIELD_BUFF',           'Amount',       '10,10,10,10,10,10');

insert or ignore into Requirements
	(RequirementId,                             RequirementType,                        Inverse)
values
	('REQUIRES_CITY_NON_CAPITAL',               'REQUIREMENT_CITY_HAS_BUILDING',        1),
	('REQUIRES_CITY_HAVE_ASSIGNED_GOVERNOR_HD', 'REQUIREMENT_PLOT_PROPERTY_MATCHES',    0),
	('REQUIRES_CITY_NOT_ASSIGNED_GOVERNOR_HD',  'REQUIREMENT_PLOT_PROPERTY_MATCHES',    1);

insert or ignore into RequirementArguments
	(RequirementId,                             Name,               Value)
values
	('REQUIRES_CITY_NON_CAPITAL',               'BuildingType',     'BUILDING_PALACE'),
	('REQUIRES_CITY_HAVE_ASSIGNED_GOVERNOR_HD', 'PropertyName',     'HD_HasAssignedGovernor'),
	('REQUIRES_CITY_HAVE_ASSIGNED_GOVERNOR_HD', 'PropertyMinimum',  1),
	('REQUIRES_CITY_NOT_ASSIGNED_GOVERNOR_HD',  'PropertyName',     'HD_HasAssignedGovernor'),
	('REQUIRES_CITY_NOT_ASSIGNED_GOVERNOR_HD',  'PropertyMinimum',  1);

insert or ignore into RequirementSets
	(RequirementSetId,                                  RequirementSetType)
values
	('PALACE_AND_ROYAL_NAVY_DOCKYARD_REQUIREMENTS',		'REQUIREMENTSET_TEST_ALL'),
	('PALACE_AND_HARBOR_TIER_1_REQUIREMENTS',			'REQUIREMENTSET_TEST_ALL'),
	('PALACE_AND_HARBOR_TIER_2_REQUIREMENTS',			'REQUIREMENTSET_TEST_ALL'),
	('PALACE_AND_HARBOR_TIER_3_REQUIREMENTS',			'REQUIREMENTSET_TEST_ALL'),
	('CITY_HAS_ASSIGNED_GOVERNOR_OR_CAPITAL',           'REQUIREMENTSET_TEST_ANY'),
	('CITY_HAS_NOT_ASSIGNED_GOVERNOR_AND_NON_CAPITAL',  'REQUIREMENTSET_TEST_ALL'),
	('CITY_HAS_DISTRICT_SEOWON',                        'REQUIREMENTSET_TEST_ALL');

insert or ignore into RequirementSetRequirements
	(RequirementSetId,                                  RequirementId)
values
	('PALACE_AND_ROYAL_NAVY_DOCKYARD_REQUIREMENTS',		'REQUIRES_CITY_HAS_DISTRICT_ROYAL_NAVY_DOCKYARD'),
	('PALACE_AND_ROYAL_NAVY_DOCKYARD_REQUIREMENTS',		'REQUIRES_CITY_HAS_BUILDING_PALACE'),
	('PALACE_AND_HARBOR_TIER_1_REQUIREMENTS',			'REQUIRES_CITY_HAS_DISTRICT_HARBOR_TIER_1_BUILDING'),
	('PALACE_AND_HARBOR_TIER_1_REQUIREMENTS',			'REQUIRES_CITY_HAS_BUILDING_PALACE'),
	('PALACE_AND_HARBOR_TIER_2_REQUIREMENTS',			'REQUIRES_CITY_HAS_DISTRICT_HARBOR_TIER_2_BUILDING'),
	('PALACE_AND_HARBOR_TIER_2_REQUIREMENTS',			'REQUIRES_CITY_HAS_BUILDING_PALACE'),
	('PALACE_AND_HARBOR_TIER_3_REQUIREMENTS',			'REQUIRES_CITY_HAS_DISTRICT_HARBOR_TIER_3_BUILDING'),
	('PALACE_AND_HARBOR_TIER_3_REQUIREMENTS',			'REQUIRES_CITY_HAS_BUILDING_PALACE'),
	-- 
	('CITY_HAS_ASSIGNED_GOVERNOR_OR_CAPITAL',           'REQUIRES_CITY_HAS_BUILDING_PALACE'),
	('CITY_HAS_ASSIGNED_GOVERNOR_OR_CAPITAL',           'REQUIRES_CITY_HAVE_ASSIGNED_GOVERNOR_HD'),
	('CITY_HAS_NOT_ASSIGNED_GOVERNOR_AND_NON_CAPITAL',  'REQUIRES_CITY_NON_CAPITAL'),
	('CITY_HAS_NOT_ASSIGNED_GOVERNOR_AND_NON_CAPITAL',  'REQUIRES_CITY_NOT_ASSIGNED_GOVERNOR_HD'),
	-- 
	('CITY_HAS_DISTRICT_SEOWON',                        'REQUIRES_CITY_HAS_DISTRICT_SEOWON');

delete from District_ValidTerrains where DistrictType = 'DISTRICT_SEOWON';

----------------------------------------------------------------------------------------------------------------------
-- Phoenicia
-- LA
delete from TraitModifiers where TraitType = 'TRAIT_LEADER_FOUNDER_CARTHAGE' and ModifierId in (
	'TRADE_ROUTE_GOVERNMENT_DISTRICT',
	'TRADE_ROUTE_GOVERNMENT_TIER_1_BUILDING',
	'TRADE_ROUTE_GOVERNMENT_TIER_2_BUILDING',
	'TRADE_ROUTE_GOVERNMENT_TIER_3_BUILDING',
	'PRODUCTION_GOVERNMENT_DISTRICT'
);

-- UA
delete from TraitModifiers where TraitType = 'TRAIT_CIVILIZATION_MEDITERRANEAN_COLONIES' and ModifierId in (
	'TRAIT_COASTAL_CITIES_FULL_LOYALTY',
	'TRAIT_FREE_TECH_BOOST_WRITING'
);

insert or replace into TraitModifiers
	(TraitType,																				ModifierId)
values
	('TRAIT_CIVILIZATION_MEDITERRANEAN_COLONIES',			'HD_MEDITERRANEAN_COLONIES_SETTLER_PRODUCTION'),
	('TRAIT_CIVILIZATION_MEDITERRANEAN_COLONIES',			'HD_MEDITERRANEAN_COLONIES_HOUSING'),
	('TRAIT_LEADER_FOUNDER_CARTHAGE',									'HD_FOUNDER_CARTHAGE_MAX_ALLIANCE_POINTS');

insert or replace into Modifiers
	(ModifierId,                            					ModifierType,														RunOnce, 	Permanent)
values
	('HD_MEDITERRANEAN_COLONIES_CITY_ADD_POP',				'MODIFIER_SINGLE_CITY_ADD_POPULATION',	1,				1);

insert or replace into Modifiers
	(ModifierId,                            					ModifierType,																			SubjectRequirementSetId)
values
	('HD_MEDITERRANEAN_COLONIES_SETTLER_PRODUCTION',	'MODIFIER_PLAYER_CITIES_ADJUST_UNIT_PRODUCTION',	'PLOT_IS_COASTAL_LAND_REQUIREMENTS'),
	('HD_MEDITERRANEAN_COLONIES_HOUSING',							'MODIFIER_PLAYER_CITIES_ADJUST_WATER_HOUSING',		'PLOT_IS_COASTAL_LAND_REQUIREMENTS'),
	('HD_MEDITERRANEAN_COLONIES_ADD_TRADE_ROUTE',			'MODIFIER_PLAYER_ADJUST_TRADE_ROUTE_CAPACITY',		NULL),
	('HD_FOUNDER_CARTHAGE_MAX_ALLIANCE_POINTS',				'MODIFIER_PLAYER_ADJUST_ALLIANCE_POINTS',					NULL),
	('HD_FOUNDER_CARTHAGE_BORDER_EXPANSION',					'MODIFIER_PLAYER_CITIES_CULTURE_BORDER_EXPANSION',NULL);

insert or replace into ModifierArguments
	(ModifierId,                            					Name,           Value)
values
	('HD_MEDITERRANEAN_COLONIES_CITY_ADD_POP',  			'Amount',    		2),
	('HD_MEDITERRANEAN_COLONIES_ADD_TRADE_ROUTE',  		'Amount',    		1),
	('HD_MEDITERRANEAN_COLONIES_SETTLER_PRODUCTION',  'UnitType',    	'UNIT_SETTLER'),
	('HD_MEDITERRANEAN_COLONIES_SETTLER_PRODUCTION',  'Amount',    		100),
	('HD_FOUNDER_CARTHAGE_MAX_ALLIANCE_POINTS',  			'Amount',    		1000),
	('HD_FOUNDER_CARTHAGE_BORDER_EXPANSION',  				'Amount',    		50),
	('HD_MEDITERRANEAN_COLONIES_HOUSING',  						'Amount',    		3);

insert or ignore into TypeTags
	(Type,								Tag)
values
	('ABILITY_MEDITERRANEAN_COLONIES',	'CLASS_SETTLER');

-- UD
delete from DistrictModifiers where DistrictType = 'DISTRICT_COTHON' and ModifierId in (
	'COTHON_NAVAL_UNIT_PRODUCTION', 'COTHON_SETTLER_PRODUCTION'
);
----------------------------------------------------------------------------------------------------------------------
-- Cree
-- LA : add fishing boats
insert or replace into TraitModifiers
	(TraitType,							ModifierId)
values
	('TRAIT_LEADER_ALLIANCE_AND_TRADE',	'POUNDMAKER_TRADE_FOOD_FROM_FISHBOATS'),
	('TRAIT_LEADER_ALLIANCE_AND_TRADE',	'POUNDMAKER_TRADE_GOLD_FROM_FISHBOATS');

insert or replace into Modifiers
    (ModifierId,                            		ModifierType)
values
    ('POUNDMAKER_TRADE_FOOD_FROM_FISHBOATS',		'MODIFIER_PLAYER_ADJUST_TRADE_ROUTE_YIELD_PER_IMPROVEMENT_IN_TARGET'),
    ('POUNDMAKER_TRADE_GOLD_FROM_FISHBOATS',		'MODIFIER_PLAYER_ADJUST_TRADE_ROUTE_YIELD_PER_IMPROVEMENT_IN_TARGET');

insert or replace into ModifierArguments
    (ModifierId,                            	Name,           Value)
values
    ('POUNDMAKER_TRADE_FOOD_FROM_FISHBOATS',  	'YieldType',    	'YIELD_FOOD'),
	('POUNDMAKER_TRADE_FOOD_FROM_FISHBOATS',  	'Amount',    		1),
	('POUNDMAKER_TRADE_FOOD_FROM_FISHBOATS',  	'ImprovementType',	'IMPROVEMENT_FISHING_BOATS'),
	('POUNDMAKER_TRADE_FOOD_FROM_FISHBOATS',  	'Origin',    		1),
    ('POUNDMAKER_TRADE_GOLD_FROM_FISHBOATS',  	'YieldType',    	'YIELD_GOLD'),
	('POUNDMAKER_TRADE_GOLD_FROM_FISHBOATS',  	'Amount',    		1),
	('POUNDMAKER_TRADE_GOLD_FROM_FISHBOATS',  	'ImprovementType',	'IMPROVEMENT_FISHING_BOATS'),
	('POUNDMAKER_TRADE_GOLD_FROM_FISHBOATS',  	'Destination',    	1);

----------------------------------------------------------------------------------------------------------------------

insert or replace into TraitModifiers
	(TraitType,								ModifierId)
values
	('TRAIT_LEADER_SURROUNDED_BY_GLORY',	'ACROPOLIS_DUPLICATE_FIRST_INFLUENCE_TOKEN'),
	('CULTURE_KILLS_TRAIT',					'ACROPOLIS_GRANT_FREE_ANTI_CAVALRY');

insert or replace into Modifiers
	(ModifierId,											ModifierType,												RunOnce,	Permanent,	SubjectRequirementSetId,			SubjectStackLimit)
values
	('ACROPOLIS_DUPLICATE_FIRST_INFLUENCE_TOKEN',			'MODIFIER_PLAYER_DISTRICTS_ATTACH_MODIFIER',				0,			0,			'DISTRICT_IS_DISTRICT_ACROPOLIS',	NULL),
	('ACROPOLIS_DUPLICATE_FIRST_INFLUENCE_TOKEN_MODIFIER',	'MODIFIER_PLAYER_CAPITAL_CITY_ATTACH_MODIFIER',				0,			0,			NULL,								1),
	('ACROPOLIS_DUPLICATE_FIRST_INFLUENCE_TOKEN_MODIFIER1',	'MODIFIER_PLAYER_ADJUST_DUPLICATE_FIRST_INFLUENCE_TOKEN',	0,			0,			NULL,								NULL),
	('ACROPOLIS_GRANT_FREE_ANTI_CAVALRY',					'MODIFIER_PLAYER_DISTRICTS_ATTACH_MODIFIER',				0,			0,			'DISTRICT_IS_DISTRICT_ACROPOLIS',	NULL),
	('ACROPOLIS_GRANT_FREE_ANTI_CAVALRY_MODIFIER',			'MODIFIER_PLAYER_GRANT_UNIT_OF_ABILITY_WITH_MODIFIER',		1,			1,			NULL,								NULL);

insert or replace into ModifierArguments
	(ModifierId,											Name,			Value)
values
	('ACROPOLIS_DUPLICATE_FIRST_INFLUENCE_TOKEN',			'ModifierId',	'ACROPOLIS_DUPLICATE_FIRST_INFLUENCE_TOKEN_MODIFIER'),
	('ACROPOLIS_DUPLICATE_FIRST_INFLUENCE_TOKEN_MODIFIER',	'ModifierId',	'ACROPOLIS_DUPLICATE_FIRST_INFLUENCE_TOKEN_MODIFIER1'),
	('ACROPOLIS_DUPLICATE_FIRST_INFLUENCE_TOKEN_MODIFIER1',	'Amount',		1),
	('ACROPOLIS_GRANT_FREE_ANTI_CAVALRY',					'ModifierId',	'ACROPOLIS_GRANT_FREE_ANTI_CAVALRY_MODIFIER'),
	('ACROPOLIS_GRANT_FREE_ANTI_CAVALRY_MODIFIER',			'UnitPromotionClassType',	'PROMOTION_CLASS_ANTI_CAVALRY');

insert or replace into RequirementSetRequirements
    (RequirementSetId,              	RequirementId)
values
    ('DISTRICT_IS_DISTRICT_ACROPOLIS',  'REQUIRES_DISTRICT_IS_DISTRICT_ACROPOLIS');

insert or replace into RequirementSets
    (RequirementSetId,                  RequirementSetType)
values
    ('DISTRICT_IS_DISTRICT_ACROPOLIS',	'REQUIREMENTSET_TEST_ALL');
--------------------------------------------------------------------------
--Catherine De Medici alt 寻欢作乐额外文化

--------------------------------------------------------------------------
--Catherine De Medici 黑王后额外视野
-- delete from TraitModifiers where TraitType = 'FLYING_SQUADRON_TRAIT' and ModifierId = 'UNIQUE_LEADER_SPIES_START_PROMOTED';
insert or replace into TraitModifiers
	(TraitType,								ModifierId)
values
	('FLYING_SQUADRON_TRAIT',				'SPY_BONUS_SIGHT');

insert or replace into Modifiers
	(ModifierId,							ModifierType,					Permanent)
values
	('SPY_BONUS_SIGHT',			'MODIFIER_PLAYER_UNITS_GRANT_ABILITY',		1);

insert or replace into ModifierArguments
	(ModifierId,							Name,			Value)
values
	('SPY_BONUS_SIGHT',			 			'AbilityType',	'ABILITY_SPY_BONUS_SIGHT');
--

insert or replace into TraitModifiers
	(TraitType,								ModifierId)
values
	('FLYING_SQUADRON_TRAIT',				'CIVILIAN_AND_RECON_BONUS_SIGHT');

insert or replace into Modifiers
	(ModifierId,							ModifierType,								Permanent)
values
	('CIVILIAN_AND_RECON_BONUS_SIGHT',		'MODIFIER_PLAYER_UNITS_GRANT_ABILITY',		1);

insert or replace into ModifierArguments
	(ModifierId,							Name,			Value)
values
	('CIVILIAN_AND_RECON_BONUS_SIGHT',	    'AbilityType',	'ABILITY_CIVILIAN_AND_RECON_BONUS_SIGHT');	

------------------------------------------------------------------------------------------------
--Catherine De Medici 黑王后额外间谍

insert or replace into TraitModifiers
	(TraitType,										ModifierId)
values
	('FLYING_SQUADRON_TRAIT',						'TRAIT_POLITICAL_PHILOSOPHY_SPY_CAPACITY'),
	('FLYING_SQUADRON_TRAIT',						'TRAIT_POLITICAL_PHILOSOPHY_ADD_SPY'),
	('FLYING_SQUADRON_TRAIT',						'TRAIT_DEFENSIVE_TACTICS_SPY_CAPACITY'),
	('FLYING_SQUADRON_TRAIT',						'TRAIT_DEFENSIVE_TACTICS_ADD_SPY');
insert or replace into Modifiers
	(ModifierId,								ModifierType,								OwnerRequirementSetId,									SubjectRequirementSetId)
values
	('TRAIT_POLITICAL_PHILOSOPHY_SPY_CAPACITY',	'MODIFIER_PLAYER_GRANT_SPY',				'PLAYER_HAS_CIVIC_POLITICAL_PHILOSOPHY_REQUIREMENTS',	NULL),
	('TRAIT_POLITICAL_PHILOSOPHY_ADD_SPY',		'MODIFIER_PLAYER_GRANT_UNIT_IN_CAPITAL',	'PLAYER_HAS_CIVIC_POLITICAL_PHILOSOPHY_REQUIREMENTS',	NULL),
	('TRAIT_DEFENSIVE_TACTICS_SPY_CAPACITY',	'MODIFIER_PLAYER_GRANT_SPY',				'PLAYER_HAS_CIVIC_DEFENSIVE_TACTICS_REQUIREMENTS',		NULL),
	('TRAIT_DEFENSIVE_TACTICS_ADD_SPY',			'MODIFIER_PLAYER_GRANT_UNIT_IN_CAPITAL',	'PLAYER_HAS_CIVIC_DEFENSIVE_TACTICS_REQUIREMENTS',		NULL);

update Modifiers set RunOnce = 1, Permanent = 1 where ModifierId = 'TRAIT_POLITICAL_PHILOSOPHY_SPY_CAPACITY';

insert or replace into ModifierArguments
	(ModifierId,									Name,					Value)
values
	('TRAIT_POLITICAL_PHILOSOPHY_SPY_CAPACITY',		'Amount',				1),
	('TRAIT_POLITICAL_PHILOSOPHY_ADD_SPY',			'UnitType',				'UNIT_SPY'),
	('TRAIT_POLITICAL_PHILOSOPHY_ADD_SPY',			'Amount',				1),
	('TRAIT_DEFENSIVE_TACTICS_SPY_CAPACITY',		'Amount',				1),
	('TRAIT_DEFENSIVE_TACTICS_ADD_SPY',				'UnitType',				'UNIT_SPY'),
	('TRAIT_DEFENSIVE_TACTICS_ADD_SPY',				'Amount',				1);


------------------------------------------------------------------------------------------------------------
-- Ikanda bug in captured cities 
-- delete from TraitModifiers where ModifierId like 'TRAIT_IKANDA_%';

--insert or ignore into DistrictModifiers	(DistrictType,	ModifierId)
--select	'DISTRICT_IKANDA',	'TRAIT_IKANDA_' || BuildingType || '_GOLD' from Buildings 
--where PrereqDistrict = 'DISTRICT_ENCAMPMENT' and BuildingType != 'BUILDING_BASILIKOI_PAIDES' and BuildingType != 'BUILDING_ORDU';

--insert or ignore into DistrictModifiers	(DistrictType,	ModifierId)
--select	'DISTRICT_IKANDA',	'TRAIT_IKANDA_' || BuildingType || '_SCIENCE' from Buildings 
--where PrereqDistrict = 'DISTRICT_ENCAMPMENT' and BuildingType != 'BUILDING_BASILIKOI_PAIDES' and BuildingType != 'BUILDING_ORDU';

--insert or replace into Modifiers	(ModifierId,	ModifierType,	SubjectRequirementSetId)
--select	'TRAIT_IKANDA_' || BuildingType || '_GOLD',	'MODIFIER_SINGLE_CITY_ADJUST_YIELD_CHANGE',	'CITY_HAS_' || BuildingType from Buildings 
--where PrereqDistrict = 'DISTRICT_ENCAMPMENT' and BuildingType != 'BUILDING_BASILIKOI_PAIDES' and BuildingType != 'BUILDING_ORDU';

--insert or replace into Modifiers	(ModifierId,	ModifierType,	SubjectRequirementSetId)
--select	'TRAIT_IKANDA_' || BuildingType || '_SCIENCE',	'MODIFIER_SINGLE_CITY_ADJUST_YIELD_CHANGE',	'CITY_HAS_' || BuildingType from Buildings 
--where PrereqDistrict = 'DISTRICT_ENCAMPMENT' and BuildingType != 'BUILDING_BASILIKOI_PAIDES' and BuildingType != 'BUILDING_ORDU';

--insert or replace into ModifierArguments	(ModifierId,	Name,	Value)
--select	'TRAIT_IKANDA_' || BuildingType || '_GOLD',	'YieldType',	'YIELD_GOLD' from Buildings 
--where PrereqDistrict = 'DISTRICT_ENCAMPMENT' and BuildingType != 'BUILDING_BASILIKOI_PAIDES' and BuildingType != 'BUILDING_ORDU';

--insert or replace into ModifierArguments	(ModifierId,	Name,	Value)
--select	'TRAIT_IKANDA_' || BuildingType || '_GOLD',	'Amount',	2 from Buildings 
--where PrereqDistrict = 'DISTRICT_ENCAMPMENT' and BuildingType != 'BUILDING_BASILIKOI_PAIDES' and BuildingType != 'BUILDING_ORDU';

--insert or replace into ModifierArguments	(ModifierId,	Name,	Value)
--select	'TRAIT_IKANDA_' || BuildingType || '_SCIENCE',	'YieldType',	'YIELD_SCIENCE' from Buildings 
--where PrereqDistrict = 'DISTRICT_ENCAMPMENT' and BuildingType != 'BUILDING_BASILIKOI_PAIDES' and BuildingType != 'BUILDING_ORDU';

--insert or replace into ModifierArguments	(ModifierId,	Name,	Value)
--select	'TRAIT_IKANDA_' || BuildingType || '_SCIENCE',	'Amount',	1 from Buildings 
--where PrereqDistrict = 'DISTRICT_ENCAMPMENT' and BuildingType != 'BUILDING_BASILIKOI_PAIDES' and BuildingType != 'BUILDING_ORDU';

--insert or replace into RequirementSets	(RequirementSetId,	RequirementSetType)
--select	'CITY_HAS_' || BuildingType, 'REQUIREMENTSET_TEST_ALL' from Buildings 
--where PrereqDistrict = 'DISTRICT_ENCAMPMENT' and BuildingType != 'BUILDING_BASILIKOI_PAIDES' and BuildingType != 'BUILDING_ORDU';

--insert or replace into RequirementSetRequirements	(RequirementSetId,	RequirementId)
--select	'CITY_HAS_' || BuildingType, 'REQUIRES_CITY_HAS_' || BuildingType	from Buildings 
--where PrereqDistrict = 'DISTRICT_ENCAMPMENT' and BuildingType != 'BUILDING_BASILIKOI_PAIDES' and BuildingType != 'BUILDING_ORDU';

------------------------------------------------------------------------------------------------
-- America
insert or ignore into Types
	(Type,																		Kind)
values
	('MODIFIER_PLAYER_CITIES_CULTURE_BORDER_EXPANSION',			    			'KIND_MODIFIER');
insert or ignore into DynamicModifiers
	(ModifierType,																CollectionType,						EffectType)
values
	('MODIFIER_PLAYER_CITIES_CULTURE_BORDER_EXPANSION',							'COLLECTION_PLAYER_CITIES',			'EFFECT_ADJUST_CITY_CULTURE_BORDER_EXPANSION');
insert or replace into Modifiers
	(ModifierId,							ModifierType)
values
	('HD_AMERICA_PROPERTY',					'MODIFIER_PLAYER_ADJUST_PROPERTY'),
	('HD_AMERICA_CULTUREBORDER',			'MODIFIER_PLAYER_CITIES_CULTURE_BORDER_EXPANSION'),
	('HD_AMERICA_PLAIN_PURCHASE',			'MODIFIER_PLAYER_CITIES_ADJUST_PLOT_PURCHASE_COST_TERRAIN'),
	('HD_AMERICA_PLAIN_HILLS_PURCHASE',		'MODIFIER_PLAYER_CITIES_ADJUST_PLOT_PURCHASE_COST_TERRAIN'),
	('HD_AMERICA_GRASS_PURCHASE',			'MODIFIER_PLAYER_CITIES_ADJUST_PLOT_PURCHASE_COST_TERRAIN'),
	('HD_AMERICA_GRASS_HILLS_PURCHASE',		'MODIFIER_PLAYER_CITIES_ADJUST_PLOT_PURCHASE_COST_TERRAIN');

insert or replace into ModifierArguments
	(ModifierId,							Name,					Value)
values
	('HD_AMERICA_PROPERTY',					'Key',					'AmericaProperty'),
	('HD_AMERICA_PROPERTY',					'Amount',				'1'),
	('HD_AMERICA_CULTUREBORDER',			'Amount',				100),
	('HD_AMERICA_PLAIN_PURCHASE',			'TerrainType',			'TERRAIN_PLAINS'),
	('HD_AMERICA_PLAIN_PURCHASE',			'Amount',				-50),
	('HD_AMERICA_PLAIN_HILLS_PURCHASE',		'TerrainType',			'TERRAIN_PLAINS_HILLS'),
	('HD_AMERICA_PLAIN_HILLS_PURCHASE',		'Amount',				-50),
	('HD_AMERICA_GRASS_PURCHASE',			'TerrainType',			'TERRAIN_GRASS'),
	('HD_AMERICA_GRASS_PURCHASE',			'Amount',				-50),
	('HD_AMERICA_GRASS_HILLS_PURCHASE',		'TerrainType',			'TERRAIN_GRASS_HILLS'),
	('HD_AMERICA_GRASS_HILLS_PURCHASE',		'Amount',				-50);

insert or replace into TraitModifiers
	(TraitType,								ModifierId)
values
	('TRAIT_CIVILIZATION_FOUNDING_FATHERS',	'HD_AMERICA_PROPERTY'),
	('TRAIT_CIVILIZATION_FOUNDING_FATHERS',	'HD_AMERICA_CULTUREBORDER');
	-- ('TRAIT_CIVILIZATION_FOUNDING_FATHERS',	'HD_AMERICA_PLAIN_PURCHASE'),
	-- ('TRAIT_CIVILIZATION_FOUNDING_FATHERS',	'HD_AMERICA_PLAIN_HILLS_PURCHASE'),
	-- ('TRAIT_CIVILIZATION_FOUNDING_FATHERS',	'HD_AMERICA_GRASS_PURCHASE'),
	-- ('TRAIT_CIVILIZATION_FOUNDING_FATHERS',	'HD_AMERICA_GRASS_HILLS_PURCHASE');
delete from TraitModifiers where TraitType = 'TRAIT_CIVILIZATION_FOUNDING_FATHERS' and ModifierId = 'TRAIT_ALL_DIPLO_POLICY_ARE_WILDCARDS';
delete from TraitModifiers where TraitType = 'TRAIT_CIVILIZATION_FOUNDING_FATHERS' and ModifierId = 'TRAIT_WILD_CARD_FAVOR';

-- Netherlands la

delete from TraitModifiers where TraitType = 'TRAIT_CIVILIZATION_GROTE_RIVIEREN' and ModifierId = 'TRAIT_CAMPUS_RIVER_ADJACENCY';
delete from TraitModifiers where TraitType = 'TRAIT_CIVILIZATION_GROTE_RIVIEREN' and ModifierId = 'TRAIT_INDUSTRIAL_ZONE_RIVER_ADJACENCY';
delete from TraitModifiers where TraitType = 'TRAIT_CIVILIZATION_GROTE_RIVIEREN' and ModifierId = 'TRAIT_THEATER_DISTRICT_RIVER_ADJACENCY';
delete from TraitModifiers where TraitType = 'TRAIT_RADIO_ORANJE';
delete from TraitModifiers where TraitType = 'TRAIT_CIVILIZATION_GROTE_RIVIEREN' and ModifierId = 'TRAIT_HARBOR_CULTURE_BOMB';
insert or replace into TraitModifiers
	(TraitType, 								ModifierId)
values
	('TRAIT_RADIO_ORANJE',						'TRAIT_SHIPYARD_TRADE_ROUTE'),
	('TRAIT_RADIO_ORANJE',						'TRAIT_INTERNATIONAL_TRADE_GAIN_SCIENCE'),
	('TRAIT_RADIO_ORANJE',						'TRAIT_INCOMING_TRADE_GAIN_SCIENCE'),
	('TRAIT_RADIO_ORANJE',						'TRAIT_INTERNATIONAL_TRADE_GAIN_SCIENCE_DARK'),
	('TRAIT_RADIO_ORANJE',						'TRAIT_INCOMING_TRADE_GAIN_SCIENCE_DARK'),
	('TRAIT_CIVILIZATION_GROTE_RIVIEREN',		'POLDER_HARBOR_TIER_1_BUILDING_ATTACH'),
	('TRAIT_CIVILIZATION_GROTE_RIVIEREN',		'POLDER_HARBOR_TIER_2_BUILDING_ATTACH'),
	('TRAIT_CIVILIZATION_GROTE_RIVIEREN',		'POLDER_HARBOR_TIER_3_BUILDING_ATTACH'),
	('TRAIT_CIVILIZATION_GROTE_RIVIEREN',		'LAND_POLDER_COMMERCIAL_HUB_TIER_1_BUILDING_ATTACH'),
	('TRAIT_CIVILIZATION_GROTE_RIVIEREN',		'LAND_POLDER_COMMERCIAL_HUB_TIER_2_BUILDING_ATTACH'),
	('TRAIT_CIVILIZATION_GROTE_RIVIEREN',		'LAND_POLDER_COMMERCIAL_HUB_TIER_3_BUILDING_ATTACH'),
	('TRAIT_CIVILIZATION_GROTE_RIVIEREN',		'LAND_POLDER_COMMERCIAL_HUB_TIER_4_BUILDING_ATTACH');

insert or replace into Modifiers
	(ModifierId, 										ModifierType, 													SubjectRequirementSetId)
values
	('TRAIT_SHIPYARD_TRADE_ROUTE',							'MODIFIER_PLAYER_CITIES_ATTACH_MODIFIER',						NULL),
	('TRAIT_SHIPYARD_TRADE_ROUTE_MODIFIER',					'MODIFIER_PLAYER_ADJUST_TRADE_ROUTE_CAPACITY',					'BUILDING_IS_SHIPYARD'),
	('TRAIT_INTERNATIONAL_TRADE_GAIN_SCIENCE',				'MODIFIER_PLAYER_ADJUST_TRADE_ROUTE_YIELD_FOR_INTERNATIONAL',	NULL),
	('TRAIT_INCOMING_TRADE_GAIN_SCIENCE',					'MODIFIER_PLAYER_CITIES_ADJUST_TRADE_ROUTE_YIELD_FROM_OTHERS',	NULL),
	('TRAIT_INTERNATIONAL_TRADE_GAIN_SCIENCE_DARK',			'MODIFIER_PLAYER_ADJUST_TRADE_ROUTE_YIELD_FOR_INTERNATIONAL',	'PLAYER_HAS_DARK_AGE'),
	('TRAIT_INCOMING_TRADE_GAIN_SCIENCE_DARK',				'MODIFIER_PLAYER_CITIES_ADJUST_TRADE_ROUTE_YIELD_FROM_OTHERS',	'PLAYER_HAS_DARK_AGE'),
	('POLDER_HARBOR_TIER_1_BUILDING_ATTACH',				'MODIFIER_PLAYER_CITIES_ATTACH_MODIFIER',						'CITY_HAS_DISTRICT_HARBOR_TIER_1_BUILDING_REQUIREMENTS'),
	('POLDER_HARBOR_TIER_2_BUILDING_ATTACH',				'MODIFIER_PLAYER_CITIES_ATTACH_MODIFIER',						'CITY_HAS_DISTRICT_HARBOR_TIER_2_BUILDING_REQUIREMENTS'),
	('POLDER_HARBOR_TIER_3_BUILDING_ATTACH',				'MODIFIER_PLAYER_CITIES_ATTACH_MODIFIER',						'CITY_HAS_DISTRICT_HARBOR_TIER_3_BUILDING_REQUIREMENTS'),
	('POLDER_PRODUCTION',									'MODIFIER_CITY_PLOT_YIELDS_ADJUST_PLOT_YIELD',					'PLOT_HAS_IMPROVEMENT_POLDER_REQUIREMENTS'),
	('LAND_POLDER_COMMERCIAL_HUB_TIER_1_BUILDING_ATTACH',	'MODIFIER_PLAYER_CITIES_ATTACH_MODIFIER',						'CITY_HAS_DISTRICT_COMMERCIAL_HUB_TIER_1_BUILDING_REQUIREMENTS'),
	('LAND_POLDER_COMMERCIAL_HUB_TIER_2_BUILDING_ATTACH',	'MODIFIER_PLAYER_CITIES_ATTACH_MODIFIER',						'CITY_HAS_DISTRICT_COMMERCIAL_HUB_TIER_2_BUILDING_REQUIREMENTS'),
	('LAND_POLDER_COMMERCIAL_HUB_TIER_3_BUILDING_ATTACH',	'MODIFIER_PLAYER_CITIES_ATTACH_MODIFIER',						'CITY_HAS_DISTRICT_COMMERCIAL_HUB_TIER_3_BUILDING_REQUIREMENTS'),
	('LAND_POLDER_COMMERCIAL_HUB_TIER_4_BUILDING_ATTACH',	'MODIFIER_PLAYER_CITIES_ATTACH_MODIFIER',						'CITY_HAS_DISTRICT_COMMERCIAL_HUB_TIER_4_BUILDING_REQUIREMENTS'),
	('LAND_POLDER_PRODUCTION',								'MODIFIER_CITY_PLOT_YIELDS_ADJUST_PLOT_YIELD',					'PLOT_HAS_IMPROVEMENT_LAND_POLDER_REQUIREMENTS');

insert or replace into Modifiers
	(ModifierId, 				ModifierType,									RunOnce)
values
	('HD_CONSTRUCTION_BOOST',	'MODIFIER_PLAYER_GRANT_SPECIFIC_TECH_BOOST',	1);

insert or replace into ModifierArguments
	(ModifierId,											Name,				Value)
values
	('TRAIT_SHIPYARD_TRADE_ROUTE',							'ModifierId',		'TRAIT_SHIPYARD_TRADE_ROUTE_MODIFIER'),
	('TRAIT_SHIPYARD_TRADE_ROUTE_MODIFIER', 				'Amount',			1),
	('TRAIT_INTERNATIONAL_TRADE_GAIN_SCIENCE',				'YieldType',		'YIELD_SCIENCE'),
	('TRAIT_INTERNATIONAL_TRADE_GAIN_SCIENCE',				'Amount',			2),
	('TRAIT_INTERNATIONAL_TRADE_GAIN_SCIENCE',				'Intercontinental',	0),
	('TRAIT_INCOMING_TRADE_GAIN_SCIENCE',					'YieldType',		'YIELD_SCIENCE'),
	('TRAIT_INCOMING_TRADE_GAIN_SCIENCE',					'Amount',			2),
	('TRAIT_INTERNATIONAL_TRADE_GAIN_SCIENCE_DARK',			'YieldType',		'YIELD_SCIENCE'),
	('TRAIT_INTERNATIONAL_TRADE_GAIN_SCIENCE_DARK',			'Amount',			2),
	('TRAIT_INTERNATIONAL_TRADE_GAIN_SCIENCE_DARK',			'Intercontinental',	0),
	('TRAIT_INCOMING_TRADE_GAIN_SCIENCE_DARK',				'YieldType',		'YIELD_SCIENCE'),
	('TRAIT_INCOMING_TRADE_GAIN_SCIENCE_DARK',				'Amount',			2),
	('POLDER_HARBOR_TIER_1_BUILDING_ATTACH',				'ModifierId',		'POLDER_PRODUCTION'),
	('POLDER_HARBOR_TIER_2_BUILDING_ATTACH',				'ModifierId',		'POLDER_PRODUCTION'),
	('POLDER_HARBOR_TIER_3_BUILDING_ATTACH',				'ModifierId',		'POLDER_PRODUCTION'),
	('POLDER_PRODUCTION',									'YieldType',		'YIELD_PRODUCTION,YIELD_GOLD'),
	('POLDER_PRODUCTION',									'Amount',			'1,2'),
	('LAND_POLDER_COMMERCIAL_HUB_TIER_1_BUILDING_ATTACH',	'ModifierId',		'LAND_POLDER_PRODUCTION'),
	('LAND_POLDER_COMMERCIAL_HUB_TIER_2_BUILDING_ATTACH',	'ModifierId',		'LAND_POLDER_PRODUCTION'),
	('LAND_POLDER_COMMERCIAL_HUB_TIER_3_BUILDING_ATTACH',	'ModifierId',		'LAND_POLDER_PRODUCTION'),
	('LAND_POLDER_COMMERCIAL_HUB_TIER_4_BUILDING_ATTACH',	'ModifierId',		'LAND_POLDER_PRODUCTION'),
	('LAND_POLDER_PRODUCTION',								'YieldType',		'YIELD_PRODUCTION,YIELD_GOLD'),
	('LAND_POLDER_PRODUCTION',								'Amount',			'1,2');

insert or replace into GlobalParameters
	(Name,							Value)
values 
	('NETHERLANDS_EXPLORATION',		1);
-- insert or replace into TraitModifiers
-- 	(TraitType, 								ModifierId)
-- select
-- 	'TRAIT_CIVILIZATION_GROTE_RIVIEREN',		'TRAIT_HARBOR_' || BuildingType || '_PURCHASE_CHEAPER_MODIFIER'
-- from Buildings where PrereqDistrict = 'DISTRICT_HARBOR';

-- insert or replace into Modifiers
-- 	(ModifierId,																ModifierType,											SubjectRequirementSetId)
-- select
-- 	'TRAIT_HARBOR_' || BuildingType || '_PURCHASE_CHEAPER_MODIFIER',			'MODIFIER_PLAYER_CITIES_ADJUST_BUILDING_PURCHASE_COST',	NULL
-- from Buildings where PrereqDistrict = 'DISTRICT_HARBOR';

-- insert or replace into ModifierArguments
-- 	(ModifierId,																Name,					Value)
-- select
-- 	'TRAIT_HARBOR_' || BuildingType || '_PURCHASE_CHEAPER_MODIFIER',			'BuildingType',			BuildingType
-- from Buildings where PrereqDistrict = 'DISTRICT_HARBOR';


    insert or replace into ModifierArguments
	    (ModifierId,					            				Name,				Value)
    values
	  	--('POLDER_HARBOR_ATTACH',	                				'ModifierId',		'POLDER_PRODUCTION'),
        ('POLDER_HARBOR_TIER_1_BUILDING_ATTACH',					'ModifierId',		'POLDER_PRODUCTION'),
	    ('POLDER_HARBOR_TIER_2_BUILDING_ATTACH',					'ModifierId',		'POLDER_PRODUCTION'),
        ('POLDER_HARBOR_TIER_3_BUILDING_ATTACH',					'ModifierId',		'POLDER_PRODUCTION'),
	    ('POLDER_PRODUCTION',			            				'YieldType',		'YIELD_PRODUCTION,YIELD_GOLD'),
	    ('POLDER_PRODUCTION',			            				'Amount',			'1,2'),
		--('LAND_POLDER_COMMERCIAL_HUB_ATTACH',	                	'ModifierId',		'LAND_POLDER_PRODUCTION'),
        ('LAND_POLDER_COMMERCIAL_HUB_TIER_1_BUILDING_ATTACH',		'ModifierId',		'LAND_POLDER_PRODUCTION'),
	    ('LAND_POLDER_COMMERCIAL_HUB_TIER_2_BUILDING_ATTACH',		'ModifierId',		'LAND_POLDER_PRODUCTION'),
        ('LAND_POLDER_COMMERCIAL_HUB_TIER_3_BUILDING_ATTACH',		'ModifierId',		'LAND_POLDER_PRODUCTION'),
	    ('LAND_POLDER_PRODUCTION',			            			'YieldType',		'YIELD_PRODUCTION,YIELD_GOLD'),
	    ('LAND_POLDER_PRODUCTION',			            			'Amount',			'1,2');
		--
		--('NETHERLANDS_HARBOR_PRODUCTION',                     	'DistrictType',     'DISTRICT_HARBOR'),
    	--('NETHERLANDS_HARBOR_PRODUCTION',                     	'Amount',           30),
    	--('NETHERLANDS_HARBOR_BUILDING_PRODUCTION',           		'DistrictType',     'DISTRICT_HARBOR'),
   	 	--('NETHERLANDS_HARBOR_BUILDING_PRODUCTION',            	'Amount',           30),
		--('NETHERLANDS_COMMERCIAL_HUB_PRODUCTION',                 'DistrictType',     'DISTRICT_COMMERCIAL_HUB'),
    	--('NETHERLANDS_COMMERCIAL_HUB_PRODUCTION',                 'Amount',           30),
    	--('NETHERLANDS_COMMERCIAL_HUB_BUILDING_PRODUCTION',        'DistrictType',     'DISTRICT_COMMERCIAL_HUB'),
   	 	--('NETHERLANDS_COMMERCIAL_HUB_BUILDING_PRODUCTION',        'Amount',           30);

	
	insert or replace into RequirementSets
		(RequirementSetId,											RequirementSetType)
	values
		('HD_PLOT_IS_COAST_OR_OCEAN_AND_PLAYER_HAS_CONSTRUCTION',	'REQUIREMENTSET_TEST_ALL'),
		('HD_PLOT_IS_COAST_OR_OCEAN',								'REQUIREMENTSET_TEST_ANY');

	insert or replace into RequirementSetRequirements
		(RequirementSetId,											RequirementId)
	values
		('HD_PLOT_IS_COAST_OR_OCEAN_AND_PLAYER_HAS_CONSTRUCTION',	'REQUIRES_HD_PLOT_IS_COAST_OR_OCEAN'),
		('HD_PLOT_IS_COAST_OR_OCEAN_AND_PLAYER_HAS_CONSTRUCTION',	'HD_REQUIRES_PLAYER_HAS_TECH_CONSTRUCTION'),
		('HD_PLOT_IS_COAST_OR_OCEAN',								'REQUIRES_TERRAIN_COAST'),
		('HD_PLOT_IS_COAST_OR_OCEAN',								'REQUIRES_TERRAIN_OCEAN');


	insert or replace into Requirements
		(RequirementId,								RequirementType)
	VALUES
		('REQUIRES_HD_PLOT_IS_COAST_OR_OCEAN',		'REQUIREMENT_REQUIREMENTSET_IS_MET');
	insert or replace into RequirementArguments
		(RequirementId,								Name,					Value)
	values
		('REQUIRES_HD_PLOT_IS_COAST_OR_OCEAN',		'RequirementSetId',		'HD_PLOT_IS_COAST_OR_OCEAN');


-- Norway
delete from TraitModifiers where ModifierId = 'TRAIT_EARLY_OCEAN_NAVIGATION';
insert or replace into TraitModifiers
	(TraitType,								ModifierId)
values
	('TRAIT_LEADER_MELEE_COASTAL_RAIDS',	'TRAIT_LEADER_PILLAGE_SCIENCE_FARMS'),
	('TRAIT_LEADER_MELEE_COASTAL_RAIDS',	'TRAIT_LEADER_PILLAGE_SCIENCE_LUMBER_MILLS'),
	('TRAIT_LEADER_MELEE_COASTAL_RAIDS',	'TRAIT_LEADER_PILLAGE_MOVEMENT'),
	('TRAIT_LEADER_MELEE_COASTAL_RAIDS',	'TRAIT_LEADER_COASTAL_RAID_MOVEMENT'),
	('TRAIT_LEADER_MELEE_COASTAL_RAIDS',	'TRAIT_EARLY_OCEAN_NAVIGATION'),
	('TRAIT_LEADER_MELEE_COASTAL_RAIDS',	'NORWAY_EXTRA_MOVEMENT'),
	('TRAIT_LEADER_MELEE_COASTAL_RAIDS',	'TRAIT_LEADER_PILLAGE_FISHING_BOATS_SCIENCE'),
	('TRAIT_LEADER_MELEE_COASTAL_RAIDS',	'TRAIT_LEADER_PILLAGE_FISHERY_CULTURE');

insert or replace into Modifiers
    (ModifierId,                                    ModifierType)
values
	('TRAIT_LEADER_PILLAGE_SCIENCE_FARMS',			'MODIFIER_PLAYER_ADJUST_ADDITIONAL_PILLAGING'),
	('TRAIT_LEADER_PILLAGE_SCIENCE_LUMBER_MILLS',	'MODIFIER_PLAYER_ADJUST_ADDITIONAL_PILLAGING'),
	('TRAIT_LEADER_PILLAGE_MOVEMENT',				'MODIFIER_PLAYER_UNITS_ATTACH_MODIFIER'),
	('TRAIT_LEADER_COASTAL_RAID_MOVEMENT',			'MODIFIER_PLAYER_UNITS_ATTACH_MODIFIER'),
	('TRAIT_LEADER_PILLAGE_MOVEMENT_MODIFIER',		'MODIFIER_PLAYER_UNIT_ADJUST_ADVANCED_PILLAGING'),
	('TRAIT_LEADER_COASTAL_RAID_MOVEMENT_MODIFIER',	'MODIFIER_PLAYER_UNIT_ADJUST_ADVANCED_COASTAL_RAID'),
	('TRAIT_LEADER_PILLAGE_FISHING_BOATS_SCIENCE',	'MODIFIER_PLAYER_ADJUST_ADDITIONAL_PILLAGING'),
	('TRAIT_LEADER_PILLAGE_FISHERY_CULTURE',		'MODIFIER_PLAYER_ADJUST_ADDITIONAL_PILLAGING');

insert or replace into ModifierArguments
    (ModifierId,                                    Name,               		Value)
values
	('TRAIT_LEADER_PILLAGE_SCIENCE_FARMS',			'PlunderType',				'PLUNDER_SCIENCE'),
	('TRAIT_LEADER_PILLAGE_SCIENCE_FARMS',			'ImprovementType',			'IMPROVEMENT_FARM'),
	('TRAIT_LEADER_PILLAGE_SCIENCE_FARMS',			'Amount',					15),
	('TRAIT_LEADER_PILLAGE_SCIENCE_LUMBER_MILLS',	'PlunderType',				'PLUNDER_SCIENCE'),
	('TRAIT_LEADER_PILLAGE_SCIENCE_LUMBER_MILLS',	'ImprovementType',			'IMPROVEMENT_LUMBER_MILL'),
	('TRAIT_LEADER_PILLAGE_SCIENCE_LUMBER_MILLS',	'Amount',					15),
	('TRAIT_LEADER_PILLAGE_MOVEMENT',				'ModifierId',				'TRAIT_LEADER_PILLAGE_MOVEMENT_MODIFIER'),
	('TRAIT_LEADER_COASTAL_RAID_MOVEMENT',			'ModifierId',				'TRAIT_LEADER_COASTAL_RAID_MOVEMENT_MODIFIER'),
	('TRAIT_LEADER_PILLAGE_MOVEMENT_MODIFIER',		'UseAdvancedPillaging',		1),
	('TRAIT_LEADER_COASTAL_RAID_MOVEMENT_MODIFIER',	'UseAdvancedCoastalRaid',	1),
	('TRAIT_LEADER_PILLAGE_FISHING_BOATS_SCIENCE',	'PlunderType',				'PLUNDER_SCIENCE'),
	('TRAIT_LEADER_PILLAGE_FISHING_BOATS_SCIENCE',	'ImprovementType',			'IMPROVEMENT_FISHING_BOATS'),
	('TRAIT_LEADER_PILLAGE_FISHING_BOATS_SCIENCE',	'Amount',					25),
	('TRAIT_LEADER_PILLAGE_FISHERY_CULTURE',		'PlunderType',				'PLUNDER_CULTURE'),
	('TRAIT_LEADER_PILLAGE_FISHERY_CULTURE',		'ImprovementType',			'IMPROVEMENT_FISHERY'),
	('TRAIT_LEADER_PILLAGE_FISHERY_CULTURE',		'Amount',					25);

insert or replace into TraitModifiers
	(TraitType,										ModifierId)
values
--	('TRAIT_CIVILIZATION_EARLY_OCEAN_NAVIGATION',	'NORWAY_LUMBER_MILL_PRODUCTION'),
	('TRAIT_CIVILIZATION_EARLY_OCEAN_NAVIGATION',	'NORWAY_FISHING_BOATS_PRODUCTION');
--	('TRAIT_LEADER_UNIT_NORWEGIAN_LONGSHIP',		'UNIT_NORWEGIAN_LONGSHIP_COASTAL_RAID');
--	('TRAIT_CIVILIZATION_EARLY_OCEAN_NAVIGATION',	'NORWAY_EXTRA_MOVEMENT');

insert or replace into Modifiers
	(ModifierId,									ModifierType,										SubjectRequirementSetId)
values
	('NORWAY_LUMBER_MILL_PRODUCTION',				'MODIFIER_PLAYER_ADJUST_PLOT_YIELD',				'PLOT_HAS_LUMBER_MILL_REQUIREMENTS'),
	('NORWAY_FISHING_BOATS_PRODUCTION',				'MODIFIER_PLAYER_ADJUST_PLOT_YIELD',				'PLOT_HAS_FISHINGBOATS_REQUIREMENTS'),
	('NORWAY_EXTRA_MOVEMENT',						'MODIFIER_PLAYER_UNITS_ADJUST_MOVEMENT',			'NORWAY_EXTRA_MOVEMENT_REQUIREMENTS'),
	('UNIT_NORWEGIAN_LONGSHIP_COASTAL_RAID',		'MODIFIER_PLAYER_UNITS_GRANT_ABILITY',				NULL);

insert or replace into ModifierArguments
	(ModifierId,									Name,				Value)
values
	('NORWAY_LUMBER_MILL_PRODUCTION',				'YieldType',		'YIELD_PRODUCTION'),
	('NORWAY_LUMBER_MILL_PRODUCTION',				'Amount',			1),
	('NORWAY_FISHING_BOATS_PRODUCTION',				'YieldType',		'YIELD_PRODUCTION'),
	('NORWAY_FISHING_BOATS_PRODUCTION',				'Amount',			1),
	('NORWAY_EXTRA_MOVEMENT',						'Amount',			1),
	('UNIT_NORWEGIAN_LONGSHIP_COASTAL_RAID',		'AbilityType',		'ABILITY_LONGSHIP_COASTAL_RAID');
/*
挪威长船改为uu
狂暴武士改为老挪威lu
挪威单位加速新增海军袭击者（传统挪威la）
*/
delete from CivilizationTraits where TraitType = 'TRAIT_CIVILIZATION_UNIT_NORWEGIAN_BERSERKER';
delete from LeaderTraits where TraitType = 'TRAIT_LEADER_UNIT_NORWEGIAN_LONGSHIP';
insert or replace into CivilizationTraits
	(CivilizationType,					TraitType)
values
	('CIVILIZATION_NORWAY',				'TRAIT_LEADER_UNIT_NORWEGIAN_LONGSHIP');
insert or replace into LeaderTraits
	(LeaderType,						TraitType)
values
	('LEADER_HARDRADA',					'TRAIT_CIVILIZATION_UNIT_NORWEGIAN_BERSERKER');

insert or replace into TraitModifiers
	(TraitType,								ModifierId)
select
	'TRAIT_LEADER_MELEE_COASTAL_RAIDS',		'TRAIT_' || EraType ||'_NAVAL_RAIDER_PRODUCTION'
from Eras;

insert or replace into Modifiers
	(ModifierId,											ModifierType)
select
	'TRAIT_' || EraType ||'_NAVAL_RAIDER_PRODUCTION',		'MODIFIER_PLAYER_CITIES_ADJUST_UNIT_TAG_ERA_PRODUCTION'
from Eras;

insert or replace into ModifierArguments
	(ModifierId,											Name,				Value)
select
	'TRAIT_' || EraType ||'_NAVAL_RAIDER_PRODUCTION',		'Amount',			50
from Eras;

insert or replace into ModifierArguments
	(ModifierId,											Name,				Value)
select
	'TRAIT_' || EraType ||'_NAVAL_RAIDER_PRODUCTION',		'EraType',			EraType
from Eras;

insert or replace into ModifierArguments
	(ModifierId,											Name,							Value)
select
	'TRAIT_' || EraType ||'_NAVAL_RAIDER_PRODUCTION',		'UnitPromotionClass',			'PROMOTION_CLASS_NAVAL_RAIDER'
from Eras;
delete from TraitModifiers where TraitType = 'TRAIT_LEADER_MELEE_COASTAL_RAIDS' and ModifierId like '%_PRODUCTION';
delete from TraitModifiers where TraitType = 'TRAIT_LEADER_MELEE_COASTAL_RAIDS' and ModifierId like 'TRAIT_LEADER_PILLAGE_CULTURE_%';
delete from TraitModifiers where TraitType = 'TRAIT_LEADER_MELEE_COASTAL_RAIDS' and ModifierId like 'TRAIT_LEADER_PILLAGE_SCIENCE_%';
insert or replace into TypeTags
	(Type,								Tag)
values
	('ABILITY_MELEE_COASTAL_RAID',		'CLASS_NAVAL_RANGED');
-- 日本
delete from TraitModifiers where ModifierId = 'TRAIT_HURRICANE_PREVENTION_CAT_4';
delete from TraitModifiers where ModifierId = 'TRAIT_HURRICANE_PREVENTION_CAT_5';
delete from TraitModifiers where ModifierId = 'TRAIT_HURRICANE_DOUBLE_DAMAGE_CAT_4';
delete from TraitModifiers where ModifierId = 'TRAIT_HURRICANE_DOUBLE_DAMAGE_CAT_5';

update ModifierArguments set Value = 'DISTRICT_HARBOR' where ModifierId = 'TRAIT_BOOST_ENCAMPMENT_PRODUCTION' and Name = 'DistrictType';
update ModifierArguments set Value = 50 where ModifierId = 'TRAIT_BOOST_ENCAMPMENT_PRODUCTION' and Name = 'Amount';
update ModifierArguments set Value = 50 where ModifierId = 'TRAIT_BOOST_HOLY_SITE_PRODUCTION' and Name = 'Amount';
update ModifierArguments set Value = 50 where ModifierId = 'TRAIT_BOOST_THEATER_DISTRICT_PRODUCTION' and Name = 'Amount';

-- 蒙古: 商路每经过一个贸易站+1瓶
-- 成吉思汗: 牧场给圣地和商业提供标准加成
-- by xiaoxiao
insert or replace into TraitModifiers
	(TraitType, 							ModifierId)
values
	('TRAIT_CIVILIZATION_MONGOLIAN_ORTOO',	'HD_MONGOLIA_TRADE_ROUTE_SCIENCE_FOR_POST_OWN'),
	('TRAIT_CIVILIZATION_MONGOLIAN_ORTOO',	'HD_MONGOLIA_TRADE_ROUTE_SCIENCE_FOR_POST_FOREIGN'),
--	('TRAIT_LEADER_GENGHIS_KHAN_ABILITY',	'HD_GENGHIS_KHAN_PASTURE_HOLY_SITE_ADJACENCY'),
	('TRAIT_LEADER_GENGHIS_KHAN_ABILITY',	'HD_GENGHIS_KHAN_PASTURE_COMMERCIAL_HUB_ADJACENCY'),
	('TRAIT_LEADER_GENGHIS_KHAN_ABILITY',	'HD_GENGHIS_KHAN_PASTURE_COMBAT_SCIENCE');
insert or replace into Modifiers
	(ModifierId,											ModifierType)
values
	('HD_MONGOLIA_TRADE_ROUTE_SCIENCE_FOR_POST_OWN', 		'MODIFIER_PLAYER_ADJUST_TRADE_ROUTE_YIELD_PER_POST_IN_OWN_CITY'),
	('HD_MONGOLIA_TRADE_ROUTE_SCIENCE_FOR_POST_FOREIGN', 	'MODIFIER_PLAYER_ADJUST_TRADE_ROUTE_YIELD_PER_POST_IN_FOREIGN_CITY'),
	('HD_GENGHIS_KHAN_PASTURE_HOLY_SITE_ADJACENCY',			'MODIFIER_PLAYER_CITIES_IMPROVEMENT_ADJACENCY'),
	('HD_GENGHIS_KHAN_PASTURE_COMMERCIAL_HUB_ADJACENCY',	'MODIFIER_PLAYER_CITIES_IMPROVEMENT_ADJACENCY'),
	('HD_GENGHIS_KHAN_PASTURE_COMBAT_SCIENCE',				'MODIFIER_PLAYER_UNITS_ADJUST_POST_COMBAT_YIELD');
insert or replace into ModifierArguments
	(ModifierId, 											Name, 						Value)
values
	('HD_MONGOLIA_TRADE_ROUTE_SCIENCE_FOR_POST_OWN', 		'YieldType', 				'YIELD_SCIENCE'),
	('HD_MONGOLIA_TRADE_ROUTE_SCIENCE_FOR_POST_OWN', 		'Amount', 					1),
	('HD_MONGOLIA_TRADE_ROUTE_SCIENCE_FOR_POST_FOREIGN', 	'YieldType', 				'YIELD_SCIENCE'),
	('HD_MONGOLIA_TRADE_ROUTE_SCIENCE_FOR_POST_FOREIGN', 	'Amount', 					1),
	('HD_GENGHIS_KHAN_PASTURE_HOLY_SITE_ADJACENCY', 		'DistrictType',				'DISTRICT_HOLY_SITE'),
	('HD_GENGHIS_KHAN_PASTURE_HOLY_SITE_ADJACENCY', 		'ImprovementType',			'IMPROVEMENT_PASTURE'),
	('HD_GENGHIS_KHAN_PASTURE_HOLY_SITE_ADJACENCY', 		'YieldType',				'YIELD_FAITH'),
	('HD_GENGHIS_KHAN_PASTURE_HOLY_SITE_ADJACENCY', 		'Amount',					1),
	('HD_GENGHIS_KHAN_PASTURE_HOLY_SITE_ADJACENCY', 		'Description',				'LOC_GENGHIS_KHAN_PASTURE_HOLY_SITE'),
	('HD_GENGHIS_KHAN_PASTURE_COMMERCIAL_HUB_ADJACENCY', 	'DistrictType',				'DISTRICT_COMMERCIAL_HUB'),
	('HD_GENGHIS_KHAN_PASTURE_COMMERCIAL_HUB_ADJACENCY', 	'ImprovementType',			'IMPROVEMENT_PASTURE'),
	('HD_GENGHIS_KHAN_PASTURE_COMMERCIAL_HUB_ADJACENCY', 	'YieldType',				'YIELD_GOLD'),
	('HD_GENGHIS_KHAN_PASTURE_COMMERCIAL_HUB_ADJACENCY', 	'Amount',					2),
	('HD_GENGHIS_KHAN_PASTURE_COMMERCIAL_HUB_ADJACENCY', 	'Description',				'LOC_GENGHIS_KHAN_PASTURE_COMMERCIAL_HUB'),
	('HD_GENGHIS_KHAN_PASTURE_COMBAT_SCIENCE',				'PercentDefeatedStrength',	50),
	('HD_GENGHIS_KHAN_PASTURE_COMBAT_SCIENCE',				'YieldType',				'YIELD_SCIENCE');

-- 祖鲁: 拥有驻军的城市+1琴
-- UD伊坎达: 文化炸弹, 地基和其中建筑+2瓶+2锤
-- by xiaoxiao
insert or replace into TraitModifiers
	(TraitType, 							ModifierId)
values
	('TRAIT_CIVILIZATION_ZULU_ISIBONGO',	'HD_ZULU_GARRISON_CULTURE'),
	('TRAIT_CIVILIZATION_ZULU_ISIBONGO',	'HD_IKANDA_CULTURE_BOMB'),
	('TRAIT_CIVILIZATION_ZULU_ISIBONGO',	'HD_IKANDA_SCIENCE'),
	('TRAIT_CIVILIZATION_ZULU_ISIBONGO',	'HD_IKANDA_PRODUCTION');
insert or replace into Modifiers
	(ModifierId,							ModifierType, 										SubjectRequirementSetId)
values
	('HD_ZULU_GARRISON_CULTURE',		 	'MODIFIER_PLAYER_CITIES_ADJUST_CITY_YIELD_CHANGE',	'CITY_HAS_GARRISON_UNIT_REQUIERMENT'),
	-- ('HD_ZULU_GARRISON_CULTURE_MODIFIER', 	'MODIFIER_SINGLE_CITY_ADJUST_YIELD_CHANGE',			null),
	('HD_IKANDA_CULTURE_BOMB', 				'MODIFIER_ALL_PLAYERS_ADD_CULTURE_BOMB_TRIGGER',	null),
	('HD_IKANDA_SCIENCE', 					'MODIFIER_PLAYER_DISTRICTS_ADJUST_YIELD_CHANGE',	'HD_DISTRICT_IS_IKANDA'),
	('HD_IKANDA_PRODUCTION', 				'MODIFIER_PLAYER_DISTRICTS_ADJUST_YIELD_CHANGE',	'HD_DISTRICT_IS_IKANDA');
insert or replace into ModifierArguments
	(ModifierId, 							Name, 			Value)
values
	-- ('HD_ZULU_GARRISON_CULTURE',		 	'ModifierId',	'HD_ZULU_GARRISON_CULTURE_MODIFIER'),
	('HD_ZULU_GARRISON_CULTURE', 			'YieldType', 	'YIELD_CULTURE'),
	('HD_ZULU_GARRISON_CULTURE', 			'Amount', 		1),
	('HD_IKANDA_CULTURE_BOMB', 				'DistrictType',	'DISTRICT_IKANDA'),
	('HD_IKANDA_SCIENCE', 					'YieldType', 	'YIELD_SCIENCE'),
	('HD_IKANDA_SCIENCE', 					'Amount', 		2),
	('HD_IKANDA_PRODUCTION', 				'YieldType', 	'YIELD_PRODUCTION'),
	('HD_IKANDA_PRODUCTION', 				'Amount', 		2);
insert or replace into RequirementSets
	(RequirementSetId,			RequirementSetType)
values
	('HD_DISTRICT_IS_IKANDA',	'REQUIREMENTSET_TEST_ALL');
insert or replace into RequirementSetRequirements
	(RequirementSetId,			RequirementId)
values
	('HD_DISTRICT_IS_IKANDA',	'REQUIRES_DISTRICT_IS_DISTRICT_IKANDA');

-- 伊坎达建筑+2瓶+2锤
delete from TraitModifiers where ModifierId like 'TRAIT_IKANDA_%';
create temporary table IkandaBuildings (BuildingType text);
insert or ignore into IkandaBuildings (BuildingType) select BuildingType from Buildings where PrereqDistrict = 'DISTRICT_ENCAMPMENT';
create temporary table IkandaYields (YieldType text);
insert or ignore into IkandaYields (YieldType) values ('YIELD_SCIENCE'), ('YIELD_PRODUCTION');
insert or replace into DistrictModifiers
	(DistrictType, 		ModifierId)
select
	'DISTRICT_IKANDA', 	'HD_IKANDA_' || BuildingType || '_' || YieldType
from IkandaBuildings left outer join IkandaYields;

insert or replace into Modifiers
	(ModifierId,										ModifierType)
select
	'HD_IKANDA_' || BuildingType || '_' || YieldType,	'MODIFIER_SINGLE_CITY_ADJUST_BUILDING_YIELD'
from IkandaBuildings left outer join IkandaYields;

insert or replace into ModifierArguments
	(ModifierId, 										Name, 			Value)
select
	'HD_IKANDA_' || BuildingType || '_' || YieldType,	'BuildingType', BuildingType
from IkandaBuildings left outer join IkandaYields;

insert or replace into ModifierArguments
	(ModifierId, 										Name, 			Value)
select
	'HD_IKANDA_' || BuildingType || '_' || YieldType,	'YieldType', 	YieldType
from IkandaBuildings left outer join IkandaYields;

insert or replace into ModifierArguments
	(ModifierId, 										Name, 			Value)
select
	'HD_IKANDA_' || BuildingType || '_' || YieldType,	'Amount', 		2
from IkandaBuildings left outer join IkandaYields;

update Technologies set Description = NULL where TechnologyType = 'TECH_CASTLES';

-- Japan
delete from ExcludedAdjacencies where TraitType = 'TRAIT_CIVILIZATION_ADJACENT_DISTRICTS';
insert or replace into TraitModifiers
	(TraitType,									ModifierId)
values
	('TRAIT_CIVILIZATION_ADJACENT_DISTRICTS',	'TRAIT_ADJACENT_DISTRICTS_ENCAMPMENT_ADJACENCYPRODUCTION');
insert or replace into Modifiers
	(ModifierId,														ModifierType,									SubjectRequirementSetId)
values
	('TRAIT_ADJACENT_DISTRICTS_ENCAMPMENT_ADJACENCYPRODUCTION',			'MODIFIER_PLAYER_CITIES_DISTRICT_ADJACENCY',	NULL);
insert or replace into ModifierArguments
	(ModifierId,														Name,			Value)
values
	('TRAIT_ADJACENT_DISTRICTS_ENCAMPMENT_ADJACENCYPRODUCTION',			'DistrictType',	'DISTRICT_ENCAMPMENT'),
	('TRAIT_ADJACENT_DISTRICTS_ENCAMPMENT_ADJACENCYPRODUCTION',			'YieldType',	'YIELD_PRODUCTION'),
	('TRAIT_ADJACENT_DISTRICTS_ENCAMPMENT_ADJACENCYPRODUCTION',			'Amount',		1),
	('TRAIT_ADJACENT_DISTRICTS_ENCAMPMENT_ADJACENCYPRODUCTION',			'Description',	'LOC_DISTRICT_DISTRICT_1_PRODUCTION');

--------------------------------------------------------------------------------------------------------------------------
-- 阿拉伯
delete from TraitModifiers where TraitType = 'TRAIT_CIVILIZATION_LAST_PROPHET';
delete from TraitModifiers where TraitType = 'TRAIT_LEADER_RIGHTEOUSNESS_OF_FAITH';

insert or replace into TraitModifiers
	(TraitType,															ModifierId)
values
	('TRAIT_LEADER_RIGHTEOUSNESS_OF_FAITH',	'HD_RIGHTEOUSNESS_OF_FAITH_HOLY_SITE_EXTRA_DISTRICT'),
	('TRAIT_LEADER_RIGHTEOUSNESS_OF_FAITH',	'HD_RIGHTEOUSNESS_OF_FAITH_HOLY_SITE_1'),
	('TRAIT_LEADER_RIGHTEOUSNESS_OF_FAITH',	'HD_RIGHTEOUSNESS_OF_FAITH_HOLY_SITE_2'),
	('TRAIT_LEADER_RIGHTEOUSNESS_OF_FAITH',	'HD_RIGHTEOUSNESS_OF_FAITH_HOLY_SITE_3');

insert or replace into Modifiers
	(ModifierId,																						ModifierType,																									SubjectRequirementSetId)
values
	('HD_LAST_PROPHET_CULTURAL_GOVERNMENT_SLOT',						'MODIFIER_PLAYER_CULTURE_ADJUST_GOVERNMENT_SLOTS_MODIFIER',		'PLAYER_HAS_CIVIC_POLITICAL_PHILOSOPHY_REQUIREMENTS'),
	('HD_RIGHTEOUSNESS_OF_FAITH_HOLY_SITE_EXTRA_DISTRICT',	'MODIFIER_PLAYER_CITIES_EXTRA_DISTRICT',											'REQUIRES_CITY_HAS_DISTRICT_HOLY_SITE_UDMET'),
	('HD_RIGHTEOUSNESS_OF_FAITH_HOLY_SITE_1',								'MODIFIER_PLAYER_CITIES_ADJUST_CITY_YIELD_MODIFIER',					'CITY_HAS_DISTRICT_HOLY_SITE_TIER_1_BUILDING_REQUIREMENTS'),
	('HD_RIGHTEOUSNESS_OF_FAITH_HOLY_SITE_2',								'MODIFIER_PLAYER_CITIES_ADJUST_CITY_YIELD_MODIFIER',					'CITY_HAS_DISTRICT_HOLY_SITE_TIER_2_BUILDING_REQUIREMENTS'),
	('HD_RIGHTEOUSNESS_OF_FAITH_HOLY_SITE_3',								'MODIFIER_PLAYER_CITIES_ADJUST_CITY_YIELD_MODIFIER',					'CITY_HAS_DISTRICT_HOLY_SITE_TIER_3_BUILDING_REQUIREMENTS');

insert or replace into ModifierArguments
	(ModifierId,																						Name,									Value)
values
	('HD_LAST_PROPHET_CULTURAL_GOVERNMENT_SLOT',						'GovernmentSlotType',	'SLOT_DIPLOMATIC'),
	('HD_RIGHTEOUSNESS_OF_FAITH_HOLY_SITE_EXTRA_DISTRICT',	'Amount',							1),
	('HD_RIGHTEOUSNESS_OF_FAITH_HOLY_SITE_1',								'YieldType',					'YIELD_SCIENCE,YIELD_CULTURE'),
	('HD_RIGHTEOUSNESS_OF_FAITH_HOLY_SITE_1',								'Amount',							'5,5'),
	('HD_RIGHTEOUSNESS_OF_FAITH_HOLY_SITE_2',								'YieldType',					'YIELD_SCIENCE,YIELD_CULTURE'),
	('HD_RIGHTEOUSNESS_OF_FAITH_HOLY_SITE_2',								'Amount',							'5,5'),
	('HD_RIGHTEOUSNESS_OF_FAITH_HOLY_SITE_3',								'YieldType',					'YIELD_SCIENCE,YIELD_CULTURE'),
	('HD_RIGHTEOUSNESS_OF_FAITH_HOLY_SITE_3',								'Amount',							'5,5');

insert or replace into GlobalParameters
	(Name,																	Value)
values
	('HD_LAST_PROPHET_RELIGIOUS_PRESSURE',	200);
--------------------------------------------------------------------------------------------------------------------------

--马普切
--ua所有靠山的区域（不包含奇观）+1 [ICON_FOOD] 食物和+1 [ICON_FAITH] 信仰值，相邻山脉单元格的改良设施+1 [ICON_FOOD] 食物和+1 [ICON_FAITH] 信仰值。单位如果相邻山脉单元格开始一个回合，会获得1 [ICON_MOVEMENT] 移动力加成。
--la与自由城市或处在黄金/英雄时代中的文明作战时+5 [ICON_STRENGTH] 战斗力。[ICON_GOVERNOR] 总督就职城市中生产的所有单位的战斗经验值+50%。
update ModifierArguments set Value = 5 where ModifierId = 'TRAIT_TOQUI_COMBAT_BONUS_VS_GOLDEN_AGE_CIV';
delete from TraitModifiers where ModifierId = 'TRAIT_DIMINISH_LOYALTY_IN_ENEMY_CITY';
update ModifierArguments set Value = 50 where ModifierId = 'TOQUI_GOVERNOR_UNIT_EXPERIENCE';
delete from TraitModifiers where ModifierId in(
	'TOQUI_CULTURE_FROM_GOVERNOR',
	'TOQUI_CULTURE_GOVERNOR_NOT_FOUNDED',
	'TOQUI_DOMESTIC_LOYALTY',
	'TOQUI_FOREIGN_LOYALTY',
	'TOQUI_PRODUCTION_FROM_GOVERNOR',
	'TOQUI_PRODUCTION_GOVERNOR_NOT_FOUNDED',
	'TRAIT_TOQUI_UNIT_EXPERIENCE_FROM_GOVERNOR',
	'TRAIT_TOQUI_UNIT_EXPERIENCE_FROM_GOVERNOR_NOT_FOUNDED'
);

insert or replace into TraitModifiers
	(TraitType,								ModifierId)
values
	('TRAIT_CIVILIZATION_MAPUCHE_TOQUI',	'TOQUI_DISTRICT_FOOD'),
	('TRAIT_CIVILIZATION_MAPUCHE_TOQUI',	'TOQUI_DISTRICT_FAITH'),
	('TRAIT_CIVILIZATION_MAPUCHE_TOQUI',	'TOQUI_PLOT_FOOD'),
	('TRAIT_CIVILIZATION_MAPUCHE_TOQUI',	'TOQUI_PLOT_FAITH'),
	('TRAIT_CIVILIZATION_MAPUCHE_TOQUI',	'TOQUI_MOUNTAIN_MOVEMENT'),
	('TRAIT_LEADER_LAUTARO_ABILITY',		'TRAIT_TOQUI_UNIT_EXPERIENCE_FROM_GOVERNOR');

insert or replace into Modifiers
	(ModifierId,							ModifierType,										SubjectRequirementSetId)
values
	('TOQUI_DISTRICT_FOOD',					'MODIFIER_PLAYER_DISTRICTS_ADJUST_YIELD_CHANGE',	'PLOT_ADJACENT_TO_MOUNTAIN_IS_NOT_WONDER_REQUIREMENTS'),
	('TOQUI_DISTRICT_FAITH',				'MODIFIER_PLAYER_DISTRICTS_ADJUST_YIELD_CHANGE',	'PLOT_ADJACENT_TO_MOUNTAIN_IS_NOT_WONDER_REQUIREMENTS'),
	('TOQUI_PLOT_FOOD',						'MODIFIER_PLAYER_ADJUST_PLOT_YIELD',				'PLOT_ADJACENT_TO_MOUNTAIN_IS_IMPROVED_REQUIREMENTS'),
	('TOQUI_PLOT_FAITH',					'MODIFIER_PLAYER_ADJUST_PLOT_YIELD',				'PLOT_ADJACENT_TO_MOUNTAIN_IS_IMPROVED_REQUIREMENTS'),
	('TOQUI_MOUNTAIN_MOVEMENT',				'MODIFIER_PLAYER_UNITS_ADJUST_MOVEMENT',			'PLOT_ADJACENT_TO_MOUNTAIN_REQUIREMENTS');

insert or replace into ModifierArguments
	(ModifierId,							Name,						Value)
values
	('TOQUI_DISTRICT_FOOD',					'Amount',					1),
	('TOQUI_DISTRICT_FOOD',					'YieldType',				'YIELD_FOOD'),
	('TOQUI_DISTRICT_FAITH',				'Amount',					1),
	('TOQUI_DISTRICT_FAITH',				'YieldType',				'YIELD_FAITH'),
	('TOQUI_PLOT_FOOD',						'Amount',					1),
	('TOQUI_PLOT_FOOD',						'YieldType',				'YIELD_FOOD'),
	('TOQUI_PLOT_FAITH',					'Amount',					1),
	('TOQUI_PLOT_FAITH',					'YieldType',				'YIELD_FAITH'),
	('TOQUI_MOUNTAIN_MOVEMENT',				'Amount',					1);

--阿兹特克
update ModifierArguments set Value = 30 where ModifierId = 'TRAIT_BUILDER_DISTRICT_PERCENT';

--瑞典
delete from TraitModifiers where TraitType = 'TRAIT_CIVILIZATION_NOBEL_PRIZE';
insert or replace into TraitModifiers
	(TraitType,								ModifierId)
values
	-- ('TRAIT_CIVILIZATION_NOBEL_PRIZE',		'TRAIT_NOBEL_PRIZE_GREAT_PERSON_DISCOUNT_HD');
	('TRAIT_CIVILIZATION_NOBEL_PRIZE',		'TRAIT_NOBEL_PRIZE_SCIENTIST_CHARGES_HD');

insert or replace into Modifiers
	(ModifierId,																ModifierType,																						SubjectRequirementSetId)
values
	-- ('TRAIT_NOBEL_PRIZE_GREAT_PERSON_DISCOUNT_HD',	'MODIFIER_PLAYER_ADJUST_GREAT_PERSON_PATRONAGE_DISCOUNT_PERCENT');
	('TRAIT_NOBEL_PRIZE_SCIENTIST_CHARGES_HD',	'MODIFIER_PLAYER_UNITS_ADJUST_GREAT_PERSON_CHARGES',		'UNIT_IS_SCIENTIST');

insert or replace into ModifierArguments
	(ModifierId,																Name,							Value)
values
	-- ('TRAIT_NOBEL_PRIZE_GREAT_PERSON_DISCOUNT_HD',	'Amount',					8),
	-- ('TRAIT_NOBEL_PRIZE_GREAT_PERSON_DISCOUNT_HD',	'YieldType',				'YIELD_GOLD');
	('TRAIT_NOBEL_PRIZE_SCIENTIST_CHARGES_HD',	'Amount',					1);

insert or replace into GlobalParameters
	(Name,																				Value)
values
	('HD_NOBEL_PRIZE_ERA_SCORE_GPP_PER_DISTRICT',	1),
	('HD_KRISTINA_BOOST_ADD_BUILD',								1),
	('HD_KRISTINA_BOOST_ADD_BUILD_PERCENTAGE',		10);

--毛利
delete from TraitModifiers where ModifierId = 'BUILDER_PRESETTLEMENT'; 
delete from TraitModifiers where ModifierId like 'TRAIT_MAORI_PRODUCTION_%';
delete from ExcludedGreatPersonClasses where TraitType = 'TRAIT_CIVILIZATION_MAORI_MANA';
insert or replace into TraitModifiers
	(TraitType,							ModifierId)
values
	('TRAIT_CIVILIZATION_MAORI_MANA',	'TRAIT_MAORI_WOODS'),
--	('TRAIT_CIVILIZATION_MAORI_MANA',	'TRAIT_MAORI_SWAMP'),
	('TRAIT_CIVILIZATION_MAORI_MANA',	'TRAIT_MAORI_RAINFOREST'),
	('TRAIT_CIVILIZATION_MAORI_MANA',	'TRAIT_MAORI_MARSH');
insert or replace into TraitModifiers
	(TraitType,							ModifierId)
select
	'TRAIT_CIVILIZATION_MAORI_MANA',	'TRAIT_MAORI_SWAMP'
where exists (select FeatureType from Features where FeatureType = 'FEATURE_HD_SWAMP');
insert or replace into Modifiers
	(ModifierId,						ModifierType,							SubjectRequirementSetId)
values
	('TRAIT_MAORI_WOODS',				'MODIFIER_PLAYER_ADJUST_PLOT_YIELD',	'PLOT_HAS_WOODS_TECH_ASTROLOGY_REQUIREMENTS'),
--	('TRAIT_MAORI_SWAMP',				'MODIFIER_PLAYER_ADJUST_PLOT_YIELD',	'PLOT_HAS_SWAMP_TECH_ASTROLOGY_REQUIREMENTS'),
	('TRAIT_MAORI_RAINFOREST',			'MODIFIER_PLAYER_ADJUST_PLOT_YIELD',	'PLOT_HAS_RAINFOREST_TECH_ASTROLOGY_REQUIREMENTS'),
	('TRAIT_MAORI_MARSH',				'MODIFIER_PLAYER_ADJUST_PLOT_YIELD',	'PLOT_HAS_MARSH_TECH_ASTROLOGY_REQUIREMENTS');
insert or replace into Modifiers
	(ModifierId,						ModifierType,							SubjectRequirementSetId)
select
	'TRAIT_MAORI_SWAMP',				'MODIFIER_PLAYER_ADJUST_PLOT_YIELD',	'PLOT_HAS_SWAMP_TECH_ASTROLOGY_REQUIREMENTS'
where exists (select FeatureType from Features where FeatureType = 'FEATURE_HD_SWAMP');
insert or replace into ModifierArguments
	(ModifierId,						Name,				Value)
values
	('TRAIT_MAORI_WOODS',				'YieldType',		'YIELD_FOOD'),
	('TRAIT_MAORI_WOODS',				'Amount',			1),
--	('TRAIT_MAORI_SWAMP',				'YieldType',		'YIELD_FOOD'),
--	('TRAIT_MAORI_SWAMP',				'Amount',			1),
	('TRAIT_MAORI_RAINFOREST',			'YieldType',		'YIELD_PRODUCTION'),
	('TRAIT_MAORI_RAINFOREST',			'Amount',			1),
	('TRAIT_MAORI_MARSH',				'YieldType',		'YIELD_PRODUCTION'),
	('TRAIT_MAORI_MARSH',				'Amount',			1);
insert or replace into ModifierArguments
	(ModifierId,						Name,				Value)
select
	'TRAIT_MAORI_SWAMP',				'YieldType',		'YIELD_FOOD'
where exists (select FeatureType from Features where FeatureType = 'FEATURE_HD_SWAMP');
insert or replace into ModifierArguments
	(ModifierId,						Name,				Value)
select
	'TRAIT_MAORI_SWAMP',				'Amount',			1
where exists (select FeatureType from Features where FeatureType = 'FEATURE_HD_SWAMP');
--武美
delete from TraitModifiers where ModifierId = 'TRAIT_ROOSEVELT_COROLLARY_TRADE_ROUTE_TOKEN';
insert or replace into TraitModifiers
	(TraitType,								ModifierId)
values
	('TRAIT_LEADER_ROOSEVELT_COROLLARY',	'TRAIT_LEADER_ROOSEVELT_COROLLARY_TRADE_SCIENCE'),
	('TRAIT_LEADER_ROOSEVELT_COROLLARY',	'TRAIT_LEADER_ROOSEVELT_COROLLARY_TRADE_GOLD'),
	('TRAIT_LEADER_ROOSEVELT_COROLLARY',	'TRAIT_LEADER_ROOSEVELT_COROLLARY_TRADE_ENVOY');
insert or replace into Modifiers
	(ModifierId,											ModifierType)
values
	('TRAIT_LEADER_ROOSEVELT_COROLLARY_TRADE_SCIENCE',		'MODIFIER_PLAYER_CITIES_ADJUST_CITY_STATE_TRADE_ROUTE_DISTRICT_YIELD'),
	('TRAIT_LEADER_ROOSEVELT_COROLLARY_TRADE_GOLD',			'MODIFIER_PLAYER_CITIES_ADJUST_CITY_STATE_TRADE_ROUTE_DISTRICT_YIELD'),
	('TRAIT_LEADER_ROOSEVELT_COROLLARY_TRADE_ENVOY',		'MODIFIER_PLAYER_ADJUST_TOKEN_ON_TRADE_ROUTE_STARTED');
insert or replace into ModifierArguments
	(ModifierId,											Name,				Value)
values
	('TRAIT_LEADER_ROOSEVELT_COROLLARY_TRADE_SCIENCE',		'Amount',			1),
	('TRAIT_LEADER_ROOSEVELT_COROLLARY_TRADE_SCIENCE',		'YieldType',		'YIELD_SCIENCE'),
	('TRAIT_LEADER_ROOSEVELT_COROLLARY_TRADE_GOLD',			'Amount',			2),
	('TRAIT_LEADER_ROOSEVELT_COROLLARY_TRADE_GOLD',			'YieldType',		'YIELD_GOLD'),
	('TRAIT_LEADER_ROOSEVELT_COROLLARY_TRADE_ENVOY',		'Amount',			1);
delete from LeaderTraits where LeaderType = 'LEADER_SULEIMAN' and TraitType = 'TRAIT_LEADER_UNIT_SULEIMAN_JANISSARY';
insert or replace into CivilizationTraits
	(CivilizationType,			TraitType)
values
	('CIVILIZATION_OTTOMAN',	'TRAIT_LEADER_UNIT_SULEIMAN_JANISSARY');
--武印度
--武印度la重做： 每解锁一级政体，为每个公民+0.5生产力，为所有军事单位+2力（酋邦不算，完成政治哲学吃第一次）。拥有市政广场的城市生产的单位+1移动力。解锁“军事传统”后获得领土扩张战争借口。宣布领土扩张战争后10回合内所有单位+1移动力。
update ModifierArguments set Value = 'CIVIC_MILITARY_TRADITION' where ModifierId = 'TRAIT_TERRITORIAL_WAR_PREREQ_OVERRIDE' and Name = 'CivicType';
update ModifierArguments set Value = 1 where ModifierId = 'TRAIT_TERRITORIAL_WAR_MOVEMENT' and Name = 'Amount';
delete from TraitModifiers where ModifierId = 'TRAIT_TERRITORIAL_WAR_COMBAT';
insert or replace into TraitModifiers
	(TraitType,							ModifierId)
values
	('TRAIT_LEADER_ARTHASHASTRA',		'TRAIT_LEADER_ARTHASHASTRA_EXTRA_MOVEMENT'),
	('TRAIT_LEADER_ARTHASHASTRA',		'TRAIT_LEADER_ARTHASHASTRA_POP_PRODUCTION_1'),
	('TRAIT_LEADER_ARTHASHASTRA',		'TRAIT_LEADER_ARTHASHASTRA_POP_PRODUCTION_2'),
	('TRAIT_LEADER_ARTHASHASTRA',		'TRAIT_LEADER_ARTHASHASTRA_POP_PRODUCTION_3'),
	('TRAIT_LEADER_ARTHASHASTRA',		'TRAIT_LEADER_ARTHASHASTRA_POP_PRODUCTION_4'),
	('TRAIT_LEADER_ARTHASHASTRA',		'TRAIT_LEADER_ARTHASHASTRA_EXTRA_STRENGTH_1'),
	('TRAIT_LEADER_ARTHASHASTRA',		'TRAIT_LEADER_ARTHASHASTRA_EXTRA_STRENGTH_2'),
	('TRAIT_LEADER_ARTHASHASTRA',		'TRAIT_LEADER_ARTHASHASTRA_EXTRA_STRENGTH_3'),
	('TRAIT_LEADER_ARTHASHASTRA',		'TRAIT_LEADER_ARTHASHASTRA_EXTRA_STRENGTH_4');
insert or replace into Modifiers
	(ModifierId,											ModifierType,															SubjectRequirementSetId)
values
	('TRAIT_LEADER_ARTHASHASTRA_EXTRA_MOVEMENT',			'MODIFIER_PLAYER_CITIES_ATTACH_MODIFIER',								'CITY_HAS_DISTRICT_GOVERNMENT_REQUIREMENTS'),
	('TRAIT_LEADER_ARTHASHASTRA_EXTRA_MOVEMENT_MODIFIER',	'MODIFIER_SINGLE_CITY_GRANT_ABILITY_FOR_TRAINED_UNITS',					NULL),
	('ARTHASHASTRA_EXTRA_MOVEMENT',							'MODIFIER_PLAYER_UNIT_ADJUST_MOVEMENT',									NULL),
	('TRAIT_LEADER_ARTHASHASTRA_POP_PRODUCTION_1',			'MODIFIER_PLAYER_CITIES_ADJUST_CITY_YIELD_PER_POPULATION',				'PLAYER_HAS_GOVERNMENTS_TIER_1'),
	('TRAIT_LEADER_ARTHASHASTRA_POP_PRODUCTION_2',			'MODIFIER_PLAYER_CITIES_ADJUST_CITY_YIELD_PER_POPULATION',				'PLAYER_HAS_GOVERNMENTS_TIER_2'),
	('TRAIT_LEADER_ARTHASHASTRA_POP_PRODUCTION_3',			'MODIFIER_PLAYER_CITIES_ADJUST_CITY_YIELD_PER_POPULATION',				'PLAYER_HAS_GOVERNMENTS_TIER_3'),
	('TRAIT_LEADER_ARTHASHASTRA_POP_PRODUCTION_4',			'MODIFIER_PLAYER_CITIES_ADJUST_CITY_YIELD_PER_POPULATION',				'PLAYER_HAS_GOVERNMENTS_TIER_4'),
	('TRAIT_LEADER_ARTHASHASTRA_EXTRA_STRENGTH_1',			'MODIFIER_PLAYER_UNITS_ATTACH_MODIFIER',								'PLAYER_HAS_GOVERNMENTS_TIER_1'),
	('TRAIT_LEADER_ARTHASHASTRA_EXTRA_STRENGTH_2',			'MODIFIER_PLAYER_UNITS_ATTACH_MODIFIER',								'PLAYER_HAS_GOVERNMENTS_TIER_2'),
	('TRAIT_LEADER_ARTHASHASTRA_EXTRA_STRENGTH_3',			'MODIFIER_PLAYER_UNITS_ATTACH_MODIFIER',								'PLAYER_HAS_GOVERNMENTS_TIER_3'),
	('TRAIT_LEADER_ARTHASHASTRA_EXTRA_STRENGTH_4',			'MODIFIER_PLAYER_UNITS_ATTACH_MODIFIER',								'PLAYER_HAS_GOVERNMENTS_TIER_4'),
	('TRAIT_LEADER_ARTHASHASTRA_EXTRA_STRENGTH',			'MODIFIER_UNIT_ADJUST_COMBAT_STRENGTH',									NULL);
insert or replace into ModifierArguments
	(ModifierId,											Name,				Value)
values
	('TRAIT_LEADER_ARTHASHASTRA_EXTRA_MOVEMENT',			'ModifierId',		'TRAIT_LEADER_ARTHASHASTRA_EXTRA_MOVEMENT_MODIFIER'),
	('TRAIT_LEADER_ARTHASHASTRA_EXTRA_MOVEMENT_MODIFIER',	'AbilityType',		'ABILITY_ARTHASHASTRA_EXTRA_MOVEMENT'),
	('ARTHASHASTRA_EXTRA_MOVEMENT',							'Amount',			1),
	('TRAIT_LEADER_ARTHASHASTRA_POP_PRODUCTION_1',			'Amount',			0.5),
	('TRAIT_LEADER_ARTHASHASTRA_POP_PRODUCTION_1',			'YieldType',		'YIELD_PRODUCTION'),
	('TRAIT_LEADER_ARTHASHASTRA_POP_PRODUCTION_2',			'Amount',			0.5),
	('TRAIT_LEADER_ARTHASHASTRA_POP_PRODUCTION_2',			'YieldType',		'YIELD_PRODUCTION'),
	('TRAIT_LEADER_ARTHASHASTRA_POP_PRODUCTION_3',			'Amount',			0.5),
	('TRAIT_LEADER_ARTHASHASTRA_POP_PRODUCTION_3',			'YieldType',		'YIELD_PRODUCTION'),
	('TRAIT_LEADER_ARTHASHASTRA_POP_PRODUCTION_4',			'Amount',			0.5),
	('TRAIT_LEADER_ARTHASHASTRA_POP_PRODUCTION_4',			'YieldType',		'YIELD_PRODUCTION'),
	('TRAIT_LEADER_ARTHASHASTRA_EXTRA_STRENGTH_1',			'ModifierId',		'TRAIT_LEADER_ARTHASHASTRA_EXTRA_STRENGTH'),
	('TRAIT_LEADER_ARTHASHASTRA_EXTRA_STRENGTH_2',			'ModifierId',		'TRAIT_LEADER_ARTHASHASTRA_EXTRA_STRENGTH'),
	('TRAIT_LEADER_ARTHASHASTRA_EXTRA_STRENGTH_3',			'ModifierId',		'TRAIT_LEADER_ARTHASHASTRA_EXTRA_STRENGTH'),
	('TRAIT_LEADER_ARTHASHASTRA_EXTRA_STRENGTH_4',			'ModifierId',		'TRAIT_LEADER_ARTHASHASTRA_EXTRA_STRENGTH'),
	('TRAIT_LEADER_ARTHASHASTRA_EXTRA_STRENGTH',			'Amount',			2);
insert or replace into ModifierStrings
	(ModifierId,											Context,			Text)
values
	('TRAIT_LEADER_ARTHASHASTRA_EXTRA_STRENGTH',			'Preview',			'+{1_Amount}{LOC_TRAIT_LEADER_ARTHASHASTRA_EXTRA_STRENGTH_PREVIEW_TEXT}');
--美国
delete from TraitModifiers where ModifierId = 'TRAIT_ANTIQUES_AND_PARKS_CULTURE_FORESTS_OR_WONDERS' or ModifierId = 'TRAIT_ANTIQUES_AND_PARKS_SCIENCE_NATIONAL_WONDERS_OR_MOUNTAINS';
insert or replace into TraitModifiers
	(TraitType,								ModifierId)
select
	'TRAIT_LEADER_ANTIQUES_AND_PARKS',		'TRAIT_LEADER_ANTIQUES_AND_PARKS_BASE'
where exists (select TraitType from Traits where TraitType = 'TRAIT_LEADER_ANTIQUES_AND_PARKS');
insert or replace into Modifiers
	(ModifierId,														ModifierType,									SubjectRequirementSetId)
values
	('TRAIT_LEADER_ANTIQUES_AND_PARKS_BASE',							'MODIFIER_PLAYER_ADJUST_PLOT_YIELD',			'PLOT_BREATHTAKING_APPEAL');
insert or replace into ModifierArguments
	(ModifierId,														Name,						Value)
values
	('TRAIT_LEADER_ANTIQUES_AND_PARKS_BASE',							'YieldType',				'YIELD_CULTURE,YIELD_SCIENCE'),
	('TRAIT_LEADER_ANTIQUES_AND_PARKS_BASE',							'Amount',					'1,1');