-- New Policy Cards
insert or replace into Types
	(Type,									Kind)
values
	('POLICY_FREELANCERS',					'KIND_POLICY'),
	('POLICY_MARITIME_INFRASTRUCTURE',		'KIND_POLICY'),
	('POLICY_SEABORNE_SUPPLY',				'KIND_POLICY'),
	('POLICY_GARRISON_RECLAMATION',			'KIND_POLICY'),
	('POLICY_PRIMITIVE_COMMUNE',			'KIND_POLICY'),
	('POLICY_OVERALL_PLANNING',				'KIND_POLICY'),
	('POLICY_DOMESTIC_TRADE',				'KIND_POLICY'),
	('POLICY_HIGHWAY',						'KIND_POLICY'),
	('POLICY_SILK_ROAD',					'KIND_POLICY'),
	('POLICY_WALL_HOUSING',					'KIND_POLICY'),
	('POLICY_WRESTING_AND_MANEUVERS',		'KIND_POLICY'),
	('POLICY_WONDERS_MISLEAD_COUNTRY',		'KIND_POLICY'),
	('POLICY_CITY_CENTRALIZATION',			'KIND_POLICY'),
	('POLICY_CONSTRUCTION_CROPS',			'KIND_POLICY'),
	('POLICY_DRILL',						'KIND_POLICY'),
	('POLICY_TRIBUTE_TRADE',				'KIND_POLICY'),
	('POLICY_SELF_DETERMINATION',			'KIND_POLICY'),
	('POLICY_SOCIAL_STATISTICS',			'KIND_POLICY'),
	('POLICY_PLUTONOMY',					'KIND_POLICY'),
	('POLICY_PHILOSOPHY_EDUCATION',			'KIND_POLICY'),
	('POLICY_PURITAN',						'KIND_POLICY'),
	('POLICY_SCIENTIFIC_EXPEDITIONS',		'KIND_POLICY'),
	('POLICY_SISHU',						'KIND_POLICY'),
	('POLICY_COMPILE',						'KIND_POLICY'),
	('POLICY_SUPPLY_LINES',					'KIND_POLICY'),
	('POLICY_SCHOLAR_BUREAUCRAT',			'KIND_POLICY'),
	('POLICY_NEW_ROUTE',					'KIND_POLICY'),
	('POLICY_WATER_TRANSPORT',				'KIND_POLICY'),
	('POLICY_TEXTBOOK',						'KIND_POLICY'),
	('POLICY_SUPERPOWER',					'KIND_POLICY'),
	('POLICY_DEEP_WATER_PORT',				'KIND_POLICY'), 
	('POLICY_GREEN_CITY',					'KIND_POLICY'),
	('POLICY_TRAVEL_BLOGGER', 				'KIND_POLICY'),
	('POLICY_INFRASTRUCTURE_CONSTRUCTION',	'KIND_POLICY'),
	('POLICY_WEAPONS_MANAGEMENT_SERVICE',	'KIND_POLICY'),
	('POLICY_FORTIFICATIONS',				'KIND_POLICY'),
	('POLICY_INTERNATIONALISM',				'KIND_POLICY'),
	('POLICY_SOCIAL_DARWINISM',				'KIND_POLICY'),
	('POLICY_WELL_FIELD',					'KIND_POLICY'),
	('POLICY_HOUSEHOOD_REGISTRATION',		'KIND_POLICY'),
	('POLICY_HAJJ',							'KIND_POLICY'),
	('POLICY_MARTIAL_ELECTION',				'KIND_POLICY'),
	('POLICY_GLADIATORIAL_GAME',			'KIND_POLICY'),
	('POLICY_MINARET',						'KIND_POLICY'),
	('POLICY_BREEDING',            			'KIND_POLICY'),
	('POLICY_FORGING',            			'KIND_POLICY'),
	('POLICY_GUNPOWDER_RESEARCH',           'KIND_POLICY'),
	('POLICY_ELECTROLYTIC_ALUMINIUM',       'KIND_POLICY'),
	('POLICY_HD_I_PROMISE',       			'KIND_POLICY'),
	('POLICY_SUSTAINABLE_DEVELOPEMENT',     'KIND_POLICY'),
	('POLICY_HD_WORRIER_CLASS',     'KIND_POLICY'),
	('POLICY_HD_MUDBRICK_WHARF',     'KIND_POLICY'),
	('POLICY_HD_GULF_TRADE',     'KIND_POLICY'),
	('POLICY_HD_SCOUT_TRAINING',     'KIND_POLICY'),
	('POLICY_HD_MONUMENT_CEREMONY',     'KIND_POLICY'),
	('POLICY_HD_HUMAN_SACRIFICE',     'KIND_POLICY'),
	('POLICY_HD_PRIEST_CLASS',     'KIND_POLICY'),
	('POLICY_HD_SECULAR_LITERATURE',     'KIND_POLICY'),
	('POLICY_HD_LEVEL',     'KIND_POLICY'),
	('POLICY_HD_HERBAL_MEDICINE',     'KIND_POLICY'),
	('POLICY_HD_DIGITAL_TOURISM',     'KIND_POLICY'),
	('POLICY_HD_MUSEUM_TICKET',     'KIND_POLICY'),
	('POLICY_HD_HUMAN_RESOURCES',     'KIND_POLICY'),
	('POLICY_HD_PUBLIC_SPACE_DESIGN',     'KIND_POLICY'),
	('POLICY_HD_REALISM',     'KIND_POLICY'),
	('POLICY_HD_DA_SI_KONG',     'KIND_POLICY'),
	('POLICY_HD_MILITARY_CONSTRUCTION',     'KIND_POLICY'),
	-- ('POLICY_HD_3D_TRAFFIC_NETWORK',     'KIND_POLICY'),
	('POLICY_HD_PORT_CARGO',     'KIND_POLICY'),
	('POLICY_HD_COMMERCIAL_LAW',     'KIND_POLICY'),
	('POLICY_HD_DEMOGRAPHIC_STATISTICS',     'KIND_POLICY'),
	('POLICY_HD_BLOCKCHAIN',     'KIND_POLICY'),
	('POLICY_HD_REINDUSTRIALIZATION',     'KIND_POLICY'),
	('POLICY_HD_COMPULSORY_EDUCATION',     'KIND_POLICY'),
	('POLICY_HD_DISTANCE_EDUCATION',     'KIND_POLICY'),
	('POLICY_HD_LITERARY_NEWS_AGENCY',     'KIND_POLICY'),
	('POLICY_HD_BLOCK_MANAGEMENT',     'KIND_POLICY'),
	('POLICY_HD_ORACLE',     'KIND_POLICY'),
	('POLICY_HD_INTANGIBLE_TRADE',     'KIND_POLICY'),
	('POLICY_HD_NATIONAL_DEFENSE_ROAD',     'KIND_POLICY'),
	('POLICY_HD_EXCHANGE_RATE_REGULATION',     'KIND_POLICY'),
	('POLICY_HD_INTERNATIONAL_AID',     'KIND_POLICY'),
	('POLICY_HD_BUREAUCRATIZATION_OF_NATIVE_OFFICERS',     'KIND_POLICY'),
	('POLICY_HD_WIN_WIN',     'KIND_POLICY'),
	('POLICY_HD_CHEONGWAN',     'KIND_POLICY'),
	('POLICY_HD_CHANNEL_ADMINISTRATOR',     'KIND_POLICY'),
	('POLICY_HD_TECH_REVOLUTION',     'KIND_POLICY'),
	('POLICY_HD_ACADEMIC_MEETING',     'KIND_POLICY'),
	('POLICY_HD_NATIONAL_CULTURE',     'KIND_POLICY'),
	('POLICY_HD_PATTERN',     'KIND_POLICY'),
	('POLICY_HD_PSALM',     'KIND_POLICY'),
	('POLICY_HD_SUBCULTURAL_TREND',     'KIND_POLICY'),
	('POLICY_HD_OCEAN_VOYAGE',     'KIND_POLICY'),
	('POLICY_HD_INVESTMENT',     'KIND_POLICY'),
	('POLICY_HD_REVIVAL_OF_NATIONHOOD',     'KIND_POLICY'),
	('POLICY_HD_CIVIC_RIGHTS',     'KIND_POLICY'),
	('POLICY_HD_CONSTITUTIONAL_STUDY',     'KIND_POLICY'),
	('POLICY_HD_MODERNIZATION_LAW',     'KIND_POLICY'),
	('POLICY_HD_CLONE_RESEARCH',     'KIND_POLICY'),
	('POLICY_HD_HIGH_TECH_INDUSTRY',     'KIND_POLICY'),
	('POLICY_HD_FREEDOM_OF_SPEECH',     'KIND_POLICY'),
	('POLICY_HD_ROMANTICISM',     'KIND_POLICY'),
	('POLICY_HD_AUCTION',     'KIND_POLICY'),
	('POLICY_HD_COMPARATIVE_LITERATURE',     'KIND_POLICY'),
	('POLICY_HD_PHONETICS',     'KIND_POLICY'),
	('POLICY_HD_DEINDUSTRIALIZATION',     'KIND_POLICY'),
	('POLICY_HD_TRADE_PROTECTIONISM',     'KIND_POLICY'),
	('POLICY_HD_URBAN_EXHIBITION',     'KIND_POLICY'),
	('POLICY_HD_CULTURAL_COLONIZATION',     'KIND_POLICY'),
	('POLICY_HD_DADAISM',     'KIND_POLICY'),
	('POLICY_HD_TRAVEL_AGENCY',     'KIND_POLICY'),
	('POLICY_HD_GOSPEL_LOCALISATION',     'KIND_POLICY'),
	('POLICY_HD_TRANSLATE', 'KIND_POLICY'),
	('POLICY_HD_CIVIC_ASSEMBLY',     'KIND_POLICY'),
	('POLICY_HD_DIONYSIAN_CARNIVAL',     'KIND_POLICY'),
	('POLICY_HD_SPORTS_MEET',     'KIND_POLICY'),
	('POLICY_HD_SEPARATION_OF_POWERS',     'KIND_POLICY'),
	('POLICY_HD_ELECTED_POLITICS',     'KIND_POLICY'),
	('POLICY_HD_FIVE_YEAR_PLAN',     'KIND_POLICY'),
	('POLICY_HD_NATIONALIZATION_OF_ENTERPRISES',     'KIND_POLICY'),
	('POLICY_HD_TRUMAN_DOCTRINE',     'KIND_POLICY'),
	('POLICY_HD_FINANCIAL_MONOPOLY',     'KIND_POLICY'),
	('POLICY_HD_AUTONOMY',     'KIND_POLICY'),
	('POLICY_HD_WAR_ECONOMY',     'KIND_POLICY'),
	('POLICY_HD_FOSSIL_RESEARCH',     'KIND_POLICY'),
	('POLICY_HD_ADAPTATION_TO_LOCAL',     'KIND_POLICY'),
	('POLICY_HD_SCIENCE_AND_EDUCATION',     'KIND_POLICY'),
	('POLICY_HD_GRASSROOTS_GOVERNANCE',     'KIND_POLICY'),
	('POLICY_HD_PUBLIC_SECURITY',     'KIND_POLICY'),
	('POLICY_HD_WATERSIDE_PAVILIONS',     'KIND_POLICY'),
	('POLICY_HD_AIR_CONDITIONING_SYSTEM',     'KIND_POLICY'),
	('POLICY_HD_SOCIAL_WELFARE',     'KIND_POLICY'),
	('POLICY_HD_URBAN_DIGITIZATION',     'KIND_POLICY'),
	('POLICY_HD_URBAN_AGGLOMERATION',     'KIND_POLICY'),
	('POLICY_HD_CIVIL_LAW',     'KIND_POLICY'),
	('POLICY_HD_MILITARY_SUPPLIER',     'KIND_POLICY'),
	('POLICY_HD_FAMILY_CREST',     'KIND_POLICY'),
	('POLICY_HD_DA_SI_TU',     'KIND_POLICY'),
	('POLICY_HD_DA_SI_MA',     'KIND_POLICY'),
	('POLICY_HD_GOLDEN_ELIXIR',     'KIND_POLICY'),
	('POLICY_HD_MUSEUM_MANAGEMENT',     'KIND_POLICY'),
	('POLICY_HD_ORTHOGRAPHY',     'KIND_POLICY'),
	('POLICY_HD_DEFENSE_DEPLOYMENT',     'KIND_POLICY'),
	('POLICY_HD_WATER_CONSERVANCY_PROJECT',     'KIND_POLICY'),
	('POLICY_HD_UNEMPLOYMENT_ASSIST',     'KIND_POLICY'),
	('POLICY_HD_STANDARDIZED_PRODUCTION',     'KIND_POLICY'),
	('POLICY_HD_EFFECTIVE_ACCELERATIONISM',     'KIND_POLICY'),
	('POLICY_HD_GREAT_AWAKENING',     'KIND_POLICY'),
	('POLICY_HD_RELIGIOUS_BROADCASTING',     'KIND_POLICY'),
	('POLICY_HD_PETROLEUM_ECONOMICS',     'KIND_POLICY'),
	('POLICY_HD_DIGITAL_UPGRADE',     'KIND_POLICY'),
	('POLICY_HD_INTELLIGENT_TRAINING',     'KIND_POLICY'),
	('POLICY_HD_CRYPTOCURRENCY',     'KIND_POLICY'),
	('POLICY_HD_DIGITAL_TWIN',     'KIND_POLICY'),
	('POLICY_HD_INTELLIGENT_INDUSTRY',     'KIND_POLICY'),
	('POLICY_HD_INTELLIGENT_CITY',     'KIND_POLICY'),
	('POLICY_HD_MANKIND_FUTURE',     'KIND_POLICY'),
	('POLICY_HD_WAR_DANCE',     'KIND_POLICY'),
	('POLICY_HD_DRY_STONE',     'KIND_POLICY'),
	('POLICY_HD_BIOSYSTEMATICS',     'KIND_POLICY'),
	('POLICY_HD_CHARCOAL_KILN',     'KIND_POLICY'),
	('POLICY_HD_AGRICULTURAL_MECHANIZATION',     'KIND_POLICY'),
	('POLICY_HD_UNMANNED_FACTORY',     'KIND_POLICY'),
	('POLICY_HD_ROBOT_PRODUCTION',     'KIND_POLICY');

insert or replace into Policies
	(PolicyType,							Name,											Description,											PrereqCivic,								PrereqTech,					GovernmentSlotType)
values
	('POLICY_FREELANCERS',					'LOC_POLICY_FREELANCERS_NAME',					'LOC_POLICY_FREELANCERS_DESCRIPTION',					'CIVIC_MERCENARIES',						null,						'SLOT_MILITARY'),
	('POLICY_MARITIME_INFRASTRUCTURE',		'LOC_POLICY_MARITIME_INFRASTRUCTURE_NAME',		'LOC_POLICY_MARITIME_INFRASTRUCTURE_DESCRIPTION',		'CIVIC_NAVAL_TRADITION',					null,						'SLOT_ECONOMIC'),
	('POLICY_SEABORNE_SUPPLY',				'LOC_POLICY_SEABORNE_SUPPLY_NAME',				'LOC_POLICY_SEABORNE_SUPPLY_DESCRIPTION',				'CIVIC_EXPLORATION',						null,						'SLOT_ECONOMIC'),
	('POLICY_GARRISON_RECLAMATION',			'LOC_POLICY_GARRISON_RECLAMATION_NAME',			'LOC_POLICY_GARRISON_RECLAMATION_DESCRIPTION',			'CIVIC_FEUDALISM',							null,						'SLOT_MILITARY'),
	('POLICY_PRIMITIVE_COMMUNE',			'LOC_POLICY_PRIMITIVE_COMMUNE_NAME',			'LOC_POLICY_PRIMITIVE_COMMUNE_DESCRIPTION',				'CIVIC_CRAFTSMANSHIP',						null,						'SLOT_ECONOMIC'),
	('POLICY_OVERALL_PLANNING',				'LOC_POLICY_OVERALL_PLANNING_NAME',				'LOC_POLICY_OVERALL_PLANNING_DESCRIPTION',				'CIVIC_COMMERCIAL_CAPITALISM_HD',						null,						'SLOT_MILITARY'),
	('POLICY_DOMESTIC_TRADE',				'LOC_POLICY_DOMESTIC_TRADE_NAME',				'LOC_POLICY_DOMESTIC_TRADE_DESCRIPTION',				null,										'TECH_TEXTILE_HD',			'SLOT_ECONOMIC'),
	('POLICY_HIGHWAY',						'LOC_POLICY_HIGHWAY_NAME',						'LOC_POLICY_HIGHWAY_DESCRIPTION',						'CIVIC_IMPERIAL_EXAMINATION_SYSTEM_HD',		null,						'SLOT_ECONOMIC'),
	('POLICY_SILK_ROAD',					'LOC_POLICY_SILK_ROAD_NAME',					'LOC_POLICY_SILK_ROAD_DESCRIPTION',						'CIVIC_MEDIEVAL_FAIRES',					null,						'SLOT_ECONOMIC'),
	('POLICY_WALL_HOUSING',					'LOC_POLICY_WALL_HOUSING_NAME',					'LOC_POLICY_WALL_HOUSING_DESCRIPTION',					null,						'TECH_CASTLES',						'SLOT_MILITARY'),
	('POLICY_WRESTING_AND_MANEUVERS',		'LOC_POLICY_WRESTING_AND_MANEUVERS_NAME',		'LOC_POLICY_WRESTING_AND_MANEUVERS_DESCRIPTION',		'CIVIC_MERCENARIES',						null,						'SLOT_MILITARY'),
	('POLICY_WONDERS_MISLEAD_COUNTRY',		'LOC_POLICY_WONDERS_MISLEAD_COUNTRY_NAME',		'LOC_POLICY_WONDERS_MISLEAD_COUNTRY_DESCRIPTION',		null,										null,						'SLOT_WILDCARD'),
	('POLICY_CITY_CENTRALIZATION',			'LOC_POLICY_CITY_CENTRALIZATION_NAME',			'LOC_POLICY_CITY_CENTRALIZATION_DESCRIPTION',			'CIVIC_URBANIZATION',						null,						'SLOT_ECONOMIC'),
	('POLICY_CONSTRUCTION_CROPS',			'LOC_POLICY_CONSTRUCTION_CROPS_NAME',			'LOC_POLICY_CONSTRUCTION_CROPS_DESCRIPTION',			null,						'TECH_CATERPILLAR_TRACK_HD',						'SLOT_MILITARY'),
	('POLICY_DRILL',						'LOC_POLICY_DRILL_NAME',						'LOC_POLICY_DRILL_DESCRIPTION',							'CIVIC_MILITARY_TRAINING',					null,						'SLOT_MILITARY'),
	('POLICY_TRIBUTE_TRADE',				'LOC_POLICY_TRIBUTE_TRADE_NAME',				'LOC_POLICY_TRIBUTE_TRADE_DESCRIPTION',					'CIVIC_RECORDED_HISTORY',					null,						'SLOT_ECONOMIC'),
	('POLICY_SELF_DETERMINATION',			'LOC_POLICY_SELF_DETERMINATION_NAME',			'LOC_POLICY_SELF_DETERMINATION_DESCRIPTION',			'CIVIC_NATIONALISM',						null,						'SLOT_MILITARY'),
	('POLICY_SOCIAL_STATISTICS',			'LOC_POLICY_SOCIAL_STATISTICS_NAME',			'LOC_POLICY_SOCIAL_STATISTICS_DESCRIPTION',				'CIVIC_SOCIAL_SCIENCE_HD',					null,						'SLOT_DIPLOMATIC'),
	('POLICY_PLUTONOMY',					'LOC_POLICY_PLUTONOMY_NAME',					'LOC_POLICY_PLUTONOMY_DESCRIPTION',						'CIVIC_SOCIAL_SCIENCE_HD',					null,						'SLOT_ECONOMIC'),
	('POLICY_PHILOSOPHY_EDUCATION',			'LOC_POLICY_PHILOSOPHY_EDUCATION_NAME',			'LOC_POLICY_PHILOSOPHY_EDUCATION_DESCRIPTION',			'CIVIC_HISTORICAL_PHILOSOPHY_HD',			null,						'SLOT_GREAT_PERSON'),
	('POLICY_PURITAN',						'LOC_POLICY_PURITAN_NAME',						'LOC_POLICY_PURITAN_DESCRIPTION',						'CIVIC_ETHICS_HD',							null,						'SLOT_DIPLOMATIC'),
	('POLICY_SCIENTIFIC_EXPEDITIONS',		'LOC_POLICY_SCIENTIFIC_EXPEDITIONS_NAME',		'LOC_POLICY_SCIENTIFIC_EXPEDITIONS_DESCRIPTION',		'CIVIC_EVOLUTION_THEORY_HD',				null,						'SLOT_MILITARY'),
	('POLICY_SISHU',						'LOC_POLICY_SISHU_NAME',						'LOC_POLICY_SISHU_DESCRIPTION',							'CIVIC_IMPERIAL_EXAMINATION_SYSTEM_HD',		null,						'SLOT_DIPLOMATIC'),
	('POLICY_COMPILE',						'LOC_POLICY_COMPILE_NAME',						'LOC_POLICY_COMPILE_DESCRIPTION',						null,										'TECH_PAPER_MAKING_HD',		'SLOT_GREAT_PERSON'),
	('POLICY_SUPPLY_LINES',					'LOC_POLICY_SUPPLY_LINES_NAME',					'LOC_POLICY_SUPPLY_LINES_DESCRIPTION',					null,										'TECH_MILITARY_TACTICS',	'SLOT_MILITARY'),
	('POLICY_SCHOLAR_BUREAUCRAT',			'LOC_POLICY_SCHOLAR_BUREAUCRAT_NAME',			'LOC_POLICY_SCHOLAR_BUREAUCRAT_DESCRIPTION',			'CIVIC_IMPERIAL_EXAMINATION_SYSTEM_HD',		null,						'SLOT_GREAT_PERSON'),
	('POLICY_NEW_ROUTE',					'LOC_POLICY_NEW_ROUTE_NAME',					'LOC_POLICY_NEW_ROUTE_DESCRIPTION',						'CIVIC_MERCANTILISM',						NULL,						'SLOT_ECONOMIC'),
	('POLICY_WATER_TRANSPORT',				'LOC_POLICY_WATER_TRANSPORT_NAME',				'LOC_POLICY_WATER_TRANSPORT_DESCRIPTION',				'CIVIC_MERCANTILISM',						null,						'SLOT_ECONOMIC'),
	('POLICY_TEXTBOOK',						'LOC_POLICY_TEXTBOOK_NAME',						'LOC_POLICY_TEXTBOOK_DESCRIPTION',						null,										'TECH_PRINTING',			'SLOT_GREAT_PERSON'),
	('POLICY_SUPERPOWER',					'LOC_POLICY_SUPERPOWER_NAME',					'LOC_POLICY_SUPERPOWER_DESCRIPTION',					'CIVIC_COLD_WAR',							null,						'SLOT_MILITARY'),
	('POLICY_DEEP_WATER_PORT',				'LOC_POLICY_DEEP_WATER_PORT_NAME',				'LOC_POLICY_DEEP_WATER_PORT_DESCRIPTION',				null,						'TECH_OCEANOGRAPHY_HD',						'SLOT_ECONOMIC'), 
	('POLICY_GREEN_CITY',					'LOC_POLICY_GREEN_CITY_NAME',					'LOC_POLICY_GREEN_CITY_DESCRIPTION',					'CIVIC_ENVIRONMENTALISM',					null,						'SLOT_ECONOMIC'),
	('POLICY_TRAVEL_BLOGGER', 				'LOC_POLICY_TRAVEL_BLOGGER_NAME', 				'LOC_POLICY_TRAVEL_BLOGGER_DESCRIPTION', 				'CIVIC_SOCIAL_MEDIA', 						null,						'SLOT_DIPLOMATIC'),
	('POLICY_INFRASTRUCTURE_CONSTRUCTION',	'LOC_POLICY_INFRASTRUCTURE_CONSTRUCTION_NAME',	'LOC_POLICY_INFRASTRUCTURE_CONSTRUCTION_DESCRIPTION',	'CIVIC_URBANIZATION',						null,						'SLOT_ECONOMIC'),
	('POLICY_WEAPONS_MANAGEMENT_SERVICE',	'LOC_POLICY_WEAPONS_MANAGEMENT_SERVICE_NAME',	'LOC_POLICY_WEAPONS_MANAGEMENT_SERVICE_DESCRIPTION',	'CIVIC_MILITARY_TRAINING',					null,			    		'SLOT_MILITARY'),
	('POLICY_FORTIFICATIONS',				'LOC_POLICY_FORTIFICATIONS_NAME',				'LOC_POLICY_FORTIFICATIONS_DESCRIPTION',				null,										'TECH_ENGINEERING',			'SLOT_MILITARY'),
	('POLICY_INTERNATIONALISM',				'LOC_POLICY_INTERNATIONALISM_NAME',				'LOC_POLICY_INTERNATIONALISM_DESCRIPTION',				'CIVIC_INTERNATIONALISM_HD',						null,			    		'SLOT_DIPLOMATIC'),
	('POLICY_SOCIAL_DARWINISM',				'LOC_POLICY_SOCIAL_DARWINISM_NAME',				'LOC_POLICY_SOCIAL_DARWINISM_DESCRIPTION',				'CIVIC_EVOLUTION_THEORY_HD',				null,			    		'SLOT_MILITARY'),
	('POLICY_WELL_FIELD',					'LOC_POLICY_WELL_FIELD_NAME',					'LOC_POLICY_WELL_FIELD_DESCRIPTION',					'CIVIC_HOUSEHOLD_REGISTRATION_HD',					null,						'SLOT_ECONOMIC'),
	('POLICY_HOUSEHOOD_REGISTRATION',		'LOC_POLICY_HOUSEHOOD_REGISTRATION_NAME',		'LOC_POLICY_HOUSEHOOD_REGISTRATION_DESCRIPTION',		'CIVIC_HOUSEHOLD_REGISTRATION_HD',						null,			    		'SLOT_ECONOMIC'),
	('POLICY_HAJJ',							'LOC_POLICY_HAJJ_NAME',							'LOC_POLICY_HAJJ_DESCRIPTION',							'CIVIC_RECORDED_HISTORY',				null,			    		'SLOT_MILITARY'),
	('POLICY_MARTIAL_ELECTION',				'LOC_POLICY_MARTIAL_ELECTION_NAME',				'LOC_POLICY_MARTIAL_ELECTION_DESCRIPTION',				'CIVIC_IMPERIAL_EXAMINATION_SYSTEM_HD',		null,			    		'SLOT_GREAT_PERSON'),
	('POLICY_GLADIATORIAL_GAME',			'LOC_POLICY_GLADIATORIAL_GAME_NAME',			'LOC_POLICY_GLADIATORIAL_GAME_DESCRIPTION',				'CIVIC_GAMES_RECREATION',					null,			    		'SLOT_MILITARY'),
	('POLICY_MINARET',						'LOC_POLICY_MINARET_NAME',						'LOC_POLICY_MINARET_DESCRIPTION',						'CIVIC_REFORMED_CHURCH',					null,			    		'SLOT_DIPLOMATIC'),
	('POLICY_BREEDING',          			'LOC_POLICY_BREEDING_NAME',            			'LOC_POLICY_BREEDING_DESCRIPTION',             			null,                    'TECH_HORSEBACK_RIDING',                       'SLOT_MILITARY'),
	('POLICY_FORGING',          			'LOC_POLICY_FORGING_NAME',            			'LOC_POLICY_FORGING_DESCRIPTION',             			null,                    'TECH_BRONZE_WORKING',                       'SLOT_MILITARY'),
	('POLICY_GUNPOWDER_RESEARCH',          	'LOC_POLICY_GUNPOWDER_RESEARCH_NAME',           'LOC_POLICY_GUNPOWDER_RESEARCH_DESCRIPTION',            null,               			    'TECH_ALCHEMY_HD',                       'SLOT_MILITARY'),
	('POLICY_ELECTROLYTIC_ALUMINIUM',       'LOC_POLICY_ELECTROLYTIC_ALUMINIUM_NAME',       'LOC_POLICY_ELECTROLYTIC_ALUMINIUM_DESCRIPTION',        null,             		    'TECH_CHEMISTRY',                       'SLOT_MILITARY'),
	('POLICY_HD_I_PROMISE',					'LOC_POLICY_HD_I_PROMISE_NAME',					'LOC_POLICY_HD_I_PROMISE_DESCRIPTION',					'CIVIC_POLITICAL_PHILOSOPHY',				null,			    		'SLOT_ECONOMIC'),
	('POLICY_SUSTAINABLE_DEVELOPEMENT',     'LOC_POLICY_SUSTAINABLE_DEVELOPEMENT_NAME',     'LOC_POLICY_SUSTAINABLE_DEVELOPEMENT_DESCRIPTION',      'CIVIC_COLD_WAR',                  			null,                       'SLOT_MILITARY'),
	('POLICY_HD_WORRIER_CLASS',     'LOC_POLICY_HD_WORRIER_CLASS_NAME',     'LOC_POLICY_HD_WORRIER_CLASS_DESCRIPTION',      'CIVIC_EARLY_WARFARE_HD',                  			null,                       'SLOT_ECONOMIC'),
	('POLICY_HD_GULF_TRADE',     'LOC_POLICY_HD_GULF_TRADE_NAME',     'LOC_POLICY_HD_GULF_TRADE_DESCRIPTION',      'CIVIC_FOREIGN_TRADE',                  			null,                       'SLOT_ECONOMIC'),
	('POLICY_HD_MUDBRICK_WHARF',     'LOC_POLICY_HD_MUDBRICK_WHARF_NAME',     'LOC_POLICY_HD_MUDBRICK_WHARF_DESCRIPTION',      'CIVIC_FOREIGN_TRADE',                  			null,                       'SLOT_MILITARY'),
	('POLICY_HD_ORACLE',     'LOC_POLICY_HD_ORACLE_NAME',     'LOC_POLICY_HD_ORACLE_DESCRIPTION',      'CIVIC_FUNERAL_HD',                  			null,                       'SLOT_ECONOMIC'),
	('POLICY_HD_SCOUT_TRAINING',     'LOC_POLICY_HD_SCOUT_TRAINING_NAME',     'LOC_POLICY_HD_SCOUT_TRAINING_DESCRIPTION',      'CIVIC_CRAFTSMANSHIP',                  			null,                       'SLOT_MILITARY'),
	('POLICY_HD_HUMAN_SACRIFICE',     'LOC_POLICY_HD_HUMAN_SACRIFICE_NAME',     'LOC_POLICY_HD_HUMAN_SACRIFICE_DESCRIPTION',      'CIVIC_FUNERAL_HD',                  			null,                       'SLOT_MILITARY'),
	('POLICY_HD_MONUMENT_CEREMONY',     'LOC_POLICY_HD_MONUMENT_CEREMONY_NAME',     'LOC_POLICY_HD_MONUMENT_CEREMONY_DESCRIPTION',      'CIVIC_FUNERAL_HD',                  			null,                       'SLOT_ECONOMIC'),
	('POLICY_HD_PRIEST_CLASS',     'LOC_POLICY_HD_PRIEST_CLASS_NAME',     'LOC_POLICY_HD_PRIEST_CLASS_DESCRIPTION',      'CIVIC_FUNERAL_HD',                  			null,                       'SLOT_MILITARY'),
	('POLICY_HD_SECULAR_LITERATURE',     'LOC_POLICY_HD_SECULAR_LITERATURE_NAME',     'LOC_POLICY_HD_SECULAR_LITERATURE_DESCRIPTION',      'CIVIC_HUMANISM',                  			null,                       'SLOT_DIPLOMATIC'),
	('POLICY_HD_LEVEL',     'LOC_POLICY_HD_LEVEL_NAME',     'LOC_POLICY_HD_LEVEL_DESCRIPTION',      null,                  			'TECH_GEOMATICS_HD',                       'SLOT_ECONOMIC'),
	('POLICY_HD_HERBAL_MEDICINE',     'LOC_POLICY_HD_HERBAL_MEDICINE_NAME',     'LOC_POLICY_HD_HERBAL_MEDICINE_DESCRIPTION',      null,                  			'TECH_MEDICAL_SCIENCE_HD',                       'SLOT_DIPLOMATIC'),
	('POLICY_HD_MUSEUM_TICKET',     'LOC_POLICY_HD_MUSEUM_TICKET_NAME',     'LOC_POLICY_HD_MUSEUM_TICKET_DESCRIPTION',      'CIVIC_MUSEOLOGY_HD',                  			null,                       'SLOT_DIPLOMATIC'),
	('POLICY_HD_HUMAN_RESOURCES',     'LOC_POLICY_HD_HUMAN_RESOURCES_NAME',     'LOC_POLICY_HD_HUMAN_RESOURCES_DESCRIPTION',      'CIVIC_SOCIAL_SECURITY_SYSTEM_HD',                  			null,                       'SLOT_ECONOMIC'),
	('POLICY_HD_PUBLIC_SPACE_DESIGN',     'LOC_POLICY_HD_PUBLIC_SPACE_DESIGN_NAME',     'LOC_POLICY_HD_PUBLIC_SPACE_DESIGN_DESCRIPTION',      'CIVIC_URBAN_DESIGN_HD',                  			null,                       'SLOT_ECONOMIC'),
	('POLICY_HD_ADAPTATION_TO_LOCAL',     'LOC_POLICY_HD_ADAPTATION_TO_LOCAL_NAME',     'LOC_POLICY_HD_ADAPTATION_TO_LOCAL_DESCRIPTION',      'CIVIC_URBAN_DESIGN_HD',                  			null,                       'SLOT_ECONOMIC'),
	('POLICY_HD_REALISM',     'LOC_POLICY_HD_REALISM_NAME',     'LOC_POLICY_HD_REALISM_DESCRIPTION',      'CIVIC_MODERNISM_HD',                  			null,                       'SLOT_DIPLOMATIC'),
	('POLICY_HD_DA_SI_KONG',     'LOC_POLICY_HD_DA_SI_KONG_NAME',     'LOC_POLICY_HD_DA_SI_KONG_DESCRIPTION',      null,                  			'TECH_FUEL_HD',                       'SLOT_MILITARY'),
	('POLICY_HD_MILITARY_CONSTRUCTION',     'LOC_POLICY_HD_MILITARY_CONSTRUCTION_NAME',     'LOC_POLICY_HD_MILITARY_CONSTRUCTION_DESCRIPTION',      'CIVIC_SCORCHED_EARTH',                  			null,                       'SLOT_MILITARY'),
	-- ('POLICY_HD_3D_TRAFFIC_NETWORK',     'LOC_POLICY_HD_3D_TRAFFIC_NETWORK_NAME',     'LOC_POLICY_HD_3D_TRAFFIC_NETWORK_DESCRIPTION',      null,                  			'TECH_MODERN_TRAFFIC_HD',                       'SLOT_ECONOMIC'),
	('POLICY_HD_PORT_CARGO',     'LOC_POLICY_HD_PORT_CARGO_NAME',     'LOC_POLICY_HD_PORT_CARGO_DESCRIPTION',      null,                  			'TECH_COMPASS_HD',                       'SLOT_ECONOMIC'),
	('POLICY_HD_COMMERCIAL_LAW',     'LOC_POLICY_HD_COMMERCIAL_LAW_NAME',     'LOC_POLICY_HD_COMMERCIAL_LAW_DESCRIPTION',      'CIVIC_LAW_HD',                  			null,                       'SLOT_ECONOMIC'),
	('POLICY_HD_DEMOGRAPHIC_STATISTICS',     'LOC_POLICY_HD_DEMOGRAPHIC_STATISTICS_NAME',     'LOC_POLICY_HD_DEMOGRAPHIC_STATISTICS_DESCRIPTION',      'CIVIC_HOUSEHOLD_REGISTRATION_HD',                  			null,                       'SLOT_ECONOMIC'),
	('POLICY_HD_BLOCKCHAIN',     'LOC_POLICY_HD_BLOCKCHAIN_NAME',     'LOC_POLICY_HD_BLOCKCHAIN_DESCRIPTION',      null,                  			'TECH_TELECOMMUNICATIONS',                       'SLOT_ECONOMIC'),
	('POLICY_HD_REINDUSTRIALIZATION',     'LOC_POLICY_HD_REINDUSTRIALIZATION_NAME',     'LOC_POLICY_HD_REINDUSTRIALIZATION_DESCRIPTION',      null,                  			'TECH_COMPOSITES',                       'SLOT_ECONOMIC'),
	('POLICY_HD_COMPULSORY_EDUCATION',     'LOC_POLICY_HD_COMPULSORY_EDUCATION_NAME',     'LOC_POLICY_HD_COMPULSORY_EDUCATION_DESCRIPTION',      'CIVIC_ETHICS_HD',                  			null,                       'SLOT_DIPLOMATIC'),
	('POLICY_HD_DISTANCE_EDUCATION',     'LOC_POLICY_HD_DISTANCE_EDUCATION_NAME',     'LOC_POLICY_HD_DISTANCE_EDUCATION_DESCRIPTION',      null,                  			'TECH_INTERNET_HD',                       'SLOT_DIPLOMATIC'),
	('POLICY_HD_LITERARY_NEWS_AGENCY',     'LOC_POLICY_HD_LITERARY_NEWS_AGENCY_NAME',     'LOC_POLICY_HD_LITERARY_NEWS_AGENCY_DESCRIPTION',      'CIVIC_JOURNALISM_STUDIES_HD',                  			null,                       'SLOT_DIPLOMATIC'),
	('POLICY_HD_BLOCK_MANAGEMENT',     'LOC_POLICY_HD_BLOCK_MANAGEMENT_NAME',     'LOC_POLICY_HD_BLOCK_MANAGEMENT_DESCRIPTION',      null,                  			'TECH_MODERN_TRAFFIC_HD',                       'SLOT_ECONOMIC'),
	('POLICY_HD_INTANGIBLE_TRADE',     'LOC_POLICY_HD_INTANGIBLE_TRADE_NAME',     'LOC_POLICY_HD_INTANGIBLE_TRADE_DESCRIPTION',      'CIVIC_NEOCOLONIALISM_HD',                  			null,                       'SLOT_ECONOMIC'),
	('POLICY_HD_MILITARY_SUPPLIER',     'LOC_POLICY_HD_MILITARY_SUPPLIER_NAME',     'LOC_POLICY_HD_MILITARY_SUPPLIER_DESCRIPTION',      'CIVIC_SCORCHED_EARTH',                  			null,                       'SLOT_MILITARY'),
	('POLICY_HD_DEFENSE_DEPLOYMENT',     'LOC_POLICY_HD_DEFENSE_DEPLOYMENT_NAME',     'LOC_POLICY_HD_DEFENSE_DEPLOYMENT_DESCRIPTION',      'CIVIC_SCORCHED_EARTH',                  			null,                       'SLOT_MILITARY'),
	('POLICY_HD_NATIONAL_DEFENSE_ROAD',     'LOC_POLICY_HD_NATIONAL_DEFENSE_ROAD_NAME',     'LOC_POLICY_HD_NATIONAL_DEFENSE_ROAD_DESCRIPTION',      'CIVIC_SCORCHED_EARTH',                  			null,                       'SLOT_ECONOMIC'),
	('POLICY_HD_EXCHANGE_RATE_REGULATION',     'LOC_POLICY_HD_EXCHANGE_RATE_REGULATION_NAME',     'LOC_POLICY_HD_EXCHANGE_RATE_REGULATION_DESCRIPTION',      'CIVIC_CAPITALISM',                  			null,                       'SLOT_ECONOMIC'),
	('POLICY_HD_INTERNATIONAL_AID',     'LOC_POLICY_HD_INTERNATIONAL_AID_NAME',     'LOC_POLICY_HD_INTERNATIONAL_AID_DESCRIPTION',      'CIVIC_INTERNATIONALISM_HD',                  			null,                       'SLOT_ECONOMIC'),
	('POLICY_HD_BUREAUCRATIZATION_OF_NATIVE_OFFICERS',     'LOC_POLICY_HD_BUREAUCRATIZATION_OF_NATIVE_OFFICERS_NAME',     'LOC_POLICY_HD_BUREAUCRATIZATION_OF_NATIVE_OFFICERS_DESCRIPTION',      'CIVIC_DIPLOMATIC_SERVICE',                  			null,                       'SLOT_ECONOMIC'),
	('POLICY_HD_WIN_WIN',     'LOC_POLICY_HD_WIN_WIN_NAME',     'LOC_POLICY_HD_WIN_WIN_DESCRIPTION',      'CIVIC_INTERNATIONALISM_HD',                  			null,                       'SLOT_ECONOMIC'),
	('POLICY_HD_CHEONGWAN',     'LOC_POLICY_HD_CHEONGWAN_NAME',     'LOC_POLICY_HD_CHEONGWAN_DESCRIPTION',      null,                  			'TECH_MATHEMATICS',                       'SLOT_GREAT_PERSON'),
	('POLICY_HD_WATERSIDE_PAVILIONS',     'LOC_POLICY_HD_WATERSIDE_PAVILIONS_NAME',     'LOC_POLICY_HD_WATERSIDE_PAVILIONS_DESCRIPTION',      null,                  			'TECH_GEOMATICS_HD',                       'SLOT_ECONOMIC'),
	('POLICY_HD_WATER_CONSERVANCY_PROJECT',     'LOC_POLICY_HD_WATER_CONSERVANCY_PROJECT_NAME',     'LOC_POLICY_HD_WATER_CONSERVANCY_PROJECT_DESCRIPTION',      null,                  			'TECH_GEOMATICS_HD',                       'SLOT_ECONOMIC'),
	('POLICY_HD_CHANNEL_ADMINISTRATOR',     'LOC_POLICY_HD_CHANNEL_ADMINISTRATOR_NAME',     'LOC_POLICY_HD_CHANNEL_ADMINISTRATOR_DESCRIPTION',      null,                  			'TECH_GEOMATICS_HD',                       'SLOT_GREAT_PERSON'),
	('POLICY_HD_TECH_REVOLUTION',     'LOC_POLICY_HD_TECH_REVOLUTION_NAME',     'LOC_POLICY_HD_TECH_REVOLUTION_DESCRIPTION',      null,                  			'TECH_INDUSTRIALIZATION',                       'SLOT_GREAT_PERSON'),
	('POLICY_HD_ACADEMIC_MEETING',     'LOC_POLICY_HD_ACADEMIC_MEETING_NAME',     'LOC_POLICY_HD_ACADEMIC_MEETING_DESCRIPTION',      null,                  			'TECH_SCIENTIFIC_THEORY',                       'SLOT_GREAT_PERSON'),
	('POLICY_HD_NATIONAL_CULTURE',     'LOC_POLICY_HD_NATIONAL_CULTURE_NAME',     'LOC_POLICY_HD_NATIONAL_CULTURE_DESCRIPTION',      'CIVIC_NATIONALISM',                  			null,                       'SLOT_GREAT_PERSON'),
	('POLICY_HD_PATTERN',     'LOC_POLICY_HD_PATTERN_NAME',     'LOC_POLICY_HD_PATTERN_DESCRIPTION',      'CIVIC_CRAFTSMANSHIP',                  			null,                       'SLOT_MILITARY'),
	('POLICY_HD_PSALM',     'LOC_POLICY_HD_PSALM_NAME',     'LOC_POLICY_HD_PSALM_DESCRIPTION',      'CIVIC_THEOLOGY',                  			null,                       'SLOT_GREAT_PERSON'),
	('POLICY_HD_SUBCULTURAL_TREND',     'LOC_POLICY_HD_SUBCULTURAL_TREND_NAME',     'LOC_POLICY_HD_SUBCULTURAL_TREND_DESCRIPTION',      'CIVIC_MODERNISM_HD',                  			null,                       'SLOT_GREAT_PERSON'),
	('POLICY_HD_OCEAN_VOYAGE',     'LOC_POLICY_HD_OCEAN_VOYAGE_NAME',     'LOC_POLICY_HD_OCEAN_VOYAGE_DESCRIPTION',      null,                  			'TECH_OCEANOGRAPHY_HD',                       'SLOT_GREAT_PERSON'),
	('POLICY_HD_INVESTMENT',     'LOC_POLICY_HD_INVESTMENT_NAME',     'LOC_POLICY_HD_INVESTMENT_DESCRIPTION',      null,                  			'TECH_ECONOMICS',                       'SLOT_GREAT_PERSON'),
	('POLICY_HD_REVIVAL_OF_NATIONHOOD',     'LOC_POLICY_HD_REVIVAL_OF_NATIONHOOD_NAME',     'LOC_POLICY_HD_REVIVAL_OF_NATIONHOOD_DESCRIPTION',      'CIVIC_IDEOLOGY',                  			null,                       'SLOT_GREAT_PERSON'),
	('POLICY_HD_CIVIC_RIGHTS',     'LOC_POLICY_HD_CIVIC_RIGHTS_NAME',     'LOC_POLICY_HD_CIVIC_RIGHTS_DESCRIPTION',      'CIVIC_HUMAN_RIGHTS_HD',                  			null,                       'SLOT_DIPLOMATIC'),
	('POLICY_HD_CONSTITUTIONAL_STUDY',     'LOC_POLICY_HD_CONSTITUTIONAL_STUDY_NAME',     'LOC_POLICY_HD_CONSTITUTIONAL_STUDY_DESCRIPTION',      'CIVIC_LAW_HD',                  			null,                       'SLOT_ECONOMIC'),
	('POLICY_HD_MODERNIZATION_LAW',     'LOC_POLICY_HD_MODERNIZATION_LAW_NAME',     'LOC_POLICY_HD_MODERNIZATION_LAW_DESCRIPTION',      'CIVIC_IDEOLOGY',                  			null,                       'SLOT_DIPLOMATIC'),
	('POLICY_HD_CLONE_RESEARCH',     'LOC_POLICY_HD_CLONE_RESEARCH_NAME',     'LOC_POLICY_HD_CLONE_RESEARCH_DESCRIPTION',      null,                  			'TECH_GENETIC_ENGINEERING_HD',                       'SLOT_GREAT_PERSON'),
	('POLICY_HD_HIGH_TECH_INDUSTRY',     'LOC_POLICY_HD_HIGH_TECH_INDUSTRY_NAME',     'LOC_POLICY_HD_HIGH_TECH_INDUSTRY_DESCRIPTION',      null,                  			'TECH_INTEGRATED_CIRCUIT_HD',                       'SLOT_GREAT_PERSON'),
	('POLICY_HD_FREEDOM_OF_SPEECH',     'LOC_POLICY_HD_FREEDOM_OF_SPEECH_NAME',     'LOC_POLICY_HD_FREEDOM_OF_SPEECH_DESCRIPTION',      'CIVIC_HUMAN_RIGHTS_HD',                  			null,                       'SLOT_DIPLOMATIC'),
	('POLICY_HD_ROMANTICISM',     'LOC_POLICY_HD_ROMANTICISM_NAME',     'LOC_POLICY_HD_ROMANTICISM_DESCRIPTION',      'CIVIC_JOURNALISM_STUDIES_HD',                  			null,                       'SLOT_DIPLOMATIC'),
	('POLICY_HD_AUCTION',     'LOC_POLICY_HD_AUCTION_NAME',     'LOC_POLICY_HD_AUCTION_DESCRIPTION',      'CIVIC_JOURNALISM_STUDIES_HD',                  			null,                       'SLOT_DIPLOMATIC'),
	('POLICY_HD_COMPARATIVE_LITERATURE',     'LOC_POLICY_HD_COMPARATIVE_LITERATURE_NAME',     'LOC_POLICY_HD_COMPARATIVE_LITERATURE_DESCRIPTION',      'CIVIC_ANTHROPOLOGY_HD',                  			null,                       'SLOT_DIPLOMATIC'),
	('POLICY_HD_PHONETICS',     'LOC_POLICY_HD_PHONETICS_NAME',     'LOC_POLICY_HD_PHONETICS_DESCRIPTION',      'CIVIC_ANTHROPOLOGY_HD',                  			null,                       'SLOT_DIPLOMATIC'),
	('POLICY_HD_DEINDUSTRIALIZATION',     'LOC_POLICY_HD_DEINDUSTRIALIZATION_NAME',     'LOC_POLICY_HD_DEINDUSTRIALIZATION_DESCRIPTION',      'CIVIC_FINANCE_HD',                  			null,                       'SLOT_ECONOMIC'),
	('POLICY_HD_TRADE_PROTECTIONISM',     'LOC_POLICY_HD_TRADE_PROTECTIONISM_NAME',     'LOC_POLICY_HD_TRADE_PROTECTIONISM_DESCRIPTION',      'CIVIC_FINANCE_HD',                  			null,                       'SLOT_ECONOMIC'),
	('POLICY_HD_URBAN_EXHIBITION',     'LOC_POLICY_HD_URBAN_EXHIBITION_NAME',     'LOC_POLICY_HD_URBAN_EXHIBITION_DESCRIPTION',      null,                  			'TECH_RADIO',                       'SLOT_ECONOMIC'),
	('POLICY_HD_CULTURAL_COLONIZATION',     'LOC_POLICY_HD_CULTURAL_COLONIZATION_NAME',     'LOC_POLICY_HD_CULTURAL_COLONIZATION_DESCRIPTION',      'CIVIC_NEOCOLONIALISM_HD',                  			null,                       'SLOT_DIPLOMATIC'),
	('POLICY_HD_DADAISM',     'LOC_POLICY_HD_DADAISM_NAME',     'LOC_POLICY_HD_DADAISM_DESCRIPTION',      'CIVIC_MODERNISM_HD',                  			null,                       'SLOT_DIPLOMATIC'),
	('POLICY_HD_TRAVEL_AGENCY',     'LOC_POLICY_HD_TRAVEL_AGENCY_NAME',     'LOC_POLICY_HD_TRAVEL_AGENCY_DESCRIPTION',      null,                  			'TECH_INTERNET_HD',                       'SLOT_ECONOMIC'),
	('POLICY_HD_GOSPEL_LOCALISATION',     'LOC_POLICY_HD_GOSPEL_LOCALISATION_NAME',     'LOC_POLICY_HD_GOSPEL_LOCALISATION_DESCRIPTION',      'CIVIC_EXPLORATION',                  			null,                       'SLOT_DIPLOMATIC'),
	('POLICY_HD_TRANSLATE', 				'LOC_POLICY_HD_TRANSLATE_NAME', 					'LOC_POLICY_HD_TRANSLATE_DESCRIPTION', 					'CIVIC_EARLY_EMPIRE', 										null, 											'SLOT_DIPLOMATIC'),
	('POLICY_HD_CIVIC_ASSEMBLY',     'LOC_POLICY_HD_CIVIC_ASSEMBLY_NAME',     'LOC_POLICY_HD_CIVIC_ASSEMBLY_DESCRIPTION',      'CIVIC_STATE_WORKFORCE',                  			null,                       'SLOT_DIPLOMATIC'),
	('POLICY_HD_DIONYSIAN_CARNIVAL',     'LOC_POLICY_HD_DIONYSIAN_CARNIVAL_NAME',     'LOC_POLICY_HD_DIONYSIAN_CARNIVAL_DESCRIPTION',      'CIVIC_DRAMA_POETRY',                  			null,                       'SLOT_DIPLOMATIC'),
	('POLICY_HD_SPORTS_MEET',     'LOC_POLICY_HD_SPORTS_MEET_NAME',     'LOC_POLICY_HD_SPORTS_MEET_DESCRIPTION',      'CIVIC_PROFESSIONAL_SPORTS',                  			null,                       'SLOT_ECONOMIC'),
	('POLICY_HD_SEPARATION_OF_POWERS',     'LOC_POLICY_HD_SEPARATION_OF_POWERS_NAME',     'LOC_POLICY_HD_SEPARATION_OF_POWERS_DESCRIPTION',      'CIVIC_SUFFRAGE',                  			null,                       'SLOT_DIPLOMATIC'),
	('POLICY_HD_ELECTED_POLITICS',     'LOC_POLICY_HD_ELECTED_POLITICS_NAME',     'LOC_POLICY_HD_ELECTED_POLITICS_DESCRIPTION',      'CIVIC_SUFFRAGE',                  			null,                       'SLOT_ECONOMIC'),
	('POLICY_HD_FIVE_YEAR_PLAN',     'LOC_POLICY_HD_FIVE_YEAR_PLAN_NAME',     'LOC_POLICY_HD_FIVE_YEAR_PLAN_DESCRIPTION',      'CIVIC_CLASS_STRUGGLE',                  			null,                       'SLOT_ECONOMIC'),
	('POLICY_HD_NATIONALIZATION_OF_ENTERPRISES',     'LOC_POLICY_HD_NATIONALIZATION_OF_ENTERPRISES_NAME',     'LOC_POLICY_HD_NATIONALIZATION_OF_ENTERPRISES_DESCRIPTION',      'CIVIC_CLASS_STRUGGLE',                  			null,                       'SLOT_ECONOMIC'),
	('POLICY_HD_TRUMAN_DOCTRINE',     'LOC_POLICY_HD_TRUMAN_DOCTRINE_NAME',     'LOC_POLICY_HD_TRUMAN_DOCTRINE_DESCRIPTION',      'CIVIC_COLD_WAR',                  			null,                       'SLOT_ECONOMIC'),
	('POLICY_HD_FINANCIAL_MONOPOLY',     'LOC_POLICY_HD_FINANCIAL_MONOPOLY_NAME',     'LOC_POLICY_HD_FINANCIAL_MONOPOLY_DESCRIPTION',      'CIVIC_NEOCOLONIALISM_HD',                  			null,                       'SLOT_ECONOMIC'),
	('POLICY_HD_GREAT_AWAKENING',     'LOC_POLICY_HD_GREAT_AWAKENING_NAME',     'LOC_POLICY_HD_GREAT_AWAKENING_DESCRIPTION',      'CIVIC_HUMAN_RIGHTS_HD',                  			null,                       'SLOT_DIPLOMATIC'),
	('POLICY_HD_AUTONOMY',     'LOC_POLICY_HD_AUTONOMY_NAME',     'LOC_POLICY_HD_AUTONOMY_DESCRIPTION',      'CIVIC_HUMAN_RIGHTS_HD',                  			null,                       'SLOT_ECONOMIC'),
	('POLICY_HD_WAR_ECONOMY',     'LOC_POLICY_HD_WAR_ECONOMY_NAME',     'LOC_POLICY_HD_WAR_ECONOMY_DESCRIPTION',      null,                  			null,                       'SLOT_WILDCARD'),
	('POLICY_HD_FOSSIL_RESEARCH',     'LOC_POLICY_HD_FOSSIL_RESEARCH_NAME',     'LOC_POLICY_HD_FOSSIL_RESEARCH_DESCRIPTION',      'CIVIC_PALEOBIOLOGY_HD',                  			null,                       'SLOT_DIPLOMATIC'),
	('POLICY_HD_SCIENCE_AND_EDUCATION',     'LOC_POLICY_HD_SCIENCE_AND_EDUCATION_NAME',     'LOC_POLICY_HD_SCIENCE_AND_EDUCATION_DESCRIPTION',      'CIVIC_HIGHER_EDUCATION_HD',                  			null,                       'SLOT_DIPLOMATIC'),
	('POLICY_HD_GRASSROOTS_GOVERNANCE',     'LOC_POLICY_HD_GRASSROOTS_GOVERNANCE_NAME',     'LOC_POLICY_HD_GRASSROOTS_GOVERNANCE_DESCRIPTION',      'CIVIC_INTERNATIONALISM_HD',                  			null,                       'SLOT_ECONOMIC'),
	('POLICY_HD_PUBLIC_SECURITY',     'LOC_POLICY_HD_PUBLIC_SECURITY_NAME',     'LOC_POLICY_HD_PUBLIC_SECURITY_DESCRIPTION',      'CIVIC_POLICE_SYSTEM_HD',                  			null,                       'SLOT_MILITARY'),
	('POLICY_HD_AIR_CONDITIONING_SYSTEM',     'LOC_POLICY_HD_AIR_CONDITIONING_SYSTEM_NAME',     'LOC_POLICY_HD_AIR_CONDITIONING_SYSTEM_DESCRIPTION',      null,                  			'TECH_REFRIGERATION_HD',                       'SLOT_ECONOMIC'),
	('POLICY_HD_SOCIAL_WELFARE',     'LOC_POLICY_HD_SOCIAL_WELFARE_NAME',     'LOC_POLICY_HD_SOCIAL_WELFARE_DESCRIPTION',      'CIVIC_SOCIAL_SECURITY_SYSTEM_HD',                  			null,                       'SLOT_ECONOMIC'),
	('POLICY_HD_URBAN_AGGLOMERATION',     'LOC_POLICY_HD_URBAN_AGGLOMERATION_NAME',     'LOC_POLICY_HD_URBAN_AGGLOMERATION_DESCRIPTION',      null,                  			'TECH_MODERN_TRAFFIC_HD',                       'SLOT_ECONOMIC'),
	('POLICY_HD_CIVIL_LAW',     'LOC_POLICY_HD_CIVIL_LAW_NAME',     'LOC_POLICY_HD_CIVIL_LAW_DESCRIPTION',      'CIVIC_LAW_HD',                  			null,                       'SLOT_ECONOMIC'),
	('POLICY_HD_FAMILY_CREST',     'LOC_POLICY_HD_FAMILY_CREST_NAME',     'LOC_POLICY_HD_FAMILY_CREST_DESCRIPTION',      'CIVIC_HERALDRY_HD',                  			null,                       'SLOT_MILITARY'),
	('POLICY_HD_DA_SI_TU',     'LOC_POLICY_HD_DA_SI_TU_NAME',     'LOC_POLICY_HD_DA_SI_TU_DESCRIPTION',      null,                  			'TECH_MATHEMATICS',                       'SLOT_ECONOMIC'),
	('POLICY_HD_DA_SI_MA',     'LOC_POLICY_HD_DA_SI_MA_NAME',     'LOC_POLICY_HD_DA_SI_MA_DESCRIPTION',      null,                  			'TECH_SADDLE_HD',                       'SLOT_MILITARY'),
	('POLICY_HD_GOLDEN_ELIXIR',     'LOC_POLICY_HD_GOLDEN_ELIXIR_NAME',     'LOC_POLICY_HD_GOLDEN_ELIXIR_DESCRIPTION',      null,                  			'TECH_ALCHEMY_HD',                       'SLOT_DIPLOMATIC'),
	('POLICY_HD_MUSEUM_MANAGEMENT',     'LOC_POLICY_HD_MUSEUM_MANAGEMENT_NAME',     'LOC_POLICY_HD_MUSEUM_MANAGEMENT_DESCRIPTION',      'CIVIC_MUSEOLOGY_HD',                  			null,                       'SLOT_DIPLOMATIC'),
	('POLICY_HD_ORTHOGRAPHY',     'LOC_POLICY_HD_ORTHOGRAPHY_NAME',     'LOC_POLICY_HD_ORTHOGRAPHY_DESCRIPTION',      'CIVIC_MASS_MEDIA',                  			null,                       'SLOT_DIPLOMATIC'),
	('POLICY_HD_UNEMPLOYMENT_ASSIST',     'LOC_POLICY_HD_UNEMPLOYMENT_ASSIST_NAME',     'LOC_POLICY_HD_UNEMPLOYMENT_ASSIST_DESCRIPTION',      'CIVIC_SOCIAL_SECURITY_SYSTEM_HD',                  			null,                       'SLOT_ECONOMIC'),
	('POLICY_HD_STANDARDIZED_PRODUCTION',     'LOC_POLICY_HD_STANDARDIZED_PRODUCTION_NAME',     'LOC_POLICY_HD_STANDARDIZED_PRODUCTION_DESCRIPTION',      null,                  			'TECH_REPLACEABLE_PARTS',                       'SLOT_MILITARY'),
	('POLICY_HD_RELIGIOUS_BROADCASTING',     'LOC_POLICY_HD_RELIGIOUS_BROADCASTING_NAME',     'LOC_POLICY_HD_RELIGIOUS_BROADCASTING_DESCRIPTION',      null,                  			'TECH_COMPUTERS',                       'SLOT_DIPLOMATIC'),
	('POLICY_HD_PETROLEUM_ECONOMICS',     'LOC_POLICY_HD_PETROLEUM_ECONOMICS_NAME',     'LOC_POLICY_HD_PETROLEUM_ECONOMICS_DESCRIPTION',      null,                  			'TECH_COMBUSTION',                       'SLOT_ECONOMIC'),
	('POLICY_HD_INTELLIGENT_TRAINING',     'LOC_POLICY_HD_INTELLIGENT_TRAINING_NAME',     'LOC_POLICY_HD_INTELLIGENT_TRAINING_DESCRIPTION',      null,                  			'TECH_VIRTUAL_REALITY_HD',                       'SLOT_MILITARY'),
	('POLICY_HD_INTELLIGENT_INDUSTRY',     'LOC_POLICY_HD_INTELLIGENT_INDUSTRY_NAME',     'LOC_POLICY_HD_INTELLIGENT_INDUSTRY_DESCRIPTION',      null,                  			'TECH_VIRTUAL_REALITY_HD',                       'SLOT_ECONOMIC'),
	('POLICY_HD_INTELLIGENT_CITY',     'LOC_POLICY_HD_INTELLIGENT_CITY_NAME',     'LOC_POLICY_HD_INTELLIGENT_CITY_DESCRIPTION',      null,                  			'TECH_VIRTUAL_REALITY_HD',                       'SLOT_ECONOMIC'),
	('POLICY_HD_DIGITAL_TOURISM',     'LOC_POLICY_HD_DIGITAL_TOURISM_NAME',     'LOC_POLICY_HD_DIGITAL_TOURISM_DESCRIPTION',      null,                  			'TECH_VIRTUAL_REALITY_HD',                       'SLOT_DIPLOMATIC'),
	('POLICY_HD_DIGITAL_TWIN',     'LOC_POLICY_HD_DIGITAL_TWIN_NAME',     'LOC_POLICY_HD_DIGITAL_TWIN_DESCRIPTION',      null,                  			'TECH_VIRTUAL_REALITY_HD',                       'SLOT_DIPLOMATIC'),
	('POLICY_HD_DIGITAL_UPGRADE',     'LOC_POLICY_HD_DIGITAL_UPGRADE_NAME',     'LOC_POLICY_HD_DIGITAL_UPGRADE_DESCRIPTION',      null,                  			'TECH_BIG_DATA_HD',                       'SLOT_MILITARY'),
	('POLICY_HD_URBAN_DIGITIZATION',     'LOC_POLICY_HD_URBAN_DIGITIZATION_NAME',     'LOC_POLICY_HD_URBAN_DIGITIZATION_DESCRIPTION',      null,                  			'TECH_BIG_DATA_HD',                       'SLOT_ECONOMIC'),
	('POLICY_HD_CRYPTOCURRENCY',     'LOC_POLICY_HD_CRYPTOCURRENCY_NAME',     'LOC_POLICY_HD_CRYPTOCURRENCY_DESCRIPTION',      null,                  			'TECH_BIG_DATA_HD',                       'SLOT_ECONOMIC'),
	('POLICY_HD_EFFECTIVE_ACCELERATIONISM',     'LOC_POLICY_HD_EFFECTIVE_ACCELERATIONISM_NAME',     'LOC_POLICY_HD_EFFECTIVE_ACCELERATIONISM_DESCRIPTION',      null,                  			'TECH_BIG_DATA_HD',                       'SLOT_DIPLOMATIC'),
	('POLICY_HD_MANKIND_FUTURE',     'LOC_POLICY_HD_MANKIND_FUTURE_NAME',     'LOC_POLICY_HD_MANKIND_FUTURE_DESCRIPTION',      'CIVIC_NEAR_FUTURE_GOVERNANCE',                  			null,                       'SLOT_WILDCARD'),
	('POLICY_HD_WAR_DANCE',     'LOC_POLICY_HD_WAR_DANCE_NAME',     'LOC_POLICY_HD_WAR_DANCE_DESCRIPTION',      'CIVIC_EARLY_WARFARE_HD',                  			null,                       'SLOT_ECONOMIC'),
	('POLICY_HD_DRY_STONE',     'LOC_POLICY_HD_DRY_STONE_NAME',     'LOC_POLICY_HD_DRY_STONE_DESCRIPTION',      null,                  			'TECH_ARCH_HD',                       'SLOT_ECONOMIC'),
	('POLICY_HD_BIOSYSTEMATICS',     'LOC_POLICY_HD_BIOSYSTEMATICS_NAME',     'LOC_POLICY_HD_BIOSYSTEMATICS_DESCRIPTION',      null,                  			'TECH_BIOLOGY_HD',                       'SLOT_DIPLOMATIC'),
	('POLICY_HD_CHARCOAL_KILN',     'LOC_POLICY_HD_CHARCOAL_KILN_NAME',     'LOC_POLICY_HD_CHARCOAL_KILN_DESCRIPTION',      null,                  			'TECH_FUEL_HD',                       'SLOT_ECONOMIC'),
	('POLICY_HD_AGRICULTURAL_MECHANIZATION',    'LOC_POLICY_HD_AGRICULTURAL_MECHANIZATION_NAME',    'LOC_POLICY_HD_AGRICULTURAL_MECHANIZATION_DESCRIPTION',      null,              'TECH_MODERN_AGRICULTURE_HD',                       'SLOT_ECONOMIC'),
	('POLICY_HD_UNMANNED_FACTORY',     					'LOC_POLICY_HD_UNMANNED_FACTORY_NAME',     					'LOC_POLICY_HD_UNMANNED_FACTORY_DESCRIPTION',      null,                  			'TECH_INDUSTRIAL_AUTOMATION_HD',                       'SLOT_ECONOMIC'),
	('POLICY_HD_ROBOT_PRODUCTION',     					'LOC_POLICY_HD_ROBOT_PRODUCTION_NAME',     					'LOC_POLICY_HD_ROBOT_PRODUCTION_DESCRIPTION',      null,                  			'TECH_ROBOTICS',                       'SLOT_ECONOMIC');

update Policies set Description = 'LOC_POLICY_HD_TRANSLATE_DESCRIPTION_DIP' where PolicyType = 'POLICY_HD_TRANSLATE' and exists (select DistrictType from Districts where DistrictType = 'DISTRICT_DIPLOMATIC_QUARTER');

-- 手动解锁的政策
-- update Policies set ExplicitUnlock = 1 where PolicyType in (
-- 	'POLICY_HD_CIVIC_ASSEMBLY'
-- );
-- update Policies set ExplicitUnlock = 1, PrereqCivic = null, Description = 'LOC_POLICY_HD_TRANSLATE_DESCRIPTION_DIP' where PolicyType in (
-- 	'POLICY_HD_TRANSLATE'
-- ) and exists (select DistrictType from Districts where DistrictType = 'DISTRICT_DIPLOMATIC_QUARTER');

-- Obsolete Policies
delete from ObsoletePolicies where ObsoletePolicy is null or PolicyType in
	(values	('POLICY_URBAN_PLANNING'), ('POLICY_RETAINERS'), ('POLICY_CARAVANSARIES'), ('POLICY_MILITARY_RESEARCH'), ('POLICY_REVELATION'));
update ObsoletePolicies set RequiresAvailableGreatPersonClass = null;
delete from ObsoletePolicies where PolicyType in (
	'POLICY_BASTIONS',
	'POLICY_CRAFTSMEN',
	'POLICY_GOD_KING'
);
delete from ObsoletePolicies where ObsoletePolicy in (
	'POLICY_SPORTS_MEDIA',
	'POLICY_NEW_DEAL',
	'POLICY_CHARISMATIC_LEADER'
);
insert or replace into ObsoletePolicies
	(PolicyType,							ObsoletePolicy)
values
	('POLICY_MARITIME_INFRASTRUCTURE', 		'POLICY_SEABORNE_SUPPLY'),
	('POLICY_CHARISMATIC_LEADER',			'POLICY_DIPLOMATIC_LEAGUE'),
	('POLICY_CHARISMATIC_LEADER',			'POLICY_GUNBOAT_DIPLOMACY'),
	('POLICY_DIPLOMATIC_LEAGUE',			'POLICY_GUNBOAT_DIPLOMACY'),
	('POLICY_DOMESTIC_TRADE',				'POLICY_HIGHWAY'),
	('POLICY_DOMESTIC_TRADE',				'POLICY_WATER_TRANSPORT'),
	('POLICY_HIGHWAY',						'POLICY_WATER_TRANSPORT'),
	('POLICY_TRADE_CONFEDERATION',			'POLICY_SILK_ROAD'),
	('POLICY_TRADE_CONFEDERATION',			'POLICY_NEW_ROUTE'),
	('POLICY_TRADE_CONFEDERATION',			'POLICY_MARKET_ECONOMY'),
	('POLICY_SILK_ROAD',					'POLICY_NEW_ROUTE'),
	('POLICY_SILK_ROAD',					'POLICY_MARKET_ECONOMY'),
	('POLICY_PRIMITIVE_COMMUNE',			'POLICY_WELL_FIELD'),
	('POLICY_URBAN_PLANNING',				'POLICY_WELL_FIELD'),
	('POLICY_SCRIPTURE',					'POLICY_SIMULTANEUM'),
	('POLICY_WALL_HOUSING',					'POLICY_CONSTRUCTION_CROPS'),
	('POLICY_DRILL',						'POLICY_AFTER_ACTION_REPORTS'),
	('POLICY_RETAINERS',					'POLICY_FREELANCERS'),
	('POLICY_SISHU',						'POLICY_SOCIAL_STATISTICS'),
	('POLICY_SISHU',						'POLICY_HD_COMPULSORY_EDUCATION'),
	('POLICY_LOGISTICS',					'POLICY_SUPPLY_LINES'),
	('POLICY_VETERANCY',					'POLICY_SUPPLY_LINES'),
	('POLICY_FORTIFICATIONS',				'POLICY_BASTIONS'),
	('POLICY_LIMES',						'POLICY_BASTIONS'),
	('POLICY_NEW_ROUTE',					'POLICY_MARKET_ECONOMY'),
	('POLICY_TRIBUTE_TRADE',				'POLICY_HD_BUREAUCRATIZATION_OF_NATIVE_OFFICERS'),
	('POLICY_TRIBUTE_TRADE',				'POLICY_HD_WIN_WIN'),
	('POLICY_HD_BUREAUCRATIZATION_OF_NATIVE_OFFICERS',            'POLICY_HD_WIN_WIN'),
	('POLICY_SEABORNE_SUPPLY',				'POLICY_DEEP_WATER_PORT'),
	('POLICY_WEAPONS_MANAGEMENT_SERVICE',	'POLICY_HD_MILITARY_CONSTRUCTION'),
	('POLICY_HOUSEHOOD_REGISTRATION',		'POLICY_INFRASTRUCTURE_CONSTRUCTION'),
	('POLICY_HAJJ',							'POLICY_RAJ'),
	('POLICY_HD_I_PROMISE',					'POLICY_WISSELBANKEN'),
	('POLICY_HD_I_PROMISE',					'POLICY_HD_INTERNATIONAL_AID'),
	('POLICY_WISSELBANKEN',					'POLICY_HD_INTERNATIONAL_AID'),
	('POLICY_GLADIATORIAL_GAME',			'POLICY_WRESTING_AND_MANEUVERS'),
	('POLICY_GLADIATORIAL_GAME',			'POLICY_HD_SPORTS_MEET'),
	('POLICY_WRESTING_AND_MANEUVERS',			'POLICY_HD_SPORTS_MEET'),
	('POLICY_INSPIRATION',					'POLICY_COMPILE'),
	('POLICY_INSPIRATION',					'POLICY_TEXTBOOK'),
	('POLICY_INSPIRATION',					'POLICY_HD_ACADEMIC_MEETING'),
	('POLICY_COMPILE',						'POLICY_TEXTBOOK'),
	('POLICY_COMPILE',						'POLICY_HD_ACADEMIC_MEETING'),
	('POLICY_COMPILE',						'POLICY_NOBEL_PRIZE'),
	('POLICY_TEXTBOOK',						'POLICY_HD_ACADEMIC_MEETING'),
	('POLICY_TEXTBOOK',						'POLICY_NOBEL_PRIZE'),
	('POLICY_LITERARY_TRADITION',			'POLICY_SCHOLAR_BUREAUCRAT'),
	('POLICY_STRATEGOS',					'POLICY_MARTIAL_ELECTION'),
	('POLICY_STRATEGOS',					'POLICY_MILITARY_ORGANIZATION'),
	('POLICY_MARTIAL_ELECTION',				'POLICY_MILITARY_ORGANIZATION'),
	('POLICY_BREEDING',						'POLICY_EQUESTRIAN_ORDERS'),
	('POLICY_FORGING',						'POLICY_EQUESTRIAN_ORDERS'),
	('POLICY_EQUESTRIAN_ORDERS',			'POLICY_DRILL_MANUALS'),
	('POLICY_GUNPOWDER_RESEARCH',			'POLICY_DRILL_MANUALS'),
	('POLICY_DRILL_MANUALS',				'POLICY_SUSTAINABLE_DEVELOPEMENT'),
	('POLICY_RESOURCE_MANAGEMENT',			'POLICY_SUSTAINABLE_DEVELOPEMENT'),
	('POLICY_ELECTROLYTIC_ALUMINIUM',		'POLICY_SUSTAINABLE_DEVELOPEMENT'),
	('POLICY_HD_WORRIER_CLASS',		'POLICY_RETAINERS'),
	('POLICY_HD_WORRIER_CLASS',		'POLICY_FREELANCERS'),
	('POLICY_HD_WORRIER_CLASS',		'POLICY_HD_PUBLIC_SECURITY'),
	('POLICY_HD_MUDBRICK_WHARF',		'POLICY_VETERANCY'),
	('POLICY_HD_GULF_TRADE',		'POLICY_NAVAL_INFRASTRUCTURE'),
	('POLICY_HD_GULF_TRADE',		'POLICY_ECONOMIC_UNION'),
	('POLICY_HD_GULF_TRADE',		'POLICY_TRIANGULAR_TRADE'),
	('POLICY_HD_SCOUT_TRAINING',		'POLICY_PRESS_GANGS'),
	('POLICY_HD_SCOUT_TRAINING',		'POLICY_FEUDAL_CONTRACT'),
	('POLICY_HD_MONUMENT_CEREMONY',		'POLICY_HD_DIONYSIAN_CARNIVAL'),
	('POLICY_HD_HUMAN_SACRIFICE',		'POLICY_RAID'),
	('POLICY_HD_HUMAN_SACRIFICE',		'POLICY_TOTAL_WAR'),
	('POLICY_HD_PRIEST_CLASS',		'POLICY_SCRIPTURE'),
	('POLICY_AESTHETICS',		'POLICY_HD_SECULAR_LITERATURE'),
	('POLICY_HD_LEVEL',		'POLICY_SKYSCRAPERS'),
	('POLICY_CORVEE',		'POLICY_HD_LEVEL'),
	('POLICY_GOTHIC_ARCHITECTURE',		'POLICY_HD_LEVEL'),
	('POLICY_HD_DA_SI_KONG',		'POLICY_CRAFTSMEN'),
	('POLICY_HD_DA_SI_KONG',		'POLICY_HD_MILITARY_CONSTRUCTION'),
	('POLICY_CRAFTSMEN',		'POLICY_HD_MILITARY_CONSTRUCTION'),
	('POLICY_AESTHETICS',		'POLICY_FIVE_YEAR_PLAN'),
	('POLICY_HD_SECULAR_LITERATURE',		'POLICY_FIVE_YEAR_PLAN'),
	-- ('POLICY_PUBLIC_TRANSPORT',		'POLICY_HD_3D_TRAFFIC_NETWORK'),
	('POLICY_SPORTS_MEDIA',		'POLICY_GREEN_CITY'),
	('POLICY_HD_PORT_CARGO',		'POLICY_HD_COMMERCIAL_LAW'),
	('POLICY_FREE_MARKET',		'POLICY_HD_COMMERCIAL_LAW'),
	('POLICY_HD_DEMOGRAPHIC_STATISTICS',		'POLICY_HD_HUMAN_RESOURCES'),
	('POLICY_FREE_MARKET',		'POLICY_HD_BLOCKCHAIN'),
	('POLICY_HD_PORT_CARGO',		'POLICY_HD_BLOCKCHAIN'),
	('POLICY_HD_COMMERCIAL_LAW',		'POLICY_HD_BLOCKCHAIN'),
	('POLICY_RATIONALISM',		'POLICY_HD_BLOCKCHAIN'),
	('POLICY_GRAND_OPERA',		'POLICY_HD_BLOCKCHAIN'),
	('POLICY_MINARET',		'POLICY_HD_REINDUSTRIALIZATION'),
	('POLICY_HD_DEMOGRAPHIC_STATISTICS',		'POLICY_HD_REINDUSTRIALIZATION'),
	('POLICY_HD_HUMAN_RESOURCES',		'POLICY_HD_REINDUSTRIALIZATION'),
	('POLICY_HD_COMPULSORY_EDUCATION',		'POLICY_SOCIAL_STATISTICS'),
	('POLICY_SISHU',		'POLICY_HD_DISTANCE_EDUCATION'),
	('POLICY_HD_COMPULSORY_EDUCATION',		'POLICY_HD_DISTANCE_EDUCATION'),
	('POLICY_SOCIAL_STATISTICS',		'POLICY_HD_DISTANCE_EDUCATION'),
	('POLICY_OVERALL_PLANNING',		'POLICY_HD_BLOCK_MANAGEMENT'),
	('POLICY_HD_LITERARY_NEWS_AGENCY',		'POLICY_HD_BLOCK_MANAGEMENT'),
	('POLICY_MERCHANT_CONFEDERATION',		'POLICY_HD_BLOCK_MANAGEMENT'),
	('POLICY_GOD_KING',		'POLICY_MINARET'),
	('POLICY_GOD_KING',		'POLICY_HD_REINDUSTRIALIZATION'),
	('POLICY_TRADE_CONFEDERATION',		'POLICY_HD_INTANGIBLE_TRADE'),
	('POLICY_SILK_ROAD',		'POLICY_HD_INTANGIBLE_TRADE'),
	('POLICY_NEW_ROUTE',		'POLICY_HD_INTANGIBLE_TRADE'),
	('POLICY_MARKET_ECONOMY',		'POLICY_HD_INTANGIBLE_TRADE'),
	('POLICY_DOMESTIC_TRADE',		'POLICY_HD_NATIONAL_DEFENSE_ROAD'),
	('POLICY_DOMESTIC_TRADE',				'POLICY_COLLECTIVIZATION'),
	('POLICY_HIGHWAY',		'POLICY_HD_NATIONAL_DEFENSE_ROAD'),
	('POLICY_HIGHWAY',						'POLICY_COLLECTIVIZATION'),
	('POLICY_WATER_TRANSPORT',		'POLICY_HD_NATIONAL_DEFENSE_ROAD'),
	('POLICY_WATER_TRANSPORT',				'POLICY_COLLECTIVIZATION'),
	('POLICY_HD_NATIONAL_DEFENSE_ROAD',		'POLICY_COLLECTIVIZATION'),
	('POLICY_HD_GULF_TRADE',		'POLICY_ECOMMERCE'),
	('POLICY_HD_GULF_TRADE',		'POLICY_HD_EXCHANGE_RATE_REGULATION'),
	('POLICY_TRIANGULAR_TRADE',		'POLICY_HD_EXCHANGE_RATE_REGULATION'),
	('POLICY_HD_EXCHANGE_RATE_REGULATION',		'POLICY_ECOMMERCE'),
	('POLICY_HD_CHEONGWAN',		'POLICY_NOBEL_PRIZE'),
	('POLICY_HD_CHANNEL_ADMINISTRATOR',		'POLICY_NOBEL_PRIZE'),
	('POLICY_HD_TECH_REVOLUTION',		'POLICY_NOBEL_PRIZE'),
	('POLICY_INVENTION',		'POLICY_HD_TECH_REVOLUTION'),
	('POLICY_INVENTION',		'POLICY_NOBEL_PRIZE'),
	('POLICY_HD_ACADEMIC_MEETING',		'POLICY_NOBEL_PRIZE'),
	('POLICY_LITERARY_TRADITION',		'POLICY_HD_NATIONAL_CULTURE'),
	('POLICY_SCHOLAR_BUREAUCRAT',		'POLICY_HD_NATIONAL_CULTURE'),
	('POLICY_LITERARY_TRADITION',		'POLICY_HD_SUBCULTURAL_TREND'),
	('POLICY_SCHOLAR_BUREAUCRAT',		'POLICY_HD_SUBCULTURAL_TREND'),
	('POLICY_HD_NATIONAL_CULTURE',	'POLICY_HD_SUBCULTURAL_TREND'),
	('POLICY_FRESCOES',							'POLICY_HD_SUBCULTURAL_TREND'),
	('POLICY_HD_PSALM',							'POLICY_HD_SUBCULTURAL_TREND'),
	('POLICY_SYMPHONIES',						'POLICY_HD_SUBCULTURAL_TREND'),
	('POLICY_NAVIGATION',						'POLICY_HD_OCEAN_VOYAGE'),
	('POLICY_TRAVELING_MERCHANTS',	'POLICY_HD_INVESTMENT'),
	('POLICY_NAVIGATION',						'POLICY_LAISSEZ_FAIRE'),
	('POLICY_HD_OCEAN_VOYAGE',						'POLICY_LAISSEZ_FAIRE'),
	('POLICY_HD_INVESTMENT',						'POLICY_LAISSEZ_FAIRE'),
	('POLICY_PHILOSOPHY_EDUCATION',						'POLICY_HD_REVIVAL_OF_NATIONHOOD'),
	('POLICY_HD_ROMANTICISM',		'POLICY_HD_COMPARATIVE_LITERATURE'),
	('POLICY_HD_ROMANTICISM',		'POLICY_HD_REALISM'),
	('POLICY_HD_ROMANTICISM',		'POLICY_HD_DIGITAL_TOURISM'),
	('POLICY_HD_COMPARATIVE_LITERATURE',		'POLICY_HD_REALISM'),
	('POLICY_HD_COMPARATIVE_LITERATURE',		'POLICY_HD_DIGITAL_TOURISM'),
	('POLICY_HD_REALISM',		'POLICY_HD_DIGITAL_TOURISM'),
	('POLICY_HD_AUCTION',		'POLICY_HD_MUSEUM_TICKET'),
	('POLICY_HD_AUCTION',		'POLICY_HD_DADAISM'),
	('POLICY_HD_AUCTION',		'POLICY_HD_DIGITAL_TOURISM'),
	('POLICY_HD_MUSEUM_TICKET',		'POLICY_HERITAGE_TOURISM'),
	('POLICY_HD_MUSEUM_TICKET',		'POLICY_HD_DADAISM'),
	('POLICY_HD_MUSEUM_TICKET',		'POLICY_HD_DIGITAL_TOURISM'),
	('POLICY_HD_DADAISM',		'POLICY_HD_DIGITAL_TOURISM'),
	('POLICY_HERITAGE_TOURISM',		'POLICY_HD_DIGITAL_TOURISM'),
	('POLICY_HD_FREEDOM_OF_SPEECH',		'POLICY_HD_PHONETICS'),
	('POLICY_HD_FREEDOM_OF_SPEECH',		'POLICY_SATELLITE_BROADCASTS'),
	('POLICY_HD_FREEDOM_OF_SPEECH',		'POLICY_HD_DIGITAL_TOURISM'),
	('POLICY_HD_PHONETICS',		'POLICY_SATELLITE_BROADCASTS'),
	('POLICY_HD_PHONETICS',		'POLICY_HD_DIGITAL_TOURISM'),
	('POLICY_SATELLITE_BROADCASTS',		'POLICY_HD_DIGITAL_TOURISM'),
	('POLICY_HD_DEINDUSTRIALIZATION',		'POLICY_HD_REINDUSTRIALIZATION'),
	('POLICY_FREE_MARKET',		'POLICY_HD_TRADE_PROTECTIONISM'),
	('POLICY_LIBERALISM',		'POLICY_HD_TRADE_PROTECTIONISM'),
	('POLICY_LIBERALISM',		'POLICY_NEW_DEAL'),
	('POLICY_HD_URBAN_EXHIBITION',		'POLICY_SPORTS_MEDIA'),
	('POLICY_HD_URBAN_EXHIBITION',		'POLICY_HD_TRAVEL_AGENCY'),
	('POLICY_HD_URBAN_EXHIBITION',		'POLICY_GREEN_CITY'),
	('POLICY_HD_TRAVEL_AGENCY',		'POLICY_GREEN_CITY'),
	('POLICY_HD_TRAVEL_AGENCY',		'POLICY_TRAVEL_BLOGGER'),
	('POLICY_HD_CULTURAL_COLONIZATION',		'POLICY_ONLINE_COMMUNITIES'),
	('POLICY_COLONIAL_OFFICES',		'POLICY_HD_TRUMAN_DOCTRINE'),
	('POLICY_COLONIAL_TAXES',		'POLICY_HD_FINANCIAL_MONOPOLY'),
	('POLICY_PLUTONOMY',		'POLICY_HD_SCIENCE_AND_EDUCATION'),
	('POLICY_PURITAN',		'POLICY_HD_GRASSROOTS_GOVERNANCE'),
	('POLICY_HD_AUTONOMY',		'POLICY_HD_GRASSROOTS_GOVERNANCE'),
	('POLICY_RETAINERS',		'POLICY_HD_PUBLIC_SECURITY'),
	('POLICY_FREELANCERS',		'POLICY_HD_PUBLIC_SECURITY'),
	('POLICY_HD_DEMOGRAPHIC_STATISTICS',		'POLICY_HD_PUBLIC_SECURITY'),
	('POLICY_LIMITANEI',		'POLICY_HD_PUBLIC_SECURITY'),
	('POLICY_HD_WATERSIDE_PAVILIONS',		'POLICY_HD_AIR_CONDITIONING_SYSTEM'),
	('POLICY_HD_DIONYSIAN_CARNIVAL',		'POLICY_HD_SOCIAL_WELFARE'),
	('POLICY_INSULAE',		'POLICY_HD_CIVIL_LAW'),
	('POLICY_MEDINA_QUARTER',		'POLICY_HD_CIVIL_LAW'),
	('POLICY_PRIMITIVE_COMMUNE',			'POLICY_CITY_CENTRALIZATION'),
	('POLICY_URBAN_PLANNING',				'POLICY_CITY_CENTRALIZATION'),
	('POLICY_WELL_FIELD',					'POLICY_CITY_CENTRALIZATION'),
	('POLICY_PRIMITIVE_COMMUNE',		'POLICY_HD_URBAN_AGGLOMERATION'),
	('POLICY_URBAN_PLANNING',		'POLICY_HD_URBAN_AGGLOMERATION'),
	('POLICY_WELL_FIELD',		'POLICY_HD_URBAN_AGGLOMERATION'),
	('POLICY_INSULAE',		'POLICY_HD_URBAN_AGGLOMERATION'),
	('POLICY_MEDINA_QUARTER',		'POLICY_HD_URBAN_AGGLOMERATION'),
	('POLICY_HD_CIVIL_LAW',		'POLICY_HD_URBAN_AGGLOMERATION'),
	('POLICY_CITY_CENTRALIZATION',		'POLICY_HD_URBAN_AGGLOMERATION'),
	('POLICY_PRIMITIVE_COMMUNE',		'POLICY_HD_URBAN_DIGITIZATION'),
	('POLICY_URBAN_PLANNING',		'POLICY_HD_URBAN_DIGITIZATION'),
	('POLICY_WELL_FIELD',		'POLICY_HD_URBAN_DIGITIZATION'),
	('POLICY_INSULAE',		'POLICY_HD_URBAN_DIGITIZATION'),
	('POLICY_MEDINA_QUARTER',		'POLICY_HD_URBAN_DIGITIZATION'),
	('POLICY_HD_CIVIL_LAW',		'POLICY_HD_URBAN_DIGITIZATION'),
	('POLICY_CITY_CENTRALIZATION',		'POLICY_HD_URBAN_DIGITIZATION'),
	('POLICY_HD_URBAN_AGGLOMERATION',		'POLICY_HD_URBAN_DIGITIZATION'),
	('POLICY_GARRISON_RECLAMATION',		'POLICY_HD_MILITARY_SUPPLIER'),
	('POLICY_GARRISON_RECLAMATION',			'POLICY_CONSTRUCTION_CROPS'),
	('POLICY_HD_MILITARY_SUPPLIER',			'POLICY_CONSTRUCTION_CROPS'),
	('POLICY_HD_FAMILY_CREST',			'POLICY_MILITARY_RESEARCH'),
	('POLICY_HD_FAMILY_CREST',			'POLICY_CONSTRUCTION_CROPS'),
	('POLICY_MILITARY_RESEARCH',			'POLICY_CONSTRUCTION_CROPS'),
	('POLICY_HD_DA_SI_TU',		'POLICY_CITY_CENTRALIZATION'),
	('POLICY_HD_DA_SI_TU',		'POLICY_HD_URBAN_AGGLOMERATION'),
	('POLICY_HD_DA_SI_TU',		'POLICY_HD_URBAN_DIGITIZATION'),
	('POLICY_HD_DA_SI_MA',		'POLICY_MILITARY_ORGANIZATION'),
	('POLICY_HD_GOLDEN_ELIXIR',		'POLICY_NOBEL_PRIZE'),
	('POLICY_VETERANCY',		'POLICY_HD_DEFENSE_DEPLOYMENT'),
	('POLICY_LOGISTICS',		'POLICY_HD_DEFENSE_DEPLOYMENT'),
	('POLICY_SUPPLY_LINES',		'POLICY_HD_DEFENSE_DEPLOYMENT'),
	('POLICY_HD_WATER_CONSERVANCY_PROJECT',		'POLICY_INFRASTRUCTURE_CONSTRUCTION'),
	('POLICY_HD_GOSPEL_LOCALISATION',		'POLICY_HD_GREAT_AWAKENING'),
	('POLICY_HD_GOSPEL_LOCALISATION',		'POLICY_HD_RELIGIOUS_BROADCASTING'),
	('POLICY_HD_GREAT_AWAKENING',		'POLICY_HD_RELIGIOUS_BROADCASTING'),
	('POLICY_SIMULTANEUM',		'POLICY_HD_RELIGIOUS_BROADCASTING'),
	('POLICY_SURVEY',		'POLICY_DRILL'),
	('POLICY_SURVEY',		'POLICY_AFTER_ACTION_REPORTS'),
	('POLICY_DISCIPLINE',		'POLICY_FINEST_HOUR'),
	('POLICY_WARS_OF_RELIGION',		'POLICY_FINEST_HOUR'),
	('POLICY_RELIGIOUS_ORDERS',		'POLICY_FINEST_HOUR'),
	('POLICY_HD_DRY_STONE',		'POLICY_HD_INTELLIGENT_INDUSTRY'),
	('POLICY_HD_CHARCOAL_KILN',		'POLICY_HD_AIR_CONDITIONING_SYSTEM'),
	-- 社区市政外交-超级大国系
	('POLICY_HD_TRANSLATE',								'POLICY_HD_MODERNIZATION_LAW'),
	('POLICY_HD_TRANSLATE',								'POLICY_HD_CONSTITUTIONAL_STUDY'),
	('POLICY_HD_TRANSLATE',								'POLICY_HD_SEPARATION_OF_POWERS'),
	('POLICY_HD_TRANSLATE',								'POLICY_SUPERPOWER'),
	('POLICY_HD_CIVIC_ASSEMBLY',					'POLICY_HD_MODERNIZATION_LAW'),
	('POLICY_HD_CIVIC_ASSEMBLY',					'POLICY_HD_CONSTITUTIONAL_STUDY'),
	('POLICY_HD_CIVIC_ASSEMBLY',					'POLICY_HD_SEPARATION_OF_POWERS'),
	('POLICY_HD_CIVIC_ASSEMBLY',					'POLICY_SUPERPOWER'),
	('POLICY_HD_CIVIC_RIGHTS',						'POLICY_HD_MODERNIZATION_LAW'),
	('POLICY_HD_CONSTITUTIONAL_STUDY',		'POLICY_HD_MODERNIZATION_LAW'),
	('POLICY_HD_CONSTITUTIONAL_STUDY',		'POLICY_HD_SEPARATION_OF_POWERS'),
	('POLICY_HD_MODERNIZATION_LAW',				'POLICY_SUPERPOWER'),
	-- 固定产出卡
	('POLICY_HD_ORACLE',		'POLICY_CITY_CENTRALIZATION'),
	-- 百分比卡
	('POLICY_HD_PATTERN',		'POLICY_HD_FOSSIL_RESEARCH'),
	-- 驻军卡
	('POLICY_HD_WAR_DANCE',		'POLICY_RETAINERS'),
	-- 同盟商队卡
	('POLICY_HD_INTERNATIONAL_AID',		'POLICY_HD_MANKIND_FUTURE'),
	-- 工人移民卡
	('POLICY_PUBLIC_WORKS',		'POLICY_HD_INTELLIGENT_CITY'),
	('POLICY_EXPROPRIATION',		'POLICY_HD_INTELLIGENT_CITY'),
	-- 区域加速卡
	('POLICY_INFRASTRUCTURE_CONSTRUCTION',		'POLICY_HD_INTELLIGENT_CITY'),
	('POLICY_HD_UNEMPLOYMENT_ASSIST',		'POLICY_HD_INTELLIGENT_CITY'),
	-- 奇观加速卡
	('POLICY_SKYSCRAPERS',		'POLICY_HD_INTELLIGENT_INDUSTRY'),
	-- 人口产出卡
	('POLICY_HD_DISTANCE_EDUCATION',		'POLICY_HD_DIGITAL_TWIN'),
	-- 相邻卡
	('POLICY_CARAVANSARIES',				'POLICY_TOWN_CHARTERS'),
	('POLICY_CARAVANSARIES',				'POLICY_TRIANGULAR_TRADE'),
	('POLICY_ECONOMIC_UNION',		'POLICY_HD_CRYPTOCURRENCY'),
	('POLICY_FIVE_YEAR_PLAN',		'POLICY_HD_DIGITAL_TWIN'),
	('POLICY_HD_MILITARY_CONSTRUCTION',		'POLICY_HD_INTELLIGENT_INDUSTRY'),
	-- 内商卡
	('POLICY_COLLECTIVIZATION',		'POLICY_HD_INTELLIGENT_CITY'),
	-- 外商卡
	('POLICY_HD_INTANGIBLE_TRADE',		'POLICY_HD_CRYPTOCURRENCY'),
	-- 间谍卡
	('POLICY_MACHIAVELLIANISM',		'POLICY_CRYPTOGRAPHY'),
	-- 保卫祖国
	('POLICY_NATIONAL_IDENTITY',		'POLICY_DEFENSE_OF_MOTHERLAND'),
	('POLICY_SELF_DETERMINATION',		'POLICY_DEFENSE_OF_MOTHERLAND'),
	('POLICY_BASTIONS',		'POLICY_DEFENSE_OF_MOTHERLAND'),
	-- 军事减费卡
	('POLICY_LEVEE_EN_MASSE',		'POLICY_HD_DIGITAL_UPGRADE'),
	('POLICY_AFTER_ACTION_REPORTS',		'POLICY_HD_DIGITAL_UPGRADE'),
	('POLICY_FORCE_MODERNIZATION',		'POLICY_HD_DIGITAL_UPGRADE'),
	('POLICY_SECOND_STRIKE_CAPABILITY',		'POLICY_HD_DIGITAL_UPGRADE'),
	-- 造兵加速卡
	('POLICY_INTERNATIONAL_WATERS',		'POLICY_HD_INTELLIGENT_TRAINING'),
	('POLICY_MILITARY_FIRST',		'POLICY_HD_INTELLIGENT_TRAINING'),
	('POLICY_STRATEGIC_AIR_FORCE',		'POLICY_HD_INTELLIGENT_TRAINING'),
	-- 改良加产类
	('POLICY_HD_AGRICULTURAL_MECHANIZATION',		'POLICY_HD_ROBOT_PRODUCTION'),
	('POLICY_HD_UNMANNED_FACTORY',		'POLICY_HD_ROBOT_PRODUCTION');

insert or replace into ObsoletePolicies
	(PolicyType,													RequiresAvailableGreatPersonClass)
values
	('POLICY_REVELATION',									'GREAT_PERSON_CLASS_PROPHET'),

	('POLICY_INSPIRATION',								'GREAT_PERSON_CLASS_SCIENTIST'),
	('POLICY_COMPILE',										'GREAT_PERSON_CLASS_SCIENTIST'),
	('POLICY_TEXTBOOK',										'GREAT_PERSON_CLASS_SCIENTIST'),
	('POLICY_HD_CHEONGWAN',								'GREAT_PERSON_CLASS_SCIENTIST'),
	('POLICY_HD_CHANNEL_ADMINISTRATOR',		'GREAT_PERSON_CLASS_SCIENTIST'),
	('POLICY_HD_CLONE_RESEARCH',					'GREAT_PERSON_CLASS_SCIENTIST'),
	('POLICY_HD_HIGH_TECH_INDUSTRY',			'GREAT_PERSON_CLASS_SCIENTIST'),

	('POLICY_LITERARY_TRADITION',					'GREAT_PERSON_CLASS_WRITER'),
	('POLICY_SCHOLAR_BUREAUCRAT',					'GREAT_PERSON_CLASS_WRITER'),
	('POLICY_HD_NATIONAL_CULTURE',				'GREAT_PERSON_CLASS_WRITER'),
	('POLICY_HD_SUBCULTURAL_TREND',				'GREAT_PERSON_CLASS_WRITER'),

	('POLICY_FRESCOES',										'GREAT_PERSON_CLASS_ARTIST'),
	('POLICY_HD_SUBCULTURAL_TREND',				'GREAT_PERSON_CLASS_ARTIST'),

	('POLICY_HD_PSALM',										'GREAT_PERSON_CLASS_MUSICIAN'),
	('POLICY_SYMPHONIES',									'GREAT_PERSON_CLASS_MUSICIAN'),
	('POLICY_HD_SUBCULTURAL_TREND',				'GREAT_PERSON_CLASS_MUSICIAN'),

	('POLICY_STRATEGOS',									'GREAT_PERSON_CLASS_GENERAL'),
	('POLICY_MARTIAL_ELECTION',						'GREAT_PERSON_CLASS_GENERAL'),
	('POLICY_MILITARY_ORGANIZATION',			'GREAT_PERSON_CLASS_GENERAL'),

	('POLICY_TRAVELING_MERCHANTS',				'GREAT_PERSON_CLASS_MERCHANT'),
	('POLICY_HD_INVESTMENT',							'GREAT_PERSON_CLASS_MERCHANT'),
	('POLICY_LAISSEZ_FAIRE',							'GREAT_PERSON_CLASS_MERCHANT'),

	('POLICY_HD_OCEAN_VOYAGE',						'GREAT_PERSON_CLASS_ADMIRAL'),
	('POLICY_LAISSEZ_FAIRE',							'GREAT_PERSON_CLASS_ADMIRAL'),
	('POLICY_NAVIGATION',									'GREAT_PERSON_CLASS_ADMIRAL'),

	('POLICY_INVENTION',									'GREAT_PERSON_CLASS_ENGINEER'),
	('POLICY_HD_CHANNEL_ADMINISTRATOR',		'GREAT_PERSON_CLASS_ENGINEER'),
	('POLICY_HD_TECH_REVOLUTION',					'GREAT_PERSON_CLASS_ENGINEER'),
	('POLICY_HD_HIGH_TECH_INDUSTRY',			'GREAT_PERSON_CLASS_ENGINEER');

-- Policy Prereqs
--update Policies set PrereqCivic = null, PrereqTech = 'TECH_THE_WHEEL'			where PolicyType = 'POLICY_WAREHOUSE';
--update Policies set PrereqCivic = null, PrereqTech = 'TECH_MASS_PRODUCTION'		where PolicyType = 'POLICY_SAFETY_BOX';
update Policies set PrereqCivic = 'CIVIC_STATE_WORKFORCE', PrereqTech = null						where PolicyType = 'POLICY_INSULAE';
update Policies set PrereqCivic = null, PrereqTech = 'TECH_APPRENTICESHIP'				where PolicyType = 'POLICY_MEDINA_QUARTER';
update Policies set PrereqCivic = null, PrereqTech = 'TECH_BUTTRESS'					where PolicyType = 'POLICY_GOTHIC_ARCHITECTURE';
update Policies set PrereqCivic = null, PrereqTech = null, PrereqCivic = 'CIVIC_EXPLORATION'	where PolicyType = 'POLICY_TRIANGULAR_TRADE';
update Policies set PrereqCivic = null, PrereqTech = 'TECH_BANKING'						where PolicyType = 'POLICY_FREE_MARKET';
update Policies set PrereqCivic = null, PrereqTech = 'TECH_SANITATION'					where PolicyType = 'POLICY_EXPROPRIATION';
update Policies set PrereqCivic = 'CIVIC_LEAGUE_OF_NATIONS_HD' where PolicyType = 'POLICY_ECONOMIC_UNION';
update Policies set PrereqCivic = null, PrereqTech = 'TECH_MILITARY_SCIENCE'			where PolicyType = 'POLICY_MILITARY_RESEARCH';
update Policies set PrereqCivic = null, PrereqTech = 'TECH_COMBINED_ARMS'				where PolicyType = 'POLICY_INTERNATIONAL_WATERS';
update Policies set PrereqCivic = null, PrereqTech = 'TECH_ROCKETRY'					where PolicyType = 'POLICY_STRATEGIC_AIR_FORCE';
update Policies set PrereqCivic = null, PrereqTech = 'TECH_NUCLEAR_FISSION'				where PolicyType = 'POLICY_SECOND_STRIKE_CAPABILITY';
update Policies set PrereqCivic = null, PrereqTech = 'TECH_GEOLOGY_HD' 		where PolicyType = 'POLICY_DRILL_MANUALS';
update Policies set PrereqCivic = null, PrereqTech = 'TECH_SIEGE_TACTICS'				where PolicyType = 'POLICY_BASTIONS';
update Policies set PrereqCivic = null, PrereqTech = 'TECH_MASONRY'						where PolicyType = 'POLICY_LIMES';
update Policies set PrereqCivic = null, PrereqTech = 'TECH_COMBUSTION'					where PolicyType = 'POLICY_COLLECTIVIZATION';
update Policies set PrereqCivic = null, PrereqTech = 'TECH_WRITING' 					where PolicyType = 'POLICY_INSPIRATION';
update Policies set PrereqCivic = null, PrereqTech = 'TECH_INTERNET_HD' 					where PolicyType = 'POLICY_COLLECTIVE_ACTIVISM';
update Policies set PrereqCivic = null, PrereqTech = 'TECH_COMPUTERS' 					where PolicyType = 'POLICY_CRYPTOGRAPHY';
update Policies set PrereqCivic = 'CIVIC_COMMERCIAL_CAPITALISM_HD', PrereqTech = NULL	where PolicyType = 'POLICY_WISSELBANKEN';
-- update Policies set PrereqCivic = 'CIVIC_URBANIZATION', 			PrereqTech = NULL	where PolicyType = 'POLICY_PUBLIC_TRANSPORT';
update Policies set PrereqCivic = 'CIVIC_MOBILIZATION', 			PrereqTech = NULL	where PolicyType = 'POLICY_FORCE_MODERNIZATION';
update Policies set PrereqCivic = 'CIVIC_HIGHER_EDUCATION_HD', 				PrereqTech = NULL	where PolicyType = 'POLICY_FIVE_YEAR_PLAN';
update Policies set PrereqCivic = 'CIVIC_SOCIAL_SCIENCE_HD'	,		PrereqTech = NULL	where PolicyType = 'POLICY_GRAND_OPERA';
update Policies set PrereqCivic = 'CIVIC_EVOLUTION_THEORY_HD',		PrereqTech = NULL	where PolicyType = 'POLICY_COLONIAL_OFFICES';
update Policies set PrereqCivic = 'CIVIC_COMMERCIAL_CAPITALISM_HD', PrereqTech = NULL	where PolicyType = 'POLICY_INVENTION';
update Policies set PrereqCivic = 'CIVIC_ETHICS_HD'	,				PrereqTech = NULL	where PolicyType = 'POLICY_NATIONAL_IDENTITY';
update Policies set PrereqCivic = 'CIVIC_LITERARY_TRADITION_HD',	PrereqTech = NULL	where PolicyType = 'POLICY_AESTHETICS';
update Policies set PrereqCivic = 'CIVIC_DEFENSIVE_TACTICS',		PrereqTech = NULL	where PolicyType = 'POLICY_LOGISTICS';
update Policies set PrereqCivic = 'CIVIC_MEDIEVAL_FAIRES',			PrereqTech = NULL	where PolicyType = 'POLICY_TOWN_CHARTERS';
update Policies set PrereqCivic = NULL, PrereqTech = 'TECH_CHEMISTRY'	where PolicyType = 'POLICY_RESOURCE_MANAGEMENT';
update Policies set PrereqCivic = NULL, PrereqTech = 'TECH_BALLISTICS'	where PolicyType = 'POLICY_TOTAL_WAR';
update Policies set PrereqCivic = 'CIVIC_EARLY_WARFARE_HD', PrereqTech = NULL	where PolicyType = 'POLICY_DISCIPLINE';
update Policies set PrereqCivic = 'CIVIC_EARLY_WARFARE_HD', PrereqTech = NULL	where PolicyType = 'POLICY_AGOGE';
update Policies set PrereqCivic = 'CIVIC_EARLY_WARFARE_HD', PrereqTech = NULL	where PolicyType = 'POLICY_MARITIME_INDUSTRIES';
update Policies set PrereqCivic = NULL, PrereqTech = 'TECH_STIRRUPS'	where PolicyType = 'POLICY_EQUESTRIAN_ORDERS';
update Policies set PrereqCivic = 'CIVIC_INTERNATIONALISM_HD', PrereqTech = NULL	where PolicyType = 'POLICY_FINEST_HOUR';
update Policies set PrereqCivic = 'CIVIC_IDEOLOGY', PrereqTech = NULL	where PolicyType = 'POLICY_DEFENSE_OF_MOTHERLAND';
update Policies set PrereqCivic = 'CIVIC_HISTORICAL_PHILOSOPHY_HD', PrereqTech = NULL	where PolicyType = 'POLICY_FRESCOES';
update Policies set PrereqCivic = 'CIVIC_MERCANTILISM', PrereqTech = NULL	where PolicyType = 'POLICY_MERCHANT_CONFEDERATION';
update Policies set PrereqCivic = 'CIVIC_FINANCE_HD', PrereqTech = NULL	where PolicyType = 'POLICY_LAISSEZ_FAIRE';
update Policies set PrereqCivic = 'CIVIC_LEAGUE_OF_NATIONS_HD', PrereqTech = NULL	where PolicyType = 'POLICY_GUNBOAT_DIPLOMACY';
update Policies set PrereqCivic = 'CIVIC_FINANCE_HD' where PolicyType = 'POLICY_NEW_DEAL';
update Policies set PrereqCivic = 'CIVIC_POLICE_SYSTEM_HD' where PolicyType = 'POLICY_MILITARY_ORGANIZATION';

-- GovernmentSlotType
-- 军事政策
update Policies set GovernmentSlotType = 'SLOT_MILITARY'	where PolicyType in (
	'POLICY_NAVAL_INFRASTRUCTURE',
	'POLICY_RELIGIOUS_ORDERS',
	'POLICY_INTERNATIONAL_SPACE_AGENCY',
	'POLICY_GUNBOAT_DIPLOMACY',
	'POLICY_RAJ',
	'POLICY_COLONIAL_OFFICES',
	'POLICY_DEFENSE_OF_MOTHERLAND',
	'POLICY_FINEST_HOUR',
	'POLICY_MARTIAL_LAW'
);
-- 经济政策
update Policies set GovernmentSlotType = 'SLOT_ECONOMIC'	where PolicyType in (
	'POLICY_WISSELBANKEN',
	'POLICY_COLONIAL_TAXES',
	'POLICY_MERCHANT_CONFEDERATION'
);
-- 文化政策
update Policies set GovernmentSlotType = 'SLOT_DIPLOMATIC'	where PolicyType in (
	'POLICY_AESTHETICS',
	'POLICY_NATURAL_PHILOSOPHY',
	'POLICY_SCRIPTURE',
	'POLICY_SIMULTANEUM',
	'POLICY_FIVE_YEAR_PLAN',
	'POLICY_SPORTS_MEDIA',
	'POLICY_GRAND_OPERA',
	'POLICY_RATIONALISM',
	'POLICY_SATELLITE_BROADCASTS',
	'POLICY_HERITAGE_TOURISM',
	'POLICY_ONLINE_COMMUNITIES'
);

-- Government Exclusive Policies
delete from Policy_GovernmentExclusives_XP2 where PolicyType in (
	'POLICY_COLLECTIVIZATION',
	'POLICY_FINEST_HOUR',
	'POLICY_DEFENSE_OF_MOTHERLAND',
	'POLICY_NEW_DEAL'
);

insert or replace into Policy_GovernmentExclusives_XP2
	(PolicyType,																		GovernmentType)
values
	('POLICY_HD_SEPARATION_OF_POWERS',							'GOVERNMENT_DEMOCRACY'),
	('POLICY_HD_ELECTED_POLITICS',									'GOVERNMENT_DEMOCRACY'),
	('POLICY_HD_FIVE_YEAR_PLAN',										'GOVERNMENT_COMMUNISM'),
	('POLICY_HD_NATIONALIZATION_OF_ENTERPRISES',		'GOVERNMENT_COMMUNISM');

-- Dark Age Policies
-- Era Adjustment
update Policies_XP1 set MaximumGameEra = 'ERA_RENAISSANCE' where PolicyType = 'POLICY_ISOLATIONISM' or PolicyType = 'POLICY_ELITE_FORCES';
update Policies_XP1 set MaximumGameEra = 'ERA_MEDIEVAL' where PolicyType = 'POLICY_TWILIGHT_VALOR';
-- Twilight Valor
insert or replace into PolicyModifiers
	(PolicyType,				ModifierId)
select
	'POLICY_TWILIGHT_VALOR',	'LIMITANEI_GARRISONIDENTITY'
where exists (select PolicyType from Policies where PolicyType = 'POLICY_TWILIGHT_VALOR');
-- Isolationism
update ModifierArguments set Value = 3 where ModifierId = 'ISOLATIONISM_DOMESTIC_TRADE_ROUTE_FODD' and Name = 'Amount';
update ModifierArguments set Value = 3 where ModifierId = 'ISOLATIONISM_DOMESTIC_TRADE_ROUTE_PRODUCTION' and Name = 'Amount';
update ModifierArguments set Value = 1 where ModifierId = 'COLLECTIVEACTIVISM_CULTUREPERTRIBUTARY' and Name = 'Amount';
insert or replace into PolicyModifiers
	(PolicyType,				ModifierId)
values
	('POLICY_ISOLATIONISM',		'ISOLATIONISM_DISABLE_BUILD_BUILDER');
insert or replace into Modifiers
	(ModifierId,										ModifierType)
values
	('ISOLATIONISM_DISABLE_BUILD_BUILDER',				'MODIFIER_PLAYER_UNIT_BUILD_DISABLED');
insert or replace into ModifierArguments
	(ModifierId,										Name,		Value)
values
	('ISOLATIONISM_DISABLE_BUILD_BUILDER',				'UnitType',	'UNIT_BUILDER');

-- Removes
delete from Types where Type in (
	'POLICY_INQUISITION',
	'POLICY_COLLECTIVISM',
	'POLICY_PROFESSIONAL_ARMY',
	'POLICY_NATIVE_CONQUEST',
	'POLICY_PROPAGANDA',
	'POLICY_NUCLEAR_ESPIONAGE',
	'POLICY_COMMUNICATIONS_OFFICE',
	'POLICY_FUTURE_VICTORY_CULTURE',
	'POLICY_CIVIL_PRESTIGE',
	'POLICY_PRAETORIUM',
	'POLICY_PUBLIC_TRANSPORT',
	'POLICY_MANEUVER',
	'POLICY_CHIVALRY',
	'POLICY_LAND_SURVEYORS'
);

-- Wonder-Obsession
insert or ignore into Policies_XP1	
	(PolicyType,												MinimumGameEra,			MaximumGameEra,			RequiresDarkAge)
values
	('POLICY_WONDERS_MISLEAD_COUNTRY',	'ERA_CLASSICAL',		'ERA_RENAISSANCE',	1),
	('POLICY_HD_WAR_ECONOMY',						'ERA_RENAISSANCE',	'ERA_ATOMIC',				1);

-- Policy Cards Modifiers
delete from PolicyModifiers where PolicyType = 'POLICY_GOD_KING';

update ModifierArguments set Value = 10 where ModifierId = 'DISCIPLINE_BARBARIANCOMBAT' and Name = 'Amount';
update ModifierArguments set Value = 2 where ModifierId = 'INSULAE_SPECIALTYHOUSING' and Name = 'Amount';
update ModifierArguments set Value = 3 where ModifierId = 'CIVILPRESTIGE_GOVHOUSING' and Name = 'Amount';
update ModifierArguments set Value = 4 where ModifierId = 'MEDINAQUARTER_SPECIALTYHOUSING' and Name = 'Amount';

update ModifierArguments set Value = 5 where ModifierId = 'LIMITANEI_GARRISONIDENTITY' and Name = 'Amount';
update ModifierArguments set Value = 5 where ModifierId = 'PRAETORIUM_GOVERNORIDENTITY' and Name = 'Amount';

delete from PolicyModifiers where PolicyType = 'POLICY_MARKET_ECONOMY' and ModifierId = 'MARKETECONOMY_TRADEROUTEGOLDPERLUXURY' or ModifierId = 'MARKETECONOMY_TRADEROUTEGOLDPERSTRATEGIC';
update ModifierArguments set Value = 4 where ModifierId = 'MARKETECONOMY_TRADEROUTECULTURE' and Name = 'Amount';
update ModifierArguments set Value = 4 where ModifierId = 'MARKETECONOMY_TRADEROUTESCIENCE' and Name = 'Amount';

delete from PolicyModifiers where ModifierID = 'MACHIAVELLIANISM_OFFENSIVESPYTIME';
update ModifierArguments set Value = 100 where ModifierID = 'MACHIAVELLIANISM_SPYPRODUCTION' and Name = 'Amount';

update ModifierArguments set Value = 100 where ModifierID = 'RAID_DOUBLEPILLAGEIMPROVE';
update ModifierArguments set Value = 100 where ModifierID = 'SACK_DOUBLEPILLAGEDISTRICT';
update ModifierArguments set Value = 200 where ModifierID = 'TOTALWAR_DOUBLEPILLAGEIMPROVE';
update ModifierArguments set Value = 200 where ModifierID = 'TOTALWAR_DOUBLEPILLAGEDISTRICT';
update ModifierArguments set Value = 200 where ModifierID = 'TOTAL_WAR_PLUNDER_BONUS';
update ModifierArguments set Value = 100 where ModifierID = 'NATIONALIDENTITY_REDUCESTRENGTHREDUCTIONFORDAMAGE';
update ModifierArguments set Value = 100 where ModifierID = 'AFTERACTIONREPORTS_EXPERIENCE';

update Policies set PrereqCivic = 'CIVIC_MOBILIZATION' where PolicyType = 'POLICY_AFTER_ACTION_REPORTS';


update Policies set PrereqCivic = 'CIVIC_MILITARY_TRADITION' where PolicyType = 'POLICY_CONSCRIPTION';
-- 
update Policies set PrereqCivic = NULL, PrereqTech = 'TECH_CURRENCY' where PolicyType = 'POLICY_TRADE_CONFEDERATION';
-- update Policies set PrereqCivic = 'CIVIC_FEUDALISM' where PolicyType = 'POLICY_CIVIL_PRESTIGE';
update Policies set PrereqCivic = 'CIVIC_HERALDRY_HD' where PolicyType = 'POLICY_RETAINERS';
-- update Policies set PrereqCivic = 'CIVIC_CIVIL_SERVICE' where PolicyType = 'POLICY_GOTHIC_ARCHITECTURE';
update Policies set PrereqCivic = 'CIVIC_DIPLOMATIC_SERVICE' where PolicyType = 'POLICY_DIPLOMATIC_LEAGUE';

update Policies set PrereqCivic = 'CIVIC_MILITARY_TRADITION' where PolicyType = 'POLICY_LIMITANEI';
update Policies set PrereqCivic = 'CIVIC_NAVAL_TRADITION' where PolicyType = 'POLICY_PRESS_GANGS';

update ModifierArguments set Value = 5 where ModifierId = 'COLLECTIVIZATION_INTERNAL_TRADE_FOOD' and Name = 'Amount';
update ModifierArguments set Value = 5 where ModifierId = 'COLLECTIVIZATION_INTERNAL_TRADE_PRODUCTION' and Name = 'Amount';
-- update Modifiers set SubjectRequirementSetId = 'PLAYER_HAS_NO_DIPLOMATIC_QUARTER' where ModifierId = 'DIPLOMATICLEAGUE_DUPLICATEFIRSTINFLUENCETOKEN';

delete from PolicyModifiers where PolicyType = 'POLICY_DIPLOMATIC_LEAGUE' and ModifierId = 'DIPLOMATICLEAGUE_DUPLICATEFIRSTINFLUENCETOKEN';

delete from PolicyModifiers where PolicyType = 'POLICY_COLONIAL_OFFICES' and ModifierId = 'COLONIALOFFICES_FOREIGNGROWTH';

update ModifierArguments set Value = 50 where ModifierId = 'ILKUM_BUILDERPRODUCTION' and Name = 'Amount';
update ModifierArguments set Value = 50 where ModifierId = 'SERFDOM_BUILDERPRODUCTION' and Name = 'Amount';
update ModifierArguments set Value = 50 where ModifierId = 'PUBLICWORKS_BUILDERPRODUCTION' and Name = 'Amount';
update ModifierArguments set Value = 1 where ModifierId = 'SERFDOM_BUILDERCHARGES' and Name = 'Amount';
update ModifierArguments set Value = 2 where ModifierId = 'WISSELBANKEN_ALLIANCEPOINTS';
update ModifierArguments set Value = 3 where ModifierId = 'PUBLICTRANSPORT_BREATHTAKING_NEIGHBORHOOD_FOOD' and Name = 'Amount';
-- dip cards
update ModifierArguments set Value = 3 where ModifierId = 'CHARISMATICLEADER_INFLUENCEPOINTS' and Name = 'Amount';
update ModifierArguments set Value = 9 where ModifierId = 'GUNBOATDIPLOMACY_INFLUENCEPOINTS' and Name = 'Amount';
update ModifierArguments set Value = 5 where ModifierId = 'COLONIALOFFICES_FOREIGNIDENTITY' and Name = 'Amount';

-- Strategic Resource
update ModifierArguments set Value = 3 where Name = 'Amount' and
	(ModifierId = 'EQUESTRIAN_ORDERS_ADDITIONAL_HORSES_EXTRACTION'
	or ModifierId = 'EQUESTRIAN_ORDERS_ADDITIONAL_IRON_EXTRACTION'
	or ModifierId = 'DRILL_MANUALS_ADDITIONAL_NITER_EXTRACTION'
	or ModifierId = 'DRILL_MANUALS_ADDITIONAL_COAL_EXTRACTION'
	or ModifierId = 'RESOURCE_MANAGEMENT_ADDITIONAL_ALUMINUM_EXTRACTION'
	or ModifierId = 'RESOURCE_MANAGEMENT_ADDITIONAL_OIL_EXTRACTION');
delete from PolicyModifiers where PolicyType = 'POLICY_RESOURCE_MANAGEMENT' and ModifierId = 'RESOURCE_MANAGEMENT_ADDITIONAL_ALUMINUM_EXTRACTION';
delete from PolicyModifiers where PolicyType = 'POLICY_SIMULTANEUM';
delete from PolicyModifiers where PolicyType = 'POLICY_EQUESTRIAN_ORDERS' and (ModifierId = 'EQUESTRIAN_ORDERS_ADDITIONAL_HORSES_EXTRACTION' or ModifierId = 'EQUESTRIAN_ORDERS_ADDITIONAL_IRON_EXTRACTION');
insert or replace into PolicyModifiers
	(PolicyType,						ModifierId)
values
	('POLICY_BREEDING',					'ENCAMPMENT_HORSES'),
	('POLICY_FORGING',					'ENCAMPMENT_IRON'),
--	('POLICY_BREEDING',					'EQUESTRIAN_ORDERS_ADDITIONAL_HORSES_EXTRACTION'),
--	('POLICY_FORGING',					'EQUESTRIAN_ORDERS_ADDITIONAL_IRON_EXTRACTION'),
	('POLICY_GUNPOWDER_RESEARCH',		'DRILL_MANUALS_ADDITIONAL_NITER_EXTRACTION'),
	('POLICY_EQUESTRIAN_ORDERS',		'ENCAMPMENT_HORSES'),
	('POLICY_EQUESTRIAN_ORDERS',		'ENCAMPMENT_IRON'),
	('POLICY_DRILL_MANUALS',			'EQUESTRIAN_ORDERS_ADDITIONAL_HORSES_EXTRACTION'),
	('POLICY_DRILL_MANUALS',			'EQUESTRIAN_ORDERS_ADDITIONAL_IRON_EXTRACTION'),
	('POLICY_ELECTROLYTIC_ALUMINIUM',	'RESOURCE_MANAGEMENT_ADDITIONAL_ALUMINUM_EXTRACTION'),
	('POLICY_SUSTAINABLE_DEVELOPEMENT',	'EQUESTRIAN_ORDERS_ADDITIONAL_HORSES_EXTRACTION'),
	('POLICY_SUSTAINABLE_DEVELOPEMENT',	'EQUESTRIAN_ORDERS_ADDITIONAL_IRON_EXTRACTION'),
	('POLICY_SUSTAINABLE_DEVELOPEMENT',	'DRILL_MANUALS_ADDITIONAL_NITER_EXTRACTION'),
	('POLICY_SUSTAINABLE_DEVELOPEMENT',	'DRILL_MANUALS_ADDITIONAL_COAL_EXTRACTION'),
	('POLICY_SUSTAINABLE_DEVELOPEMENT',	'RESOURCE_MANAGEMENT_ADDITIONAL_ALUMINUM_EXTRACTION'),
	('POLICY_SUSTAINABLE_DEVELOPEMENT',	'RESOURCE_MANAGEMENT_ADDITIONAL_OIL_EXTRACTION');

insert or replace into Modifiers
	(ModifierId,						ModifierType,												SubjectRequirementSetId)
values
	('ENCAMPMENT_HORSES',				'MODIFIER_PLAYER_CITIES_ATTACH_MODIFIER',					'CITY_HAS_ENCAMPMENT'),
	('ENCAMPMENT_IRON',					'MODIFIER_PLAYER_CITIES_ATTACH_MODIFIER',					'CITY_HAS_ENCAMPMENT'),
	('ENCAMPMENT_HORSES_MODIFIER',		'MODIFIER_SINGLE_CITY_ADJUST_FREE_RESOURCE_EXTRACTION',		NULL),
	('ENCAMPMENT_IRON_MODIFIER',		'MODIFIER_SINGLE_CITY_ADJUST_FREE_RESOURCE_EXTRACTION',		NULL);

insert or replace into ModifierArguments
	(ModifierId,						Name,					Value)
values
	('ENCAMPMENT_HORSES',				'ModifierId',			'ENCAMPMENT_HORSES_MODIFIER'),
	('ENCAMPMENT_IRON',					'ModifierId',			'ENCAMPMENT_IRON_MODIFIER'),
	('ENCAMPMENT_HORSES_MODIFIER',		'ResourceType',			'RESOURCE_HORSES'),
	('ENCAMPMENT_HORSES_MODIFIER',		'Amount',				1),
	('ENCAMPMENT_IRON_MODIFIER',		'ResourceType',			'RESOURCE_IRON'),
	('ENCAMPMENT_IRON_MODIFIER',		'Amount',				1);

--战略卡改动
create temporary table HD_STRATEGIC_CARD(
	BuildingType text not null,
	ModifierType text not null default MODIFIER_SINGLE_CITY_ADJUST_FREE_RESOURCE_EXTRACTION,
	ResourceType text not null,
	ModifierId text,
	primary key (BuildingType, ModifierType, ResourceType)
);
insert or replace into HD_STRATEGIC_CARD
	(BuildingType,	ResourceType,		ModifierId)
select
	BuildingType,	'RESOURCE_HORSES',	BuildingType || '_HORSES'
from HD_BuildingTiers where PrereqDistrict = 'DISTRICT_ENCAMPMENT' and ReplacesOther = 0 union all
select
	BuildingType,	'RESOURCE_IRON',	BuildingType || '_IRON'
from HD_BuildingTiers where PrereqDistrict = 'DISTRICT_ENCAMPMENT' and ReplacesOther = 0;

insert or replace into PolicyModifiers
	(PolicyType,						ModifierId)
select
	'POLICY_BREEDING',					ModifierId
from HD_STRATEGIC_CARD where ResourceType = 'RESOURCE_HORSES' union all
select
	'POLICY_FORGING',					ModifierId
from HD_STRATEGIC_CARD where ResourceType = 'RESOURCE_IRON' union all
select
	'POLICY_EQUESTRIAN_ORDERS',			ModifierId
from HD_STRATEGIC_CARD;

insert or replace into Modifiers
	(ModifierId,						ModifierType,									SubjectRequirementSetId)
select
	ModifierId,							'MODIFIER_PLAYER_CITIES_ATTACH_MODIFIER',		'CITY_HAS_' || BuildingType || '_REQUIREMENTS'
from HD_STRATEGIC_CARD union all
select
	ModifierId || '_MODIFIER',			ModifierType,									NULL
from HD_STRATEGIC_CARD;

insert or replace into ModifierArguments
	(ModifierId,						Name,				Value)
select
	ModifierId,							'ModifierId',		ModifierId || '_MODIFIER'
from HD_STRATEGIC_CARD union all
select
	ModifierId || '_MODIFIER',			'ResourceType',		ResourceType
from HD_STRATEGIC_CARD union all
select
	ModifierId || '_MODIFIER',			'Amount',			2
from HD_STRATEGIC_CARD;

delete from PolicyModifiers where PolicyType = 'POLICY_RATIONALISM';
delete from PolicyModifiers where PolicyType = 'POLICY_FREE_MARKET';
delete from PolicyModifiers where PolicyType = 'POLICY_GRAND_OPERA';
delete from PolicyModifiers where PolicyType = 'POLICY_CARAVANSARIES';
delete from PolicyModifiers where PolicyType = 'POLICY_RAJ' and ModifierId = 'RAJ_CITY_TRADE_ROUTE_GOLD';
delete from PolicyModifiers where PolicyType = 'POLICY_GOTHIC_ARCHITECTURE' and ModifierId = 'GOTHICARCHITECTURE_SUKWATARUNPRODUCTION';
delete from PolicyModifiers where PolicyType = 'POLICY_FIVE_YEAR_PLAN' and ModifierId = 'FIVEYEARPLAN_DISTRICTPRODUCTION';
delete from PolicyModifiers where PolicyType = 'POLICY_LIGHTNING_WARFARE';
delete from PolicyModifiers where PolicyType = 'POLICY_MILITARY_RESEARCH';
delete from PolicyModifiers where PolicyType = 'POLICY_SPORTS_MEDIA';
delete from PolicyModifiers where PolicyType = 'POLICY_MERCHANT_CONFEDERATION';
delete from PolicyModifiers where PolicyType = 'POLICY_MILITARY_ORGANIZATION'
	and ModifierID in ('MILITARYORGANIZATION_GREATGENERAL_ARMORY', 'MILITARYORGANIZATION_GREATGENERAL_MILITARYACADEMY');
delete from PolicyModifiers where PolicyType = 'POLICY_NOBEL_PRIZE';
delete from PolicyModifiers where PolicyType = 'POLICY_FRESCOES';
delete from PolicyModifiers where PolicyType = 'POLICY_SYMPHONIES';
delete from PolicyModifiers where PolicyType = 'POLICY_LAISSEZ_FAIRE';
delete from PolicyModifiers where PolicyType = 'POLICY_HERITAGE_TOURISM';
delete from PolicyModifiers where PolicyType = 'POLICY_LIBERALISM';
delete from PolicyModifiers where PolicyType = 'POLICY_NEW_DEAL';
delete from PolicyModifiers where PolicyType = 'POLICY_INSULAE';
delete from PolicyModifiers where PolicyType = 'POLICY_MEDINA_QUARTER';
delete from PolicyModifiers where PolicyType = 'POLICY_FUTURE_COUNTER_SCIENCE';
delete from PolicyModifiers where PolicyType = 'POLICY_DEFENSE_OF_MOTHERLAND' and ModifierId != 'DEFENSEOFMOTHERLAND_DOMESTICWARWEARINESS';

insert or replace into PolicyModifiers
	(PolicyType,								ModifierId)
values
	('POLICY_FREELANCERS',						'FREELANCERS_GARRISON_GOLD'),
	('POLICY_FREELANCERS',						'RETAINERS_AMENITYBONUS'),
	('POLICY_MARITIME_INFRASTRUCTURE',			'MARITIME_INFRASTRUCTURE_COASTAL_CITY_PROD'),
	('POLICY_SEABORNE_SUPPLY',					'SEABORNE_SUPPLY_COASTAL_CITY_PROD'),
	('POLICY_GARRISON_RECLAMATION',				'GARRISON_RECLAMATION_ENCAMPMENT_FOOD'),
	('POLICY_GARRISON_RECLAMATION',				'GARRISON_RECLAMATION_ENCAMPMENT_HOUSING'),
	('POLICY_PRIMITIVE_COMMUNE',				'PRIMITIVE_COMMUNE_ALLCITYFOOD'),
	('POLICY_CARAVANSARIES',					'CARAVANSARIES_TRADE_FAITH'),
	('POLICY_CARAVANSARIES',					'CARAVANSARIES_COMMERCIAL_GOLD_BONUS'),
	('POLICY_SIMULTANEUM',						'SIMULTANEUM_DISTRICTFAITH'),
	('POLICY_MINARET',							'POLICY_MINARET_POP_FAITH_1'),
	('POLICY_MINARET',							'POLICY_MINARET_POP_FAITH_2'),
	('POLICY_MINARET',							'POLICY_MINARET_POP_FAITH_3'),
	('POLICY_DOMESTIC_TRADE',					'POLICY_DOMESTIC_TRADE_ROUTE_FOOD'),
	('POLICY_DOMESTIC_TRADE',					'POLICY_DOMESTIC_TRADE_ROUTE_PRODUCTION'),
	('POLICY_HIGHWAY',							'HIGHWAY_DOMESTIC_TRADE_ROUTE_FOOD'),
	('POLICY_HIGHWAY',							'HIGHWAY_DOMESTIC_TRADE_ROUTE_PRODUCTION'),
	('POLICY_SILK_ROAD',						'SILK_ROAD_INTERNATIONAL_TRADE_ROUTE_CULTURE'),
	('POLICY_SILK_ROAD',						'SILK_ROAD_INTERNATIONAL_TRADE_ROUTE_SCIENCE'),
	('POLICY_WALL_HOUSING',						'MONARCHY_WALLS_HOUSING'),
	('POLICY_WALL_HOUSING',						'MONARCHY_CASTLE_HOUSING'),
	('POLICY_WALL_HOUSING',						'MONARCHY_STARFORT_HOUSING'),
	('POLICY_WALL_HOUSING',						'WALLS_EARLY_HOUSING'),
	('POLICY_WALL_HOUSING',						'MONARCHY_WALLS_FOOD'),
	('POLICY_WALL_HOUSING',						'MONARCHY_CASTLE_FOOD'),
	('POLICY_WALL_HOUSING',						'MONARCHY_STARFORT_FOOD'),
	('POLICY_WALL_HOUSING',						'WALLS_EARLY_FOOD'),
	('POLICY_WALL_HOUSING',						'MONARCHY_WALLS_PRODUCTION'),
	('POLICY_WALL_HOUSING',						'MONARCHY_CASTLE_PRODUCTION'),
	('POLICY_WALL_HOUSING',						'MONARCHY_STARFORT_PRODUCTION'),
	('POLICY_WALL_HOUSING',						'WALLS_EARLY_PRODUCTION'),
	('POLICY_WRESTING_AND_MANEUVERS',			'WRESTING_AND_MANEUVERS_ARENA_AMENITY'),
	('POLICY_WRESTING_AND_MANEUVERS',			'GLADIATORIAL_GAME_ENTERTAINMENT_PRODUCTION'),
	('POLICY_WRESTING_AND_MANEUVERS',			'GLADIATORIAL_GAME_ENTERTAINMENT_BUILDING_PRODUCTION'),
	('POLICY_WONDERS_MISLEAD_COUNTRY',			'ANCIENTRENAISSANCEWONDER'),
	('POLICY_WONDERS_MISLEAD_COUNTRY',			'POLICY_WONDER_LESS_GOLD'),
	('POLICY_CITY_CENTRALIZATION',				'CITY_CENTRALIZATION_ALLCITYALLYIELD'),
	('POLICY_CONSTRUCTION_CROPS',				'GARRISON_RECLAMATION_ENCAMPMENT_FOOD'),
	('POLICY_CONSTRUCTION_CROPS',				'HD_MILITARY_SUPPLIER_PRODUCTION'),
	('POLICY_CONSTRUCTION_CROPS',				'GARRISON_RECLAMATION_ENCAMPMENT_HOUSING'),
	('POLICY_CONSTRUCTION_CROPS',				'HD_MILITARY_RESEARCH_INDUSTRIAL_SCIENCE'),
	('POLICY_CONSTRUCTION_CROPS',				'HD_MILITARY_RESEARCH_INDUSTRIAL_PRODUCTION'),
	('POLICY_CONSTRUCTION_CROPS',				'HD_MILITARY_RESEARCH_ENCAMPMENT_SCIENCE'),
	('POLICY_CONSTRUCTION_CROPS',				'HD_MILITARY_RESEARCH_ENCAMPMENT_PRODUCTION'),
	('POLICY_CONSTRUCTION_CROPS',				'HD_MILITARY_RESEARCH_HARBOR_SCIENCE'),
	('POLICY_CONSTRUCTION_CROPS',				'HD_MILITARY_RESEARCH_HARBOR_PRODUCTION'),
	('POLICY_CONSTRUCTION_CROPS',				'HD_MILITARY_RESEARCH_WALLS_SCIENCE'),
	('POLICY_CONSTRUCTION_CROPS',				'HD_MILITARY_RESEARCH_WALLS_PRODUCTION'),
	('POLICY_DRILL',							'DRILL_EXPERIENCE'),
	('POLICY_TRIBUTE_TRADE',					'COMMERCIAL_HUB_INFLUENCEPOINTS'),
	('POLICY_TRIBUTE_TRADE',					'HARBOR_HUB_INFLUENCEPOINTS'),
	('POLICY_TRIBUTE_TRADE',					'TRADE_ROUTE_GOLD_TO_CITY_STATES'),
	('POLICY_TRIBUTE_TRADE',					'TRIBUTE_TRADE_TOKEN_GOLD'),
	('POLICY_HD_BUREAUCRATIZATION_OF_NATIVE_OFFICERS',				'BUREAUCRATIZATION_OF_NATIVE_OFFICERS_COMMERCIAL_HUB_INFLUENCEPOINTS'),
	('POLICY_HD_BUREAUCRATIZATION_OF_NATIVE_OFFICERS',				'BUREAUCRATIZATION_OF_NATIVE_OFFICERS_HARBOR_INFLUENCEPOINTS'),
	('POLICY_HD_BUREAUCRATIZATION_OF_NATIVE_OFFICERS',				'BUREAUCRATIZATION_OF_NATIVE_OFFICERS_TRADE_ROUTE_GOLD_TO_CITY_STATES'),
	('POLICY_HD_BUREAUCRATIZATION_OF_NATIVE_OFFICERS',				'BUREAUCRATIZATION_OF_NATIVE_OFFICERS_TOKEN_GOLD'),
	('POLICY_HD_WIN_WIN',				'WIN_WIN_COMMERCIAL_HUB_INFLUENCEPOINTS'),
	('POLICY_HD_WIN_WIN',				'WIN_WIN_HARBOR_INFLUENCEPOINTS'),
	('POLICY_HD_WIN_WIN',				'WIN_WIN_TRADE_ROUTE_GOLD_TO_CITY_STATES'),
	('POLICY_HD_WIN_WIN',				'WIN_WIN_TOKEN_GOLD'),
	('POLICY_SOCIAL_STATISTICS',				'SOCIAL_STATISTICS_POPULATION_SCIENCE'),
	('POLICY_SOCIAL_STATISTICS',				'SOCIAL_STATISTICS_POPULATION_CULTURE'),
	('POLICY_PLUTONOMY',						'PLUTONOMY_THEATER_GOLD_PERCENTAGE_BOOST'),
	('POLICY_PLUTONOMY',						'PLUTONOMY_CAMPUS_PRODUCTION_PERCENTAGE_BOOST'),
	('POLICY_PHILOSOPHY_EDUCATION',				'PHILOSOPHY_EDUCATION_WONDER_GREAT_PERSON_POINTS'),
	('POLICY_PURITAN',							'PURITAN_WORKSHIP_GOLD_PERCENTAGE_BOOST'),
	('POLICY_PURITAN',							'PURITAN_WORKSHIP_PRODUCTION_PERCENTAGE_BOOST'),
	('POLICY_SCIENTIFIC_EXPEDITIONS',			'SCIENTIFIC_EXPEDITIONS_SCIENCE'),
	('POLICY_SCIENTIFIC_EXPEDITIONS',			'SCIENTIFIC_EXPEDITIONS_CULTURE'),
	('POLICY_SISHU',							'SISHU_POPULATION_SCIENCE'),
	('POLICY_SISHU',							'SISHU_POPULATION_CULTURE'),
	('POLICY_COMPILE',							'COMPILE_FIXED_SCIENTIST_POINTS'),
	('POLICY_COMPILE',							'COMPILE_LIBRARY_SCIENTIST_POINTS'),
	('POLICY_SUPPLY_LINES',						'LOGISTICS_FRIENDLYTERRITORYMOVEMENTBONUS'),
	('POLICY_SUPPLY_LINES',						'VETERANCY_ENCAMPMENT_PRODUCTION'),
	('POLICY_SUPPLY_LINES',						'VETERANCY_ENCAMPMENT_BUILDINGS_PRODUCTION'),
	('POLICY_SUPPLY_LINES',						'VETERANCY_HARBOR_PRODUCTION'),
	('POLICY_SUPPLY_LINES',						'VETERANCY_HARBOR_BUILDINGS_PRODUCTION'),
	('POLICY_BASTIONS',							'LIMES_CASTLEPRODUCTION'),
	('POLICY_BASTIONS',							'LIMES_WALLSPRODUCTION'),
	('POLICY_BASTIONS',							'LIMES_STARFORTPRODUCTION'),
	('POLICY_BASTIONS',							'LIMES_TSIKHEPRODUCTION'),
	('POLICY_SCHOLAR_BUREAUCRAT',				'SCHOLAR_BUREAUCRAT_GREATWRITERPOINTS'),
	('POLICY_SCHOLAR_BUREAUCRAT',				'SCHOLAR_BUREAUCRAT_THEATER_TIER1_GREATWRITERPOINTS'),
	('POLICY_NEW_ROUTE',						'NEW_ROUTE_INTERNATIONAL_TRADE_ROUTE_CULTURE'),
	('POLICY_NEW_ROUTE',						'NEW_ROUTE_INTERNATIONAL_TRADE_ROUTE_SCIENCE'),
	('POLICY_WATER_TRANSPORT',					'WATER_TRANSPORT_DOMESTIC_TRADE_ROUTE_FOOD'),
	('POLICY_WATER_TRANSPORT',					'WATER_TRANSPORT_DOMESTIC_TRADE_ROUTE_PRODUCTION'),
	('POLICY_TEXTBOOK',							'TEXTBOOK_FIXED_SCIENTIST_POINTS'),
	('POLICY_TEXTBOOK',							'TEXTBOOK_TIER2_SCIENTIST_POINTS'),
	('POLICY_FIVE_YEAR_PLAN',					'HD_FIVE_YEAR_PLAN_THEATER_BONUS'),
	('POLICY_SPORTS_MEDIA',						'HD_SPORTS_MEDIA_GOLD_BONUS'),
	('POLICY_SPORTS_MEDIA',						'HD_SPORTS_MEDIA_CULTURE_BONUS'),
	('POLICY_SPORTS_MEDIA',						'HD_SPORTS_MEDIA_WONDER_TOURISM'),
	('POLICY_DEEP_WATER_PORT',					'SEABORNE_SUPPLY_COASTAL_CITY_PROD'),
	('POLICY_DEEP_WATER_PORT',					'DEEPWATERPORT_GOLD'),
	('POLICY_DEEP_WATER_PORT',					'DEEPWATERPORT_HOUSING'), 
	('POLICY_GREEN_CITY',						'HD_GREEN_CITY_WONDER_TOURISM'),
	('POLICY_GREEN_CITY',						'HD_GREEN_CITY_NATIONALPARK_TOURISM'),
	('POLICY_TRAVEL_BLOGGER',					'TRAVEL_BLOGGER_TOURISM'),
	('POLICY_INFRASTRUCTURE_CONSTRUCTION',		'INFRASTRUCTURE_CONSTRUCTION_AQUEDUCT'),
	('POLICY_INFRASTRUCTURE_CONSTRUCTION',		'INFRASTRUCTURE_CONSTRUCTION_AQUEDUCT_BUILDING'),
	('POLICY_INFRASTRUCTURE_CONSTRUCTION',		'INFRASTRUCTURE_CONSTRUCTION_DAM'),
	('POLICY_INFRASTRUCTURE_CONSTRUCTION',		'INFRASTRUCTURE_CONSTRUCTION_DAM_BUILDING'),
	('POLICY_INFRASTRUCTURE_CONSTRUCTION',		'INFRASTRUCTURE_CONSTRUCTION_CANAL'),
	('POLICY_INFRASTRUCTURE_CONSTRUCTION',		'INFRASTRUCTURE_CONSTRUCTION_CANAL_BUILDING'),
	('POLICY_INFRASTRUCTURE_CONSTRUCTION',		'INFRASTRUCTURE_CONSTRUCTION_NEIGHBORHOOD'),
	('POLICY_INFRASTRUCTURE_CONSTRUCTION',		'INFRASTRUCTURE_CONSTRUCTION_NEIGHBORHOOD_BUILDING'),
	('POLICY_RAJ',								'RAJ_CAPTURED_CITY_CULTURE'),
	('POLICY_RAJ',								'RAJ_CAPTURED_CITY_SCIENCE'),
	('POLICY_RAJ',								'RAJ_CAPTURED_CITY_GOLD'),
	('POLICY_RAJ',								'RAJ_CAPTURED_CITY_FAITH'),
	('POLICY_INTERNATIONALISM',					'INTERNATIONALISM_DELEGATION_FAVOR'),
	('POLICY_INTERNATIONALISM',					'INTERNATIONALISM_EMBASSY_FAVOR'),
	('POLICY_INTERNATIONALISM',					'INTERNATIONALISM_INFLUENCE_POINTS'),
	('POLICY_SOCIAL_DARWINISM',					'SOCIAL_DARWINISM_CULTURE_ATTACH'),
	('POLICY_SOCIAL_DARWINISM',					'SOCIAL_DARWINISM_SCIENCE_ATTACH'),
	('POLICY_WELL_FIELD',						'PRIMITIVE_COMMUNE_ALLCITYFOOD'),
	('POLICY_WELL_FIELD',						'URBAN_PLANNING_ALLCITYPRODUCTION'),
	('POLICY_HOUSEHOOD_REGISTRATION',			'INFRASTRUCTURE_CONSTRUCTION_AQUEDUCT'),
	('POLICY_HOUSEHOOD_REGISTRATION',			'INFRASTRUCTURE_CONSTRUCTION_AQUEDUCT_BUILDING'),
	('POLICY_HOUSEHOOD_REGISTRATION',			'INFRASTRUCTURE_CONSTRUCTION_NEIGHBORHOOD'),
	('POLICY_HOUSEHOOD_REGISTRATION',			'INFRASTRUCTURE_CONSTRUCTION_NEIGHBORHOOD_BUILDING'),
	('POLICY_HAJJ',								'HAJJ_SCIENCEPERTRIBUTARY'),
	('POLICY_HAJJ',								'HAJJ_FAITHPERTRIBUTARY'),
	('POLICY_HAJJ',								'HAJJ_GOLDPERTRIBUTARY'),
	('POLICY_MARTIAL_ELECTION',					'MARTIAL_ELECTION_GREAT_GENERAL_POINTS'),
	('POLICY_MARTIAL_ELECTION',					'MARTIAL_ELECTION_BUILDING_GREAT_GENERAL_POINTS'),
	('POLICY_GLADIATORIAL_GAME',				'GLADIATORIAL_GAME_ENTERTAINMENT_PRODUCTION'),
	('POLICY_GLADIATORIAL_GAME',				'GLADIATORIAL_GAME_ENTERTAINMENT_BUILDING_PRODUCTION'),
	('POLICY_FORTIFICATIONS',				'BASTIONS_OUTERDEFENSE'),
	('POLICY_FORTIFICATIONS',				'BASTIONS_RANGEDSTRIKE'),
	('POLICY_WEAPONS_MANAGEMENT_SERVICE',	'WEAPONS_MANAGEMENT_SERVICE_ENCAMPMENT_DOUBLE_1'),
	('POLICY_LIGHTNING_WARFARE',			'LIGHTNING_WARFARE_CAVALRY_MOVEMENT'),
	('POLICY_LIGHTNING_WARFARE',			'LIGHTNING_WARFARE_CAVALRY_STRENGTH'),
	('POLICY_HD_I_PROMISE',		'HD_POLICY_I_PROMISE_ALLIANCE_POINTS'),
	('POLICY_HD_I_PROMISE',		'HD_POLICY_I_PROMISE_FOODTOALLY'),
	('POLICY_HD_I_PROMISE',		'HD_POLICY_I_PROMISE_FOODFROMALLY'),
	('POLICY_HD_I_PROMISE',		'HD_POLICY_I_PROMISE_FOODTOSUZERAIN'),
	('POLICY_HD_I_PROMISE',		'HD_POLICY_I_PROMISE_FOODFROMSUZERAIN'),
	('POLICY_HD_I_PROMISE',		'HD_POLICY_I_PROMISE_PRODUCTIONTOALLY'),
	('POLICY_HD_I_PROMISE',		'HD_POLICY_I_PROMISE_PRODUCTIONFROMALLY'),
	('POLICY_HD_I_PROMISE',		'HD_POLICY_I_PROMISE_PRODUCTIONTOSUZERAIN'),
	('POLICY_HD_I_PROMISE',		'HD_POLICY_I_PROMISE_PRODUCTIONFROMSUZERAIN'),
	('POLICY_MILITARY_RESEARCH',		'HD_MILITARY_RESEARCH_INDUSTRIAL_SCIENCE'),
	('POLICY_MILITARY_RESEARCH',		'HD_MILITARY_RESEARCH_INDUSTRIAL_PRODUCTION'),
	('POLICY_MILITARY_RESEARCH',		'HD_MILITARY_RESEARCH_ENCAMPMENT_SCIENCE'),
	('POLICY_MILITARY_RESEARCH',		'HD_MILITARY_RESEARCH_ENCAMPMENT_PRODUCTION'),
	('POLICY_MILITARY_RESEARCH',		'HD_MILITARY_RESEARCH_HARBOR_SCIENCE'),
	('POLICY_MILITARY_RESEARCH',		'HD_MILITARY_RESEARCH_HARBOR_PRODUCTION'),
	('POLICY_RATIONALISM',										'POLICY_RATIONALISM_POP_SCIENCE_1'),
	('POLICY_RATIONALISM',										'POLICY_RATIONALISM_POP_SCIENCE_2'),
	('POLICY_RATIONALISM',										'POLICY_RATIONALISM_POP_SCIENCE_3'),
	('POLICY_RATIONALISM',										'POLICY_RATIONALISM_POP_SCIENCE_4'),
	('POLICY_FREE_MARKET',										'POLICY_FREE_MARKET_POP_GOLD_1'),
	('POLICY_FREE_MARKET',										'POLICY_FREE_MARKET_POP_GOLD_2'),
	('POLICY_FREE_MARKET',										'POLICY_FREE_MARKET_POP_GOLD_3'),
	('POLICY_FREE_MARKET',										'POLICY_FREE_MARKET_POP_GOLD_4'),
	('POLICY_GRAND_OPERA',										'POLICY_GRAND_OPERA_POP_CULTURE_1'),
	('POLICY_GRAND_OPERA',										'POLICY_GRAND_OPERA_POP_CULTURE_2'),
	('POLICY_GRAND_OPERA',										'POLICY_GRAND_OPERA_POP_CULTURE_3'),
	('POLICY_TRAVELING_MERCHANTS',		'TRAVELING_MERCHANTS_MARKET'),
	('POLICY_NAVIGATION',				'NAVIGATION_ADMIRAL_LIGHTHOUSE'),
	('POLICY_SERFDOM',					'SERFDOM_BUILDERPRODUCTION'),
	('POLICY_COLONIAL_OFFICES',			'COLONIALOFFICES_FOREIGNFOOD'),
	('POLICY_COLONIAL_OFFICES',			'COLONIALOFFICES_FOREIGNFOODPERCENTAGE'),
	('POLICY_HD_WORRIER_CLASS',				'HD_WORRIER_CLASS_FOOD'),
	('POLICY_HD_WORRIER_CLASS',				'HD_WORRIER_CLASS_PRODUCTION'),
	('POLICY_HD_MUDBRICK_WHARF',				'HD_MUDBRICK_WHARF_HARBOR_PRODUCTION'),
	('POLICY_HD_GULF_TRADE',				'HD_GULF_TRADE_HARBOR_BONUS'),
	('POLICY_HD_GULF_TRADE',				'HD_GULF_TRADE_TRADE_GOLD_1'),
	('POLICY_HD_GULF_TRADE',				'HD_GULF_TRADE_TRADE_GOLD_2'),
	('POLICY_HD_MONUMENT_CEREMONY',	'HD_MONUMENT_CEREMONY_MONUMENT_PRODUCTION'),
	('POLICY_HD_MONUMENT_CEREMONY',	'HD_MONUMENT_CEREMONY_MONUMENT_FAITH'),
	('POLICY_HD_HUMAN_SACRIFICE',		'HD_HUMAN_SACRIFICE_KILL_FAITH'),
	('POLICY_HD_PRIEST_CLASS',		'HD_PRIEST_CLASS_DO_NOTHING'),
	('POLICY_HD_SECULAR_LITERATURE',		'HD_SECULAR_LITERATURE_THEATER_BONUS'),
	('POLICY_HD_LEVEL',		'GOTHICARCHITECTURE_MEDIEVALRENAISSANCEWONDER'),
	('POLICY_HD_HERBAL_MEDICINE',		'HD_HERBAL_MEDICINE_POP_SCIENCE'),
	('POLICY_HD_HERBAL_MEDICINE',		'HD_HERBAL_MEDICINE_POP_GOLD'),
	('POLICY_HD_HERBAL_MEDICINE',		'HD_HERBAL_MEDICINE_SCIENTIST_POINTS'),
	('POLICY_HD_HUMAN_RESOURCES',		'HD_HUMAN_RESOURCES_POP_GOLD_1'),
	('POLICY_HD_HUMAN_RESOURCES',		'HD_HUMAN_RESOURCES_POP_PRODUCTION_1'),
	('POLICY_HD_HUMAN_RESOURCES',		'HD_HUMAN_RESOURCES_POP_GOLD_2'),
	('POLICY_HD_HUMAN_RESOURCES',		'HD_HUMAN_RESOURCES_POP_PRODUCTION_2'),
	('POLICY_HD_HUMAN_RESOURCES',		'HD_HUMAN_RESOURCES_POP_GOLD_3'),
	('POLICY_HD_HUMAN_RESOURCES',		'HD_HUMAN_RESOURCES_POP_PRODUCTION_3'),
	('POLICY_HD_REALISM',		'HD_MODERNIST_LITERATURE_WRITING_TOURISM'),
	('POLICY_HD_DA_SI_KONG',		'HD_DA_SI_KONG_INDUSTRIAL_BONUS'),
	('POLICY_HD_MILITARY_CONSTRUCTION',		'HD_MILITARY_CONSTRUCTION_ENCAMPMENT_BONUS'),
	('POLICY_HD_MILITARY_CONSTRUCTION',		'HD_MILITARY_CONSTRUCTION_INDUSTRIAL_BONUS'),
	('POLICY_HD_PORT_CARGO',		'POLICY_HD_PORT_CARGO_POP_PRODUCTION_1'),
	('POLICY_HD_PORT_CARGO',		'POLICY_HD_PORT_CARGO_POP_PRODUCTION_2'),
	('POLICY_HD_PORT_CARGO',		'POLICY_HD_PORT_CARGO_POP_PRODUCTION_3'),
	('POLICY_HD_COMMERCIAL_LAW',		'POLICY_HD_PORT_CARGO_POP_PRODUCTION_1'),
	('POLICY_HD_COMMERCIAL_LAW',		'POLICY_HD_PORT_CARGO_POP_PRODUCTION_2'),
	('POLICY_HD_COMMERCIAL_LAW',		'POLICY_HD_PORT_CARGO_POP_PRODUCTION_3'),
	('POLICY_HD_COMMERCIAL_LAW',		'POLICY_FREE_MARKET_POP_GOLD_1'),
	('POLICY_HD_COMMERCIAL_LAW',		'POLICY_FREE_MARKET_POP_GOLD_2'),
	('POLICY_HD_COMMERCIAL_LAW',		'POLICY_FREE_MARKET_POP_GOLD_3'),
	('POLICY_HD_COMMERCIAL_LAW',		'POLICY_FREE_MARKET_POP_GOLD_4'),
	('POLICY_HD_DEMOGRAPHIC_STATISTICS',		'POLICY_HD_DEMOGRAPHIC_STATISTICS_NEIGHBORHOOD_PRODUCTION'),
	('POLICY_HD_DEMOGRAPHIC_STATISTICS',		'POLICY_HD_DEMOGRAPHIC_STATISTICS_POP_GOLD'),
	('POLICY_HD_BLOCKCHAIN',		'POLICY_HD_BLOCKCHAIN_POP_SCIENCE'),
	('POLICY_HD_BLOCKCHAIN',		'POLICY_HD_BLOCKCHAIN_POP_CULTURE'),
	('POLICY_HD_BLOCKCHAIN',		'POLICY_HD_BLOCKCHAIN_POP_GOLD'),
	('POLICY_HD_BLOCKCHAIN',		'POLICY_HD_BLOCKCHAIN_POP_GOLD_2'),
	('POLICY_HD_REINDUSTRIALIZATION',		'POLICY_HD_REINDUSTRIALIZATION_TOURISM_DEBUFF'),
	('POLICY_HD_REINDUSTRIALIZATION',		'POLICY_HD_REINDUSTRIALIZATION_POP_PRODUCTION'),
	('POLICY_HD_REINDUSTRIALIZATION',		'POLICY_HD_REINDUSTRIALIZATION_POP_FAITH'),
	('POLICY_HD_REINDUSTRIALIZATION',		'POLICY_HD_REINDUSTRIALIZATION_POP_GOLD'),
	('POLICY_HD_COMPULSORY_EDUCATION',				'COMPULSORY_EDUCATION_POPULATION_SCIENCE'),
	('POLICY_HD_COMPULSORY_EDUCATION',				'COMPULSORY_EDUCATION_POPULATION_CULTURE'),
	('POLICY_MERCHANT_CONFEDERATION',				'MERCHANT_CONFEDERATION_INDUSTRIAL_ZONE_RANGE_BONUS'),
	('POLICY_HD_BLOCK_MANAGEMENT',				'MERCHANT_CONFEDERATION_INDUSTRIAL_ZONE_RANGE_BONUS'),
	('POLICY_GOD_KING',				'GOD_KING_POP_FAITH'),
	('POLICY_HD_ORACLE',				'HD_ORACLE_FAITH'),
	('POLICY_HD_INTANGIBLE_TRADE',				'INTANGIBLE_TRADE_CULTURE'),
	('POLICY_HD_INTANGIBLE_TRADE',				'INTANGIBLE_TRADE_SCIENCE'),
	('POLICY_HD_NATIONAL_DEFENSE_ROAD',				'NATIONAL_DEFENSE_ROAD_FOOD'),
	('POLICY_HD_NATIONAL_DEFENSE_ROAD',				'NATIONAL_DEFENSE_ROAD_PRODUCTION'),
	('POLICY_HD_EXCHANGE_RATE_REGULATION',				'EXCHANGE_RATE_REGULATION_GOLD'),
	('POLICY_HD_EXCHANGE_RATE_REGULATION',				'EXCHANGE_RATE_REGULATION_PRODUCTION'),
	('POLICY_HD_INTERNATIONAL_AID',		'HD_INTERNATIONAL_AID_ALLIANCE_POINTS'),
	('POLICY_HD_INTERNATIONAL_AID',		'HD_INTERNATIONAL_AID_FOODTOALLY'),
	('POLICY_HD_INTERNATIONAL_AID',		'HD_INTERNATIONAL_AID_FOODFROMALLY'),
	('POLICY_HD_INTERNATIONAL_AID',		'HD_INTERNATIONAL_AID_FOODTOSUZERAIN'),
	('POLICY_HD_INTERNATIONAL_AID',		'HD_INTERNATIONAL_AID_FOODFROMSUZERAIN'),
	('POLICY_HD_INTERNATIONAL_AID',		'HD_INTERNATIONAL_AID_PRODUCTIONTOALLY'),
	('POLICY_HD_INTERNATIONAL_AID',		'HD_INTERNATIONAL_AID_PRODUCTIONFROMALLY'),
	('POLICY_HD_INTERNATIONAL_AID',		'HD_INTERNATIONAL_AID_PRODUCTIONTOSUZERAIN'),
	('POLICY_HD_INTERNATIONAL_AID',		'HD_INTERNATIONAL_AID_PRODUCTIONFROMSUZERAIN'),
	('POLICY_SELF_DETERMINATION',		'SELF_DETERMINATION_CULTURE'),
	('POLICY_SELF_DETERMINATION',		'SELF_DETERMINATION_PRODUCTION'),
	('POLICY_MILITARY_ORGANIZATION',		'HD_MILITARY_ORGANIZATION_GREATGENERAL_1'),
	('POLICY_MILITARY_ORGANIZATION',		'HD_MILITARY_ORGANIZATION_GREATGENERAL_2'),
	('POLICY_MILITARY_ORGANIZATION',		'HD_MILITARY_ORGANIZATION_GREATGENERAL_3'),
	('POLICY_HD_CHEONGWAN',		'HD_CHEONGWAN_GREAT_SCIENTIST_ATTACH'),
	('POLICY_HD_CHANNEL_ADMINISTRATOR',		'HD_CHANNEL_ADMINISTRATOR_GREAT_SCIENTIST_ATTACH'),
	('POLICY_HD_CHANNEL_ADMINISTRATOR',		'HD_CHANNEL_ADMINISTRATOR_GREAT_SCIENTIST'),
	('POLICY_HD_CHANNEL_ADMINISTRATOR',		'HD_CHANNEL_ADMINISTRATOR_GREAT_ENGINEER_ATTACH'),
	('POLICY_HD_CHANNEL_ADMINISTRATOR',		'HD_CHANNEL_ADMINISTRATOR_GREAT_ENGINEER'),
	('POLICY_HD_TECH_REVOLUTION',		'HD_TECH_REVOLUTION_GREATENGINEER_1'),
	('POLICY_HD_TECH_REVOLUTION',		'HD_TECH_REVOLUTION_GREATENGINEER_2'),
	('POLICY_HD_TECH_REVOLUTION',		'HD_TECH_REVOLUTION_GREATENGINEER_3'),
	('POLICY_HD_ACADEMIC_MEETING',		'HD_ACADEMIC_MEETING_GREATSCIENTIST_1'),
	('POLICY_HD_ACADEMIC_MEETING',		'HD_ACADEMIC_MEETING_GREATSCIENTIST_2'),
	('POLICY_HD_ACADEMIC_MEETING',		'HD_ACADEMIC_MEETING_GREATSCIENTIST_3'),
	('POLICY_HD_ACADEMIC_MEETING',		'HD_ACADEMIC_MEETING_GREATSCIENTIST_4'),
	('POLICY_NOBEL_PRIZE',		'HD_TECH_REVOLUTION_GREATENGINEER_1'),
	('POLICY_NOBEL_PRIZE',		'HD_TECH_REVOLUTION_GREATENGINEER_2'),
	('POLICY_NOBEL_PRIZE',		'HD_TECH_REVOLUTION_GREATENGINEER_3'),
	('POLICY_NOBEL_PRIZE',		'HD_ACADEMIC_MEETING_GREATSCIENTIST_1'),
	('POLICY_NOBEL_PRIZE',		'HD_ACADEMIC_MEETING_GREATSCIENTIST_2'),
	('POLICY_NOBEL_PRIZE',		'HD_ACADEMIC_MEETING_GREATSCIENTIST_3'),
	('POLICY_NOBEL_PRIZE',		'HD_ACADEMIC_MEETING_GREATSCIENTIST_4'),
	('POLICY_HD_NATIONAL_CULTURE',		'HD_NATIONAL_CULTURE_GREAT_WRITER_1'),
	('POLICY_HD_NATIONAL_CULTURE',		'HD_NATIONAL_CULTURE_GREAT_WRITER_2'),
	('POLICY_HD_NATIONAL_CULTURE',		'HD_NATIONAL_CULTURE_GREAT_WRITER_3'),
	('POLICY_FRESCOES',		'HD_FRESCOES_GREAT_ARTIST_1'),
	('POLICY_FRESCOES',		'HD_FRESCOES_GREAT_ARTIST_2'),
	('POLICY_FRESCOES',		'HD_FRESCOES_GREAT_ARTIST_3'),
	('POLICY_HD_PSALM',		'HD_PSALM_GREAT_MUSICIAN_1'),
	('POLICY_HD_PSALM',		'HD_PSALM_GREAT_MUSICIAN_2'),
	('POLICY_SYMPHONIES',		'HD_SYMPHONIES_GREAT_MUSICIAN_1'),
	('POLICY_SYMPHONIES',		'HD_SYMPHONIES_GREAT_MUSICIAN_2'),
	('POLICY_SYMPHONIES',		'HD_SYMPHONIES_GREAT_MUSICIAN_3'),
	('POLICY_HD_SUBCULTURAL_TREND',		'HD_NATIONAL_CULTURE_GREAT_WRITER_1'),
	('POLICY_HD_SUBCULTURAL_TREND',		'HD_NATIONAL_CULTURE_GREAT_WRITER_2'),
	('POLICY_HD_SUBCULTURAL_TREND',		'HD_NATIONAL_CULTURE_GREAT_WRITER_3'),
	('POLICY_HD_SUBCULTURAL_TREND',		'HD_FRESCOES_GREAT_ARTIST_1'),
	('POLICY_HD_SUBCULTURAL_TREND',		'HD_FRESCOES_GREAT_ARTIST_2'),
	('POLICY_HD_SUBCULTURAL_TREND',		'HD_FRESCOES_GREAT_ARTIST_3'),
	('POLICY_HD_SUBCULTURAL_TREND',		'HD_SYMPHONIES_GREAT_MUSICIAN_1'),
	('POLICY_HD_SUBCULTURAL_TREND',		'HD_SYMPHONIES_GREAT_MUSICIAN_2'),
	('POLICY_HD_SUBCULTURAL_TREND',		'HD_SYMPHONIES_GREAT_MUSICIAN_3'),
	('POLICY_HD_SUBCULTURAL_TREND',		'HD_SUBCULTURAL_TREND_GREAT_WRITER_1'),
	('POLICY_HD_SUBCULTURAL_TREND',		'HD_SUBCULTURAL_TREND_GREAT_WRITER_2'),
	('POLICY_HD_SUBCULTURAL_TREND',		'HD_SUBCULTURAL_TREND_GREAT_WRITER_3'),
	('POLICY_HD_SUBCULTURAL_TREND',		'HD_SUBCULTURAL_TREND_GREAT_ARTIST_1'),
	('POLICY_HD_SUBCULTURAL_TREND',		'HD_SUBCULTURAL_TREND_GREAT_ARTIST_2'),
	('POLICY_HD_SUBCULTURAL_TREND',		'HD_SUBCULTURAL_TREND_GREAT_ARTIST_3'),
	('POLICY_HD_SUBCULTURAL_TREND',		'HD_SUBCULTURAL_TREND_GREAT_MUSICIAN_1'),
	('POLICY_HD_SUBCULTURAL_TREND',		'HD_SUBCULTURAL_TREND_GREAT_MUSICIAN_2'),
	('POLICY_HD_SUBCULTURAL_TREND',		'HD_SUBCULTURAL_TREND_GREAT_MUSICIAN_3'),
	('POLICY_HD_OCEAN_VOYAGE',		'HD_OCEAN_VOYAGE_GREAT_ADMIRAL_1'),
	('POLICY_HD_OCEAN_VOYAGE',		'HD_OCEAN_VOYAGE_GREAT_ADMIRAL_2'),
	('POLICY_HD_OCEAN_VOYAGE',		'HD_OCEAN_VOYAGE_GREAT_ADMIRAL_3'),
	('POLICY_HD_INVESTMENT',		'HD_INVESTMENT_GREAT_MERCHANT_1'),
	('POLICY_HD_INVESTMENT',		'HD_INVESTMENT_GREAT_MERCHANT_2'),
	('POLICY_HD_INVESTMENT',		'HD_INVESTMENT_GREAT_MERCHANT_3'),
	('POLICY_HD_INVESTMENT',		'HD_INVESTMENT_GREAT_MERCHANT_4'),
	('POLICY_LAISSEZ_FAIRE',		'HD_OCEAN_VOYAGE_GREAT_ADMIRAL_1'),
	('POLICY_LAISSEZ_FAIRE',		'HD_OCEAN_VOYAGE_GREAT_ADMIRAL_2'),
	('POLICY_LAISSEZ_FAIRE',		'HD_OCEAN_VOYAGE_GREAT_ADMIRAL_3'),
	('POLICY_LAISSEZ_FAIRE',		'HD_INVESTMENT_GREAT_MERCHANT_1'),
	('POLICY_LAISSEZ_FAIRE',		'HD_INVESTMENT_GREAT_MERCHANT_2'),
	('POLICY_LAISSEZ_FAIRE',		'HD_INVESTMENT_GREAT_MERCHANT_3'),
	('POLICY_LAISSEZ_FAIRE',		'HD_INVESTMENT_GREAT_MERCHANT_4'),
	('POLICY_HD_REVIVAL_OF_NATIONHOOD',				'HD_REVIVAL_OF_NATIONHOOD_WONDER_GREAT_PERSON_POINTS'),
	('POLICY_HD_CIVIC_RIGHTS',		'HD_CIVIC_RIGHTS_CULTURE_ATTACH_1'),
	('POLICY_HD_CIVIC_RIGHTS',		'HD_CIVIC_RIGHTS_CULTURE_ATTACH_2'),
	('POLICY_HD_CIVIC_RIGHTS',		'HD_CIVIC_RIGHTS_CULTURE_ATTACH_3'),
	('POLICY_HD_CIVIC_RIGHTS',		'HD_CIVIC_RIGHTS_FAITH_ATTACH_1'),
	('POLICY_HD_CIVIC_RIGHTS',		'HD_CIVIC_RIGHTS_FAITH_ATTACH_2'),
	('POLICY_HD_CIVIC_RIGHTS',		'HD_CIVIC_RIGHTS_FAITH_ATTACH_3'),
	('POLICY_HD_CONSTITUTIONAL_STUDY',		'HD_CONSTITUTIONAL_STUDY_PRODUCTION_ATTACH_1'),
	('POLICY_HD_CONSTITUTIONAL_STUDY',		'HD_CONSTITUTIONAL_STUDY_PRODUCTION_ATTACH_2'),
	('POLICY_HD_CONSTITUTIONAL_STUDY',		'HD_CONSTITUTIONAL_STUDY_PRODUCTION_ATTACH_3'),
	('POLICY_HD_CONSTITUTIONAL_STUDY',		'HD_CONSTITUTIONAL_STUDY_GOLD_ATTACH_1'),
	('POLICY_HD_CONSTITUTIONAL_STUDY',		'HD_CONSTITUTIONAL_STUDY_GOLD_ATTACH_2'),
	('POLICY_HD_CONSTITUTIONAL_STUDY',		'HD_CONSTITUTIONAL_STUDY_GOLD_ATTACH_3'),
	('POLICY_HD_CLONE_RESEARCH',		'HD_CLONE_RESEARCH_GREAT_SCIENTIST_POINTS_ATTACH'),
	('POLICY_HD_HIGH_TECH_INDUSTRY',		'HD_HIGH_TECH_INDUSTRY_GREAT_SCIENTIST_POINTS_ATTACH'),
	('POLICY_HD_HIGH_TECH_INDUSTRY',		'HD_HIGH_TECH_INDUSTRY_GREAT_ENGINEER_POINTS_ATTACH'),
	('POLICY_HD_FREEDOM_OF_SPEECH',		'HD_FREEDOM_OF_SPEECH_MUSIC_TOURISM'),
	('POLICY_HD_FREEDOM_OF_SPEECH',		'HD_FREEDOM_OF_SPEECH_NEIGHBORHOOD_CULTURE'),
	('POLICY_HD_ROMANTICISM',					'HD_ROMANTICISM_WRITING_TOURISM'),
	('POLICY_HD_ROMANTICISM',					'HD_ROMANTICISM_THEATER_AMENITY'),
	('POLICY_HD_COMPARATIVE_LITERATURE',					'HD_COMPARATIVE_LITERATURE_WRITING_TOURISM'),
	('POLICY_HD_COMPARATIVE_LITERATURE',					'HD_COMPARATIVE_LITERATURE_CULTURE_BONUS'),
	('POLICY_HD_PHONETICS',					'HD_PHONETICS_MUSIC_TOURISM'),
	('POLICY_HD_PHONETICS',					'HD_PHONETICS_SCIENCE_BONUS'),
	('POLICY_HD_DEINDUSTRIALIZATION',					'HD_DEINDUSTRIALIZATION_DISTRICT_DEBUFF'),
	('POLICY_HD_DEINDUSTRIALIZATION',					'HD_DEINDUSTRIALIZATION_BUILDING_DEBUFF'),
	('POLICY_HD_DEINDUSTRIALIZATION',					'HD_DEINDUSTRIALIZATION_GOLD_ATTACH'),
	('POLICY_HD_TRADE_PROTECTIONISM',					'HD_TRADE_PROTECTIONISM_INTER_TRADE_DEBUFF'),
	('POLICY_HD_TRADE_PROTECTIONISM',					'HD_TRADE_PROTECTIONISM_COMMERCIAL_HUB_BONUS'),
	('POLICY_HD_TRADE_PROTECTIONISM',					'HD_TRADE_PROTECTIONISM_HARBOR_BONUS'),
	('POLICY_HD_TRADE_PROTECTIONISM',					'HD_TRADE_PROTECTIONISM_INDUSTRIAL_ZONE_BONUS'),
	('POLICY_HD_URBAN_EXHIBITION',					'HD_URBAN_EXHIBITION_WONDER_TOURISM'),
	('POLICY_HD_URBAN_EXHIBITION',					'HD_URBAN_EXHIBITION_IMPROVEMENT_TOURISM'),
	('POLICY_HERITAGE_TOURISM',					'HD_HERITAGE_TOURISM_ARTIFACT_TOURISM'),
	('POLICY_HERITAGE_TOURISM',					'HD_HERITAGE_TOURISM_RELIC_TOURISM'),
	('POLICY_HD_CULTURAL_COLONIZATION',					'HD_CULTURAL_COLONIZATION_TRADE_TOURISM'),
	('POLICY_HD_TRAVEL_AGENCY',					'HD_TRAVEL_AGENCY_IMPROVEMENT_TOURISM'),
	('POLICY_HD_TRAVEL_AGENCY',					'HD_TRAVEL_AGENCY_NATIONALPARK_TOURISM'),
	('POLICY_HD_GOSPEL_LOCALISATION',					'HD_GOSPEL_LOCALISATION_SCIENCE'),
	('POLICY_HD_GOSPEL_LOCALISATION',					'HD_GOSPEL_LOCALISATION_CULTURE'),
	('POLICY_HD_TRANSLATE',					'HD_TRANSLATE_SCIENCE_0'),
	('POLICY_HD_TRANSLATE',					'HD_TRANSLATE_SCIENCE_1'),
	('POLICY_HD_TRANSLATE',					'HD_TRANSLATE_SCIENCE_2'),
	('POLICY_HD_TRANSLATE',					'HD_TRANSLATE_SCIENCE_3'),
	('POLICY_HD_TRANSLATE',					'HD_TRANSLATE_SCIENCE_4'),
	('POLICY_HD_TRANSLATE',					'HD_TRANSLATE_FAVOR_0'),
	('POLICY_HD_TRANSLATE',					'HD_TRANSLATE_FAVOR_1'),
	('POLICY_HD_TRANSLATE',					'HD_TRANSLATE_FAVOR_2'),
	('POLICY_HD_TRANSLATE',					'HD_TRANSLATE_FAVOR_3'),
	('POLICY_HD_TRANSLATE',					'HD_TRANSLATE_FAVOR_4'),
	('POLICY_HD_CIVIC_ASSEMBLY',					'HD_CIVIC_ASSEMBLY_CULTURE_0'),
	('POLICY_HD_CIVIC_ASSEMBLY',					'HD_CIVIC_ASSEMBLY_CULTURE_1'),
	('POLICY_HD_CIVIC_ASSEMBLY',					'HD_CIVIC_ASSEMBLY_CULTURE_2'),
	('POLICY_HD_CIVIC_ASSEMBLY',					'HD_CIVIC_ASSEMBLY_CULTURE_3'),
	('POLICY_HD_CIVIC_ASSEMBLY',					'HD_CIVIC_ASSEMBLY_INFLUENCE_0'),
	('POLICY_HD_CIVIC_ASSEMBLY',					'HD_CIVIC_ASSEMBLY_INFLUENCE_1'),
	('POLICY_HD_CIVIC_ASSEMBLY',					'HD_CIVIC_ASSEMBLY_INFLUENCE_2'),
	('POLICY_HD_CIVIC_ASSEMBLY',					'HD_CIVIC_ASSEMBLY_INFLUENCE_3'),
	('POLICY_HD_DIONYSIAN_CARNIVAL',					'HD_DIONYSIAN_CARNIVAL_AMENITY'),
	('POLICY_HD_DIONYSIAN_CARNIVAL',					'HD_DIONYSIAN_CARNIVAL_CULTURE'),
	('POLICY_LIBERALISM',						'HD_LIBERALISM_AMENITY'),
	('POLICY_LIBERALISM',						'HD_LIBERALISM_BONUS'),
	('POLICY_NEW_DEAL',						'HD_NEW_DEAL_AMENITY'),
	('POLICY_NEW_DEAL',						'HD_NEW_DEAL_BONUS'),
	('POLICY_HD_SPORTS_MEET',			'HD_SPORTS_MEET_AMENITY_1'),
	('POLICY_HD_SPORTS_MEET',			'HD_SPORTS_MEET_AMENITY_2'),
	('POLICY_HD_SPORTS_MEET',			'GLADIATORIAL_GAME_ENTERTAINMENT_PRODUCTION'),
	('POLICY_HD_SPORTS_MEET',			'GLADIATORIAL_GAME_ENTERTAINMENT_BUILDING_PRODUCTION'),
	('POLICY_HD_ELECTED_POLITICS',										'HD_ELECTED_POLITICS_POP_GOLD_1'),
	('POLICY_HD_ELECTED_POLITICS',										'HD_ELECTED_POLITICS_POP_GOLD_2'),
	('POLICY_HD_ELECTED_POLITICS',										'HD_ELECTED_POLITICS_POP_GOLD_3'),
	('POLICY_HD_NATIONALIZATION_OF_ENTERPRISES',			'HD_NATIONALIZATION_OF_ENTERPRISES_POP_SCIENCE'),
	('POLICY_HD_NATIONALIZATION_OF_ENTERPRISES',			'HD_NATIONALIZATION_OF_ENTERPRISES_POP_PRODUCTION'),
	('POLICY_HD_TRUMAN_DOCTRINE',			'HD_TRUMAN_DOCTRINE_GROWTH'),
	('POLICY_HD_TRUMAN_DOCTRINE',			'HD_TRUMAN_DOCTRINE_FOOD'),
	('POLICY_HD_TRUMAN_DOCTRINE',			'HD_TRUMAN_DOCTRINE_IDENTITY'),
	('POLICY_HD_FINANCIAL_MONOPOLY',			'HD_FINANCIAL_MONOPOLY_GOLD'),
	('POLICY_HD_FINANCIAL_MONOPOLY',			'HD_FINANCIAL_MONOPOLY_PRODUCTION'),
	('POLICY_HD_AUTONOMY',			'HD_AUTONOMY_PRODUCTION'),
	('POLICY_HD_AUTONOMY',			'HD_AUTONOMY_FAITH'),
	('POLICY_HD_WAR_ECONOMY',			'HD_WAR_ECONOMY_GOLD_DEBUFF'),
	('POLICY_HD_WAR_ECONOMY',			'HD_WAR_ECONOMY_FOOD'),
	('POLICY_HD_WAR_ECONOMY',			'HD_WAR_ECONOMY_PRODUCTION'),
	('POLICY_HD_FOSSIL_RESEARCH',			'HD_FOSSIL_RESEARCH_BONUS'),
	('POLICY_HD_ADAPTATION_TO_LOCAL',			'HD_ADAPTATION_TO_LOCAL_ALL_YIELD'),
	('POLICY_HD_SCIENCE_AND_EDUCATION',			'HD_SCIENCE_AND_EDUCATION_GOLD'),
	('POLICY_HD_SCIENCE_AND_EDUCATION',			'HD_SCIENCE_AND_EDUCATION_PRODUCTION'),
	('POLICY_HD_GRASSROOTS_GOVERNANCE',			'HD_GRASSROOTS_GOVERNANCE_FOOD_GOLD'),
	('POLICY_HD_GRASSROOTS_GOVERNANCE',			'HD_GRASSROOTS_GOVERNANCE_PRODUCTION_FAITH'),
	('POLICY_HD_PUBLIC_SECURITY',			'HD_PUBLIC_SECURITY_AMENITY'),
	('POLICY_HD_PUBLIC_SECURITY',			'HD_PUBLIC_SECURITY_IDENTITY'),
	('POLICY_HD_PUBLIC_SECURITY',			'HD_PUBLIC_SECURITY_PRODUCTION'),
	('POLICY_HD_WATERSIDE_PAVILIONS',			'HD_WATERSIDE_PAVILIONS_AMENITY'),
	('POLICY_HD_WATERSIDE_PAVILIONS',			'HD_WATERSIDE_PAVILIONS_CULTURE'),
	('POLICY_HD_AIR_CONDITIONING_SYSTEM',			'HD_AIR_CONDITIONING_SYSTEM_AMENITY'),
	('POLICY_HD_AIR_CONDITIONING_SYSTEM',			'HD_AIR_CONDITIONING_SYSTEM_GOLD'),
	('POLICY_HD_SOCIAL_WELFARE',			'HD_SOCIAL_WELFARE_POP_GOLD_DEBUFF_1'),
	('POLICY_HD_SOCIAL_WELFARE',			'HD_SOCIAL_WELFARE_AMENITY_1'),
	('POLICY_HD_SOCIAL_WELFARE',			'HD_SOCIAL_WELFARE_POP_GOLD_DEBUFF_2'),
	('POLICY_HD_SOCIAL_WELFARE',			'HD_SOCIAL_WELFARE_AMENITY_2'),
	('POLICY_HD_SOCIAL_WELFARE',			'HD_SOCIAL_WELFARE_POP_GOLD_DEBUFF_3'),
	('POLICY_HD_SOCIAL_WELFARE',			'HD_SOCIAL_WELFARE_AMENITY_3'),
	('POLICY_HD_SOCIAL_WELFARE',			'HD_SOCIAL_WELFARE_POP_GOLD_DEBUFF_4'),
	('POLICY_HD_SOCIAL_WELFARE',			'HD_SOCIAL_WELFARE_AMENITY_4'),
	('POLICY_HD_SOCIAL_WELFARE',			'HD_SOCIAL_WELFARE_POP_GOLD_DEBUFF_5'),
	('POLICY_HD_SOCIAL_WELFARE',			'HD_SOCIAL_WELFARE_AMENITY_5'),
	('POLICY_HD_SOCIAL_WELFARE',			'HD_SOCIAL_WELFARE_POP_GOLD_DEBUFF_6'),
	('POLICY_HD_SOCIAL_WELFARE',			'HD_SOCIAL_WELFARE_AMENITY_6'),
	('POLICY_HD_URBAN_DIGITIZATION',	'HD_URBAN_DIGITIZATION_ALL_YIELD_1'),
	('POLICY_HD_URBAN_DIGITIZATION',	'HD_URBAN_DIGITIZATION_HOUSE_1'),
	('POLICY_HD_URBAN_DIGITIZATION',	'HD_URBAN_DIGITIZATION_ALL_YIELD_2'),
	('POLICY_HD_URBAN_DIGITIZATION',	'HD_URBAN_DIGITIZATION_HOUSE_2'),
	('POLICY_HD_URBAN_AGGLOMERATION',	'HD_URBAN_AGGLOMERATION_ALL_YIELD_1'),
	('POLICY_HD_URBAN_AGGLOMERATION',	'HD_URBAN_AGGLOMERATION_HOUSE_1'),
	('POLICY_HD_URBAN_AGGLOMERATION',	'HD_URBAN_AGGLOMERATION_ALL_YIELD_2'),
	('POLICY_HD_URBAN_AGGLOMERATION',	'HD_URBAN_AGGLOMERATION_HOUSE_2'),
	('POLICY_INSULAE',	'HD_INSULAE_HOUSE'),
	('POLICY_INSULAE',	'HD_INSULAE_PRODUCTION'),
	('POLICY_MEDINA_QUARTER',	'HD_MEDINA_QUARTER_HOUSE_1'),
	('POLICY_MEDINA_QUARTER',	'HD_MEDINA_QUARTER_PRODUCTION_1'),
	('POLICY_HD_CIVIL_LAW',	'HD_CIVIL_LAW_FOOD_1'),
	('POLICY_HD_CIVIL_LAW',	'HD_CIVIL_LAW_PRODUCTION_1'),
	('POLICY_HD_CIVIL_LAW',	'HD_CIVIL_LAW_GOLD_1'),
	('POLICY_HD_CIVIL_LAW',	'HD_CIVIL_LAW_HOUSE_1'),
	('POLICY_HD_CIVIL_LAW',	'HD_CIVIL_LAW_FOOD_2'),
	('POLICY_HD_CIVIL_LAW',	'HD_CIVIL_LAW_PRODUCTION_2'),
	('POLICY_HD_CIVIL_LAW',	'HD_CIVIL_LAW_GOLD_2'),
	('POLICY_HD_CIVIL_LAW',	'HD_CIVIL_LAW_HOUSE_2'),
	('POLICY_HD_MILITARY_SUPPLIER',	'GARRISON_RECLAMATION_ENCAMPMENT_FOOD'),
	('POLICY_HD_MILITARY_SUPPLIER',	'HD_MILITARY_SUPPLIER_PRODUCTION'),
	('POLICY_HD_MILITARY_SUPPLIER',	'GARRISON_RECLAMATION_ENCAMPMENT_HOUSING'),
	('POLICY_HD_FAMILY_CREST',	'HD_FAMILY_CREST_PRODUCTION_1'),
	('POLICY_HD_FAMILY_CREST',	'HD_FAMILY_CREST_PRODUCTION_2'),
	('POLICY_HD_FAMILY_CREST',	'HD_FAMILY_CREST_PRODUCTION_3'),
	('POLICY_HD_FAMILY_CREST',	'HD_FAMILY_CREST_CULTURE_1'),
	('POLICY_HD_FAMILY_CREST',	'HD_FAMILY_CREST_CULTURE_2'),
	('POLICY_HD_FAMILY_CREST',	'HD_FAMILY_CREST_CULTURE_3'),
	('POLICY_HD_DA_SI_TU',	'HD_DA_SI_TU_CAMPUS_FOOD'),
	('POLICY_HD_DA_SI_TU',	'HD_DA_SI_TU_AQUEDUCT_FOOD'),
	('POLICY_HD_DA_SI_TU',	'HD_DA_SI_TU_CAMPUS_GOLD'),
	('POLICY_HD_DA_SI_TU',	'HD_DA_SI_TU_AQUEDUCT_GOLD'),
	('POLICY_HD_DA_SI_MA',	'HD_DA_SI_MA_PRODUCTION'),
	('POLICY_HD_DA_SI_MA',	'HD_DA_SI_MA_GREAT_GENERAL_POINTS'),
	('POLICY_HD_GOLDEN_ELIXIR',	'HD_GOLDEN_ELIXIR_PRODUCTION'),
	('POLICY_HD_GOLDEN_ELIXIR',	'HD_GOLDEN_ELIXIR_GREAT_SCIENTIST_POINTS'),
	('POLICY_CHARISMATIC_LEADER',		'GUNBOATDIPLOMACY_OPENBORDERS'),
	('POLICY_DIPLOMATIC_LEAGUE',		'DIPLOMATIC_LEAGUE_INFLUENCEPOINTS'),
	('POLICY_DIPLOMATIC_LEAGUE',		'GUNBOATDIPLOMACY_OPENBORDERS'),
	('POLICY_HD_DEFENSE_DEPLOYMENT',		'HD_DEFENSE_DEPLOYMENT_SPEED'),
	('POLICY_HD_DEFENSE_DEPLOYMENT',		'HD_DEFENSE_DEPLOYMENT_ENCAMPMENT_PRODUCTION'),
	('POLICY_HD_DEFENSE_DEPLOYMENT',		'HD_DEFENSE_DEPLOYMENT_ENCAMPMENT_BUILDINGS_PRODUCTION'),
	('POLICY_HD_DEFENSE_DEPLOYMENT',		'HD_DEFENSE_DEPLOYMENT_HARBOR_PRODUCTION'),
	('POLICY_HD_DEFENSE_DEPLOYMENT',		'HD_DEFENSE_DEPLOYMENT_HARBOR_BUILDINGS_PRODUCTION'),
	('POLICY_HD_WATER_CONSERVANCY_PROJECT',		'HD_WATER_CONSERVANCY_PROJECT_DAM_PRODUCTION'),
	('POLICY_HD_WATER_CONSERVANCY_PROJECT',		'HD_WATER_CONSERVANCY_PROJECT_CANAL_PRODUCTION'),
	('POLICY_HD_UNEMPLOYMENT_ASSIST',		'HD_UNEMPLOYMENT_ASSIST_GOLD_DEBUFF'),
	('POLICY_HD_UNEMPLOYMENT_ASSIST',		'HD_UNEMPLOYMENT_ASSIST_DISTRICT_1'),
	('POLICY_HD_UNEMPLOYMENT_ASSIST',		'HD_UNEMPLOYMENT_ASSIST_BUILDING_1'),
	('POLICY_HD_UNEMPLOYMENT_ASSIST',		'HD_UNEMPLOYMENT_ASSIST_DISTRICT_2'),
	('POLICY_HD_UNEMPLOYMENT_ASSIST',		'HD_UNEMPLOYMENT_ASSIST_BUILDING_2'),
	('POLICY_HD_STANDARDIZED_PRODUCTION',		'HD_STANDARDIZED_PRODUCTION_BONUS'),
	('POLICY_HD_EFFECTIVE_ACCELERATIONISM',		'HD_EFFECTIVE_ACCELERATIONISM_BONUS'),
	('POLICY_HD_GREAT_AWAKENING',						'HD_GREAT_AWAKENING_SCIENCE'),
	('POLICY_HD_GREAT_AWAKENING',						'HD_GREAT_AWAKENING_CULTURE'),
	('POLICY_HD_RELIGIOUS_BROADCASTING',		'HD_RELIGIOUS_BROADCASTING_SCIENCE'),
	('POLICY_HD_RELIGIOUS_BROADCASTING',		'HD_RELIGIOUS_BROADCASTING_CULTURE'),
	('POLICY_HD_RELIGIOUS_BROADCASTING',		'SIMULTANEUM_DISTRICTFAITH'),
	('POLICY_HD_PETROLEUM_ECONOMICS',		'HD_PETROLEUM_ECONOMICS_PRODUCTION'),
	('POLICY_HD_PETROLEUM_ECONOMICS',		'HD_PETROLEUM_ECONOMICS_GOLD'),
	('POLICY_HD_PETROLEUM_ECONOMICS',		'HD_PETROLEUM_ECONOMICS_APPEAL_DEBUFF'),
	('POLICY_HD_DIGITAL_UPGRADE',		'LEVEEENMASSE_UNITMAINTENANCEDISCOUNT'),
	('POLICY_HD_DIGITAL_UPGRADE',		'AFTERACTIONREPORTS_EXPERIENCE'),
	('POLICY_HD_DIGITAL_UPGRADE',		'PROFESSIONAL_ARMY_UPGRADE_RESOURCE_DISCOUNT'),
	('POLICY_HD_DIGITAL_UPGRADE',		'PROFESSIONAL_ARMY_UNITUPGRADEDISCOUNT'),
	('POLICY_HD_DIGITAL_UPGRADE',		'SECONDSTRIKE_MAINTENANCEWMDS'),
	('POLICY_HD_INTELLIGENT_TRAINING',		'HD_INTELLIGENT_TRAINING_UNIT_PRODUCTION'),
	('POLICY_DEFENSE_OF_MOTHERLAND',		'NATIONALIDENTITY_REDUCESTRENGTHREDUCTIONFORDAMAGE'),
	('POLICY_DEFENSE_OF_MOTHERLAND',		'SELF_DETERMINATION_CULTURE'),
	('POLICY_DEFENSE_OF_MOTHERLAND',		'SELF_DETERMINATION_PRODUCTION'),
	('POLICY_CRYPTOGRAPHY',		'MACHIAVELLIANISM_SPYPRODUCTION'),
	('POLICY_HD_CRYPTOCURRENCY',		'HD_CRYPTOCURRENCY_TRADE_CULTURE'),
	('POLICY_HD_CRYPTOCURRENCY',		'HD_CRYPTOCURRENCY_TRADE_SCIENCE'),
	('POLICY_HD_CRYPTOCURRENCY',		'HD_CRYPTOCURRENCY_COMMERCIAL_BONUS'),
	('POLICY_HD_CRYPTOCURRENCY',		'HD_CRYPTOCURRENCY_HARBOR_BONUS'),
	('POLICY_HD_DIGITAL_TWIN',		'HD_DIGITAL_TWIN_CAMPUS_BONUS'),
	('POLICY_HD_DIGITAL_TWIN',		'HD_DIGITAL_TWIN_THEATER_BONUS'),
	('POLICY_HD_INTELLIGENT_INDUSTRY',		'HD_INTELLIGENT_INDUSTRY_ENCAMPMENT_BONUS'),
	('POLICY_HD_INTELLIGENT_INDUSTRY',		'HD_INTELLIGENT_INDUSTRY_INDUSTRIAL_BONUS'),
	('POLICY_HD_INTELLIGENT_INDUSTRY',		'HD_INTELLIGENT_INDUSTRY_WONMDER_BONUS'),
	('POLICY_HD_INTELLIGENT_CITY',		'HD_INTELLIGENT_CITY_TRADE_FOOD'),
	('POLICY_HD_INTELLIGENT_CITY',		'HD_INTELLIGENT_CITY_TRADE_PRODUCTION'),
	('POLICY_HD_INTELLIGENT_CITY',		'HD_INTELLIGENT_CITY_DISTRICT'),
	('POLICY_HD_INTELLIGENT_CITY',		'HD_INTELLIGENT_CITY_BUILDING'),
	('POLICY_HD_INTELLIGENT_CITY',		'HD_INTELLIGENT_CITY_PLOT_PURCHASE'),
	('POLICY_HD_INTELLIGENT_CITY',		'HD_INTELLIGENT_CITY_BUILDER'),
	('POLICY_HD_MANKIND_FUTURE',		'HD_MANKIND_FUTURE_ALLIANCE_POINTS'),
	('POLICY_HD_MANKIND_FUTURE',		'HD_MANKIND_FUTURE_FOODTOALLY'),
	('POLICY_HD_MANKIND_FUTURE',		'HD_MANKIND_FUTURE_FOODFROMALLY'),
	('POLICY_HD_MANKIND_FUTURE',		'HD_MANKIND_FUTURE_FOODTOSUZERAIN'),
	('POLICY_HD_MANKIND_FUTURE',		'HD_MANKIND_FUTURE_FOODFROMSUZERAIN'),
	('POLICY_HD_MANKIND_FUTURE',		'HD_MANKIND_FUTURE_PRODUCTIONTOALLY'),
	('POLICY_HD_MANKIND_FUTURE',		'HD_MANKIND_FUTURE_PRODUCTIONFROMALLY'),
	('POLICY_HD_MANKIND_FUTURE',		'HD_MANKIND_FUTURE_PRODUCTIONTOSUZERAIN'),
	('POLICY_HD_MANKIND_FUTURE',		'HD_MANKIND_FUTURE_PRODUCTIONFROMSUZERAIN'),
	('POLICY_HD_MANKIND_FUTURE',		'HD_MANKIND_FUTURE_CULTURETOALLY'),
	('POLICY_HD_MANKIND_FUTURE',		'HD_MANKIND_FUTURE_CULTUREFROMALLY'),
	('POLICY_HD_MANKIND_FUTURE',		'HD_MANKIND_FUTURE_CULTURETOSUZERAIN'),
	('POLICY_HD_MANKIND_FUTURE',		'HD_MANKIND_FUTURE_CULTUREFROMSUZERAIN'),
	('POLICY_HD_MANKIND_FUTURE',		'HD_MANKIND_FUTURE_SCIENCETOALLY'),
	('POLICY_HD_MANKIND_FUTURE',		'HD_MANKIND_FUTURE_SCIENCEFROMALLY'),
	('POLICY_HD_MANKIND_FUTURE',		'HD_MANKIND_FUTURE_SCIENCETOSUZERAIN'),
	('POLICY_HD_MANKIND_FUTURE',		'HD_MANKIND_FUTURE_SCIENCEFROMSUZERAIN'),
	('POLICY_HD_MANKIND_FUTURE',		'HD_MANKIND_FUTURE_GOLDTOALLY'),
	('POLICY_HD_MANKIND_FUTURE',		'HD_MANKIND_FUTURE_GOLDFROMALLY'),
	('POLICY_HD_MANKIND_FUTURE',		'HD_MANKIND_FUTURE_GOLDTOSUZERAIN'),
	('POLICY_HD_MANKIND_FUTURE',		'HD_MANKIND_FUTURE_GOLDFROMSUZERAIN'),
	('POLICY_HD_MANKIND_FUTURE',		'HD_MANKIND_FUTURE_FAITHTOALLY'),
	('POLICY_HD_MANKIND_FUTURE',		'HD_MANKIND_FUTURE_FAITHFROMALLY'),
	('POLICY_HD_MANKIND_FUTURE',		'HD_MANKIND_FUTURE_FAITHTOSUZERAIN'),
	('POLICY_HD_MANKIND_FUTURE',		'HD_MANKIND_FUTURE_FAITHFROMSUZERAIN'),
	('POLICY_HD_DRY_STONE',					'HD_DRY_STONE_PRODUCTION'),
	('POLICY_HD_DRY_STONE',					'HD_DRY_STONE_GREAT_ENGINEER_POINTS_ATTACH'),
	('POLICY_HD_CHARCOAL_KILN',			'HD_CHARCOAL_KILN_PRODUCTION'),
	('POLICY_HD_CHARCOAL_KILN',			'HD_CHARCOAL_KILN_AMENITY'),
	('POLICY_HD_AGRICULTURAL_MECHANIZATION',			'HD_AGRICULTURAL_MECHANIZATION_ATTACH'),
	('POLICY_HD_UNMANNED_FACTORY',			'HD_UNMANNED_FACTORY_EXTRA_GOLD_CONSUME_1'),
	('POLICY_HD_UNMANNED_FACTORY',			'HD_UNMANNED_FACTORY_EXTRA_GOLD_CONSUME_2'),
	('POLICY_HD_UNMANNED_FACTORY',			'HD_UNMANNED_FACTORY_PLOT_YIELD_ATTACH_1'),
	('POLICY_HD_UNMANNED_FACTORY',			'HD_UNMANNED_FACTORY_PLOT_YIELD_ATTACH_2'),
	('POLICY_HD_ROBOT_PRODUCTION',			'HD_ROBOT_PRODUCTION_SELF_YIELD'),
	('POLICY_HD_ROBOT_PRODUCTION',			'HD_ROBOT_PRODUCTION_ADJACENT_YIELD_ATTACH'),
	('POLICY_FUTURE_COUNTER_SCIENCE',		'HD_FUTURE_COUNTER_SCIENCE_OFFENSIVE_SPY_BETTER'),
	('POLICY_FUTURE_COUNTER_SCIENCE',		'HD_FUTURE_COUNTER_SCIENCE_OFFENSIVE_SPY_SCIENCE'),
	('POLICY_FUTURE_COUNTER_SCIENCE',		'HD_FUTURE_COUNTER_SCIENCE_OFFENSIVE_SPY_CULTURE'),
	('POLICY_FUTURE_COUNTER_SCIENCE',		'HD_FUTURE_COUNTER_SCIENCE_OFFENSIVE_SPY_FAITH');

delete from PolicyModifiers where ModifierId in ('HD_TRANSLATE_SCIENCE_4', 'HD_TRANSLATE_FAVOR_4')
	and exists (select DistrictType from Districts where DistrictType = 'DISTRICT_DIPLOMATIC_QUARTER');

insert or replace into Modifiers
	(ModifierId,											ModifierType,															SubjectRequirementSetId)
values
	('FREELANCERS_GARRISON_GOLD',							'MODIFIER_PLAYER_CITIES_ADJUST_CITY_YIELD_CHANGE',						'CITY_HAS_GARRISON_UNIT_REQUIERMENT'),
	('MARITIME_INFRASTRUCTURE_COASTAL_CITY_PROD', 			'MODIFIER_PLAYER_CITIES_ADJUST_CITY_YIELD_CHANGE',						'PLOT_IS_ADJACENT_TO_COAST'),
	('SEABORNE_SUPPLY_COASTAL_CITY_PROD', 					'MODIFIER_PLAYER_CITIES_ADJUST_CITY_YIELD_CHANGE',						'PLOT_IS_ADJACENT_TO_COAST'),
	('GARRISON_RECLAMATION_ENCAMPMENT_FOOD',				'MODIFIER_PLAYER_DISTRICTS_ADJUST_YIELD_CHANGE',						'DISTRICT_IS_ENCAMPMENT'),
	('GARRISON_RECLAMATION_ENCAMPMENT_HOUSING',				'MODIFIER_PLAYER_CITIES_ADJUST_POLICY_HOUSING',							'CITY_HAS_ENCAMPMENT'),
	('PRIMITIVE_COMMUNE_ALLCITYFOOD',						'MODIFIER_PLAYER_CITIES_ADJUST_CITY_YIELD_CHANGE',						null),
	('SHAMAN_ALLCITYFAITH',									'MODIFIER_PLAYER_CITIES_ADJUST_CITY_YIELD_CHANGE',						null),
	('CARAVANSARIES_TRADE_FAITH',							'MODIFIER_PLAYER_ADJUST_TRADE_ROUTE_YIELD',						null),
	('CARAVANSARIES_COMMERCIAL_GOLD_BONUS',							'MODIFIER_PLAYER_DISTRICTS_ADJUST_YIELD_MODIFIER',						'DISTRICT_IS_COMMERCIAL_HUB'),
	('SIMULTANEUM_DISTRICTFAITH',							'MODIFIER_PLAYER_DISTRICTS_ADJUST_YIELD_MODIFIER',						'DISTRICT_IS_HOLY_SITE'),
	('POLICY_DOMESTIC_TRADE_ROUTE_FOOD',					'MODIFIER_PLAYER_ADJUST_TRADE_ROUTE_YIELD_FOR_DOMESTIC',				null),
	('POLICY_DOMESTIC_TRADE_ROUTE_PRODUCTION',				'MODIFIER_PLAYER_ADJUST_TRADE_ROUTE_YIELD_FOR_DOMESTIC',				null),
	('HIGHWAY_DOMESTIC_TRADE_ROUTE_FOOD',					'MODIFIER_PLAYER_ADJUST_TRADE_ROUTE_YIELD_FOR_DOMESTIC',				null),
	('HIGHWAY_DOMESTIC_TRADE_ROUTE_PRODUCTION',				'MODIFIER_PLAYER_ADJUST_TRADE_ROUTE_YIELD_FOR_DOMESTIC',				null),
	('SILK_ROAD_INTERNATIONAL_TRADE_ROUTE_CULTURE',			'MODIFIER_PLAYER_ADJUST_TRADE_ROUTE_YIELD_FOR_INTERNATIONAL',			null),
	('SILK_ROAD_INTERNATIONAL_TRADE_ROUTE_SCIENCE',			'MODIFIER_PLAYER_ADJUST_TRADE_ROUTE_YIELD_FOR_INTERNATIONAL',			null),
	('WRESTING_AND_MANEUVERS_ARENA_AMENITY',				'MODIFIER_PLAYER_DISTRICTS_ATTACH_MODIFIER',								'HD_WRESTING_AND_MANEUVERS_REQUIREMENTS'),
	('WALLS_EARLY_HOUSING',									'MODIFIER_PLAYER_CITIES_ADJUST_POLICY_HOUSING',							'CITY_HAS_WALLS_EARLY'),
	('ANCIENTRENAISSANCEWONDER',							'MODIFIER_PLAYER_CITIES_ADJUST_WONDER_ERA_PRODUCTION',					null),
	('POLICY_WONDER_LESS_GOLD',								'MODIFIER_PLAYER_CITIES_ADJUST_CITY_YIELD_MODIFIER',					null),
	('DRILL_EXPERIENCE',									'MODIFIER_PLAYER_UNITS_ADJUST_UNIT_EXPERIENCE_MODIFIER',				null),
	('COMMERCIAL_HUB_INFLUENCEPOINTS',						'MODIFIER_PLAYER_DISTRICTS_ATTACH_MODIFIER',							'DISTRICT_IS_COMMERCIAL_HUB'),
	('COMMERCIAL_HUB_INFLUENCEPOINTS_MODIFIER',				'MODIFIER_PLAYER_ADJUST_INFLUENCE_POINTS_PER_TURN',						null),
	('BUREAUCRATIZATION_OF_NATIVE_OFFICERS_COMMERCIAL_HUB_INFLUENCEPOINTS',	'MODIFIER_PLAYER_DISTRICTS_ATTACH_MODIFIER',							'DISTRICT_IS_COMMERCIAL_HUB'),
	('BUREAUCRATIZATION_OF_NATIVE_OFFICERS_COMMERCIAL_HUB_INFLUENCEPOINTS_MODIFIER',	'MODIFIER_PLAYER_ADJUST_INFLUENCE_POINTS_PER_TURN',				null),
	('BUREAUCRATIZATION_OF_NATIVE_OFFICERS_HARBOR_INFLUENCEPOINTS',	        'MODIFIER_PLAYER_DISTRICTS_ATTACH_MODIFIER',							'DISTRICT_IS_HARBOR'),
	('BUREAUCRATIZATION_OF_NATIVE_OFFICERS_HARBOR_INFLUENCEPOINTS_MODIFIER',	'MODIFIER_PLAYER_ADJUST_INFLUENCE_POINTS_PER_TURN',						null),
	('BUREAUCRATIZATION_OF_NATIVE_OFFICERS_TRADE_ROUTE_GOLD_TO_CITY_STATES',	'MODIFIER_PLAYER_ADJUST_TRADE_ROUTE_ORIGIN_YIELD_FOR_SUZERAIN_ROUTE',	null),
	('BUREAUCRATIZATION_OF_NATIVE_OFFICERS_TOKEN_GOLD',	'MODIFIER_PLAYER_ADJUST_YIELD_CHANGE_PER_USED_INFLUENCE_TOKEN',						null),
	('WIN_WIN_COMMERCIAL_HUB_INFLUENCEPOINTS',	'MODIFIER_PLAYER_DISTRICTS_ATTACH_MODIFIER',							'DISTRICT_IS_COMMERCIAL_HUB'),
	('WIN_WIN_COMMERCIAL_HUB_INFLUENCEPOINTS_MODIFIER',	'MODIFIER_PLAYER_ADJUST_INFLUENCE_POINTS_PER_TURN',				null),
	('WIN_WIN_HARBOR_INFLUENCEPOINTS',	        'MODIFIER_PLAYER_DISTRICTS_ATTACH_MODIFIER',							'DISTRICT_IS_HARBOR'),
	('WIN_WIN_HARBOR_INFLUENCEPOINTS_MODIFIER',	'MODIFIER_PLAYER_ADJUST_INFLUENCE_POINTS_PER_TURN',						null),
	('WIN_WIN_TRADE_ROUTE_GOLD_TO_CITY_STATES',	'MODIFIER_PLAYER_ADJUST_TRADE_ROUTE_ORIGIN_YIELD_FOR_SUZERAIN_ROUTE',	null),
	('WIN_WIN_TOKEN_GOLD',	'MODIFIER_PLAYER_ADJUST_YIELD_CHANGE_PER_USED_INFLUENCE_TOKEN',						null),
	('TRADE_ROUTE_GOLD_TO_CITY_STATES',						'MODIFIER_PLAYER_ADJUST_TRADE_ROUTE_ORIGIN_YIELD_FOR_SUZERAIN_ROUTE',	null),
	('TRIBUTE_TRADE_TOKEN_GOLD',						'MODIFIER_PLAYER_ADJUST_YIELD_CHANGE_PER_USED_INFLUENCE_TOKEN',	null),
	('SOCIAL_STATISTICS_POPULATION_SCIENCE',				'MODIFIER_PLAYER_CITIES_ADJUST_CITY_YIELD_PER_POPULATION',				'CITY_HAS_4_SPECIALTY_DISTRICTS_REQUIREMENTS'),
	('SOCIAL_STATISTICS_POPULATION_CULTURE',				'MODIFIER_PLAYER_CITIES_ADJUST_CITY_YIELD_PER_POPULATION',				'CITY_HAS_4_SPECIALTY_DISTRICTS_REQUIREMENTS'),
	('PLUTONOMY_THEATER_GOLD_PERCENTAGE_BOOST',				'MODIFIER_PLAYER_CITIES_ADJUST_CITY_YIELD_MODIFIER',					'REQUIRES_CITY_HAS_DISTRICT_THEATER_UDMET'),
	('PLUTONOMY_CAMPUS_PRODUCTION_PERCENTAGE_BOOST',		'MODIFIER_PLAYER_CITIES_ADJUST_CITY_YIELD_MODIFIER',					'REQUIRES_CITY_HAS_DISTRICT_CAMPUS_UDMET'),
	('PHILOSOPHY_EDUCATION_WONDER_GREAT_PERSON_POINTS',		'MODIFIER_PLAYER_CITIES_ADJUST_GREAT_PERSON_POINT_BONUS',				'DL_CITY_HAS_WONDER_REQUIREMENTS'),
	('PURITAN_WORKSHIP_GOLD_PERCENTAGE_BOOST',				'MODIFIER_PLAYER_CITIES_ADJUST_CITY_YIELD_MODIFIER',					'CITY_HAS_DISTRICT_HOLY_SITE_TIER_3_BUILDING_REQUIREMENTS'),
	('PURITAN_WORKSHIP_PRODUCTION_PERCENTAGE_BOOST',		'MODIFIER_PLAYER_CITIES_ADJUST_CITY_YIELD_MODIFIER',					'CITY_HAS_DISTRICT_HOLY_SITE_TIER_3_BUILDING_REQUIREMENTS'),
	('SCIENTIFIC_EXPEDITIONS_SCIENCE',						'MODIFIER_PLAYER_CITIES_ATTACH_MODIFIER',								'HD_OVERSEAS_CITY_HAS_TIER_3_COMMERCIAL_HUB_BUILDINGS'),
	('SCIENTIFIC_EXPEDITIONS_SCIENCE_MODIFIER',				'MODIFIER_PLAYER_CITIES_ADJUST_CITY_YIELD_CHANGE',						'THE_HOME_CONTINENT_NEW_REQUIREMENT'),
	('SCIENTIFIC_EXPEDITIONS_CULTURE',						'MODIFIER_PLAYER_CITIES_ATTACH_MODIFIER',								'HD_OVERSEAS_CITY_HAS_TIER_2_HARBOR_BUILDINGS'),
	('SCIENTIFIC_EXPEDITIONS_CULTURE_MODIFIER',				'MODIFIER_PLAYER_CITIES_ADJUST_CITY_YIELD_CHANGE',						'THE_HOME_CONTINENT_NEW_REQUIREMENT'),
	('SISHU_POPULATION_SCIENCE',							'MODIFIER_PLAYER_CITIES_ADJUST_CITY_YIELD_PER_POPULATION',				'CITY_HAS_2_SPECIALTY_DISTRICTS_REQUIREMENTS'),
	('SISHU_POPULATION_CULTURE',							'MODIFIER_PLAYER_CITIES_ADJUST_CITY_YIELD_PER_POPULATION',				'CITY_HAS_2_SPECIALTY_DISTRICTS_REQUIREMENTS'),
	('COMPILE_FIXED_SCIENTIST_POINTS',						'MODIFIER_PLAYER_ADJUST_GREAT_PERSON_POINTS',							null),
	('COMPILE_LIBRARY_SCIENTIST_POINTS',					'MODIFIER_PLAYER_DISTRICTS_ADJUST_GREAT_PERSON_POINTS',						'HD_PLOT_HAS_DISTRICT_CAMPUS_TIER_1_BUILDING_REQUIREMENTS'),
	('SUPPLY_LINES_MOVEMENT_BONUS',							'MODIFIER_PLAYER_UNITS_ADJUST_FRIENDLY_TERRITORY_START_MOVEMENT',		null),
	('SCHOLAR_BUREAUCRAT_GREATWRITERPOINTS',				'MODIFIER_PLAYER_ADJUST_GREAT_PERSON_POINTS',							null),
	('SCHOLAR_BUREAUCRAT_THEATER_TIER1_GREATWRITERPOINTS',	'MODIFIER_PLAYER_DISTRICTS_ADJUST_GREAT_PERSON_POINTS',						'HD_PLOT_HAS_DISTRICT_THEATER_TIER_1_BUILDING_REQUIREMENTS'),
	('WATER_TRANSPORT_DOMESTIC_TRADE_ROUTE_FOOD',			'MODIFIER_PLAYER_ADJUST_TRADE_ROUTE_YIELD_FOR_DOMESTIC',				null),
	('WATER_TRANSPORT_DOMESTIC_TRADE_ROUTE_PRODUCTION',		'MODIFIER_PLAYER_ADJUST_TRADE_ROUTE_YIELD_FOR_DOMESTIC',				null),
	('NEW_ROUTE_INTERNATIONAL_TRADE_ROUTE_CULTURE',			'MODIFIER_PLAYER_ADJUST_TRADE_ROUTE_YIELD_FOR_INTERNATIONAL',			null),
	('NEW_ROUTE_INTERNATIONAL_TRADE_ROUTE_SCIENCE',			'MODIFIER_PLAYER_ADJUST_TRADE_ROUTE_YIELD_FOR_INTERNATIONAL',			null),
	('TEXTBOOK_FIXED_SCIENTIST_POINTS',						'MODIFIER_PLAYER_ADJUST_GREAT_PERSON_POINTS',							null),
	('TEXTBOOK_TIER2_SCIENTIST_POINTS',						'MODIFIER_PLAYER_DISTRICTS_ADJUST_GREAT_PERSON_POINTS',						'HD_PLOT_HAS_DISTRICT_CAMPUS_TIER_2_BUILDING_REQUIREMENTS'),
	('HD_SPORTS_MEDIA_GOLD_BONUS',							'MODIFIER_PLAYER_CITIES_ADJUST_CITY_YIELD_MODIFIER',				'HD_SPORTS_MEDIA_REQUIREMENTS'),
	('HD_SPORTS_MEDIA_CULTURE_BONUS',						'MODIFIER_PLAYER_CITIES_ADJUST_CITY_YIELD_MODIFIER',				'HD_SPORTS_MEDIA_REQUIREMENTS'),
	('HD_SPORTS_MEDIA_WONDER_TOURISM',					'MODIFIER_PLAYER_CITIES_ADJUST_TOURISM',										'HD_SPORTS_MEDIA_REQUIREMENTS'),
	('DEEPWATERPORT_GOLD',									'MODIFIER_PLAYER_CITIES_ADJUST_CITY_YIELD_CHANGE',						'CITY_HAS_DISTRICT_HARBOR_TIER_3_BUILDING_REQUIREMENTS'),
	('DEEPWATERPORT_HOUSING',								'MODIFIER_PLAYER_CITIES_ADJUST_POLICY_HOUSING',							'CITY_HAS_DISTRICT_HARBOR_TIER_3_BUILDING_REQUIREMENTS'),
	('HD_GREEN_CITY_NATIONALPARK_TOURISM',					'MODIFIER_PLAYER_CITIES_ATTACH_MODIFIER',								null),
	('HD_GREEN_CITY_NATIONALPARK_TOURISM_MODIFIER',			'MODIFIER_SINGLE_CITY_ADJUST_NATIONAL_PARK_TOURISM',					'PLOT_BREATHTAKING_APPEAL'),
	('HD_GREEN_CITY_WONDER_TOURISM',						'MODIFIER_PLAYER_CITIES_ADJUST_TOURISM',								'PLOT_BREATHTAKING_APPEAL'),
	('TRAVEL_BLOGGER_TOURISM', 								'MODIFIER_PLAYER_CITIES_ADJUST_IMPROVEMENT_TOURISM', 					'CITY_IS_POWERED'),
	('INFRASTRUCTURE_CONSTRUCTION_AQUEDUCT',				'MODIFIER_PLAYER_CITIES_ADJUST_DISTRICT_PRODUCTION',					null),
	('INFRASTRUCTURE_CONSTRUCTION_AQUEDUCT_BUILDING',		'MODIFIER_PLAYER_CITIES_ADJUST_BUILDING_PRODUCTION',					null),
	('INFRASTRUCTURE_CONSTRUCTION_DAM',						'MODIFIER_PLAYER_CITIES_ADJUST_DISTRICT_PRODUCTION',					null),
	('INFRASTRUCTURE_CONSTRUCTION_DAM_BUILDING',			'MODIFIER_PLAYER_CITIES_ADJUST_BUILDING_PRODUCTION',					null),
	('INFRASTRUCTURE_CONSTRUCTION_CANAL',					'MODIFIER_PLAYER_CITIES_ADJUST_DISTRICT_PRODUCTION',					null),
	('INFRASTRUCTURE_CONSTRUCTION_CANAL_BUILDING',			'MODIFIER_PLAYER_CITIES_ADJUST_BUILDING_PRODUCTION',					null),
	('INFRASTRUCTURE_CONSTRUCTION_NEIGHBORHOOD',			'MODIFIER_PLAYER_CITIES_ADJUST_DISTRICT_PRODUCTION',					null),
	('INFRASTRUCTURE_CONSTRUCTION_NEIGHBORHOOD_BUILDING',	'MODIFIER_PLAYER_CITIES_ADJUST_BUILDING_PRODUCTION',					null),
	('RAJ_CAPTURED_CITY_CULTURE',							'MODIFIER_PLAYER_CITIES_ADJUST_CITY_YIELD_CHANGE',						'CITY_WAS_NOT_FOUNDED'),
	('RAJ_CAPTURED_CITY_SCIENCE',							'MODIFIER_PLAYER_CITIES_ADJUST_CITY_YIELD_CHANGE',						'CITY_WAS_NOT_FOUNDED'),
	('RAJ_CAPTURED_CITY_GOLD',								'MODIFIER_PLAYER_CITIES_ADJUST_CITY_YIELD_CHANGE',						'CITY_WAS_NOT_FOUNDED'),
	('RAJ_CAPTURED_CITY_FAITH',								'MODIFIER_PLAYER_CITIES_ADJUST_CITY_YIELD_CHANGE',						'CITY_WAS_NOT_FOUNDED'),
	('INTERNATIONALISM_DELEGATION_FAVOR',					'MODIFIER_PLAYER_ADJUST_FAVOR_FROM_DELEGATIONS',						null),
	('INTERNATIONALISM_EMBASSY_FAVOR',						'MODIFIER_PLAYER_ADJUST_FAVOR_FROM_EMBASSIES',							null),
	('INTERNATIONALISM_INFLUENCE_POINTS',					'MODIFIER_PLAYER_GOVERNMENT_FLAT_BONUS',								null),
	('SOCIAL_DARWINISM_CULTURE_ATTACH',						'MODIFIER_PLAYER_CITIES_ATTACH_MODIFIER',								'CITY_WAS_NOT_FOUNDED'),
	('SOCIAL_DARWINISM_SCIENCE_ATTACH',						'MODIFIER_PLAYER_CITIES_ATTACH_MODIFIER',								'CITY_WAS_NOT_FOUNDED'),
	('SOCIAL_DARWINISM_CULTURE',							'MODIFIER_PLAYER_CITIES_ADJUST_CITY_YIELD_CHANGE',						'CITY_WAS_FOUNDED'),
	('SOCIAL_DARWINISM_SCIENCE',							'MODIFIER_PLAYER_CITIES_ADJUST_CITY_YIELD_CHANGE',						'CITY_WAS_FOUNDED'),
	('CITY_CENTRALIZATION_ALLCITYALLYIELD',					'MODIFIER_PLAYER_CITIES_ADJUST_CITY_ALL_YIELDS_CHANGE',					null),
	('HAJJ_SCIENCEPERTRIBUTARY',							'MODIFIER_PLAYER_ADJUST_YIELD_CHANGE_PER_TRIBUTARY',					null),
	('HAJJ_FAITHPERTRIBUTARY',							'MODIFIER_PLAYER_ADJUST_YIELD_CHANGE_PER_TRIBUTARY',					null),
	('HAJJ_GOLDPERTRIBUTARY',							'MODIFIER_PLAYER_ADJUST_YIELD_CHANGE_PER_TRIBUTARY',					null),
	('MARTIAL_ELECTION_GREAT_GENERAL_POINTS',				'MODIFIER_PLAYER_ADJUST_GREAT_PERSON_POINTS',							null),
	('MARTIAL_ELECTION_BUILDING_GREAT_GENERAL_POINTS',		'MODIFIER_PLAYER_DISTRICTS_ADJUST_GREAT_PERSON_POINTS',						'HD_PLOT_HAS_DISTRICT_ENCAMPMENT_TIER_1_BUILDING_REQUIREMENTS'),
	('HD_MILITARY_ORGANIZATION_GREATGENERAL_1',		'MODIFIER_PLAYER_DISTRICTS_ADJUST_GREAT_PERSON_POINTS',						'HD_PLOT_HAS_DISTRICT_ENCAMPMENT_TIER_1_BUILDING_REQUIREMENTS'),
	('HD_MILITARY_ORGANIZATION_GREATGENERAL_2',		'MODIFIER_PLAYER_DISTRICTS_ADJUST_GREAT_PERSON_POINTS',						'HD_PLOT_HAS_DISTRICT_ENCAMPMENT_TIER_2_BUILDING_REQUIREMENTS'),
	('HD_MILITARY_ORGANIZATION_GREATGENERAL_3',		'MODIFIER_PLAYER_DISTRICTS_ADJUST_GREAT_PERSON_POINTS',						'HD_PLOT_HAS_DISTRICT_ENCAMPMENT_TIER_3_BUILDING_REQUIREMENTS'),
	('GLADIATORIAL_GAME_ENTERTAINMENT_PRODUCTION',			'MODIFIER_PLAYER_CITIES_ADJUST_DISTRICT_PRODUCTION',					null),
	('GLADIATORIAL_GAME_ENTERTAINMENT_BUILDING_PRODUCTION',	'MODIFIER_PLAYER_CITIES_ADJUST_BUILDING_PRODUCTION',					null),
	('HARBOR_HUB_INFLUENCEPOINTS',					        'MODIFIER_PLAYER_DISTRICTS_ATTACH_MODIFIER',							'DISTRICT_IS_HARBOR'),
	('HARBOR_HUB_INFLUENCEPOINTS_MODIFIER',                 'MODIFIER_PLAYER_ADJUST_INFLUENCE_POINTS_PER_TURN',						null),
	('WEAPONS_MANAGEMENT_SERVICE_ENCAMPMENT_DOUBLE_1',	'MODIFIER_PLAYER_DISTRICTS_ADJUST_YIELD_MODIFIER',			'DISTRICT_IS_ENCAMPMENT'),
	('LIGHTNING_WARFARE_CAVALRY_MOVEMENT',	'MODIFIER_PLAYER_UNITS_ADJUST_MOVEMENT',			'UNIT_IS_CAVALRY_REQUIREMENTS'),
	('LIGHTNING_WARFARE_CAVALRY_STRENGTH',	'MODIFIER_PLAYER_UNITS_ADJUST_COMBAT_STRENGTH',		'UNIT_IS_CAVALRY_REQUIREMENTS'),
	('HD_POLICY_I_PROMISE_ALLIANCE_POINTS',        	'MODIFIER_PLAYER_ADJUST_ALLIANCE_POINTS',										NULL),
	('HD_POLICY_I_PROMISE_FOODTOALLY',        		'MODIFIER_PLAYER_ADJUST_TRADE_ROUTE_DESTINATION_YIELD_FOR_ALLY_ROUTE',			NULL),
	('HD_POLICY_I_PROMISE_PRODUCTIONTOALLY',        'MODIFIER_PLAYER_ADJUST_TRADE_ROUTE_DESTINATION_YIELD_FOR_ALLY_ROUTE',			NULL),
	('HD_POLICY_I_PROMISE_FOODFROMALLY',        	'MODIFIER_PLAYER_ADJUST_TRADE_ROUTE_ORIGIN_YIELD_FOR_ALLY_ROUTE',				NULL),
	('HD_POLICY_I_PROMISE_PRODUCTIONFROMALLY',		'MODIFIER_PLAYER_ADJUST_TRADE_ROUTE_ORIGIN_YIELD_FOR_ALLY_ROUTE',				NULL),
	('HD_POLICY_I_PROMISE_FOODTOSUZERAIN',			'MODIFIER_PLAYER_ADJUST_TRADE_ROUTE_DESTINATION_YIELD_FOR_SUZERAIN_ROUTE',		NULL),
	('HD_POLICY_I_PROMISE_PRODUCTIONTOSUZERAIN',	'MODIFIER_PLAYER_ADJUST_TRADE_ROUTE_DESTINATION_YIELD_FOR_SUZERAIN_ROUTE',		NULL),
	('HD_POLICY_I_PROMISE_FOODFROMSUZERAIN',		'MODIFIER_PLAYER_ADJUST_TRADE_ROUTE_ORIGIN_YIELD_FOR_SUZERAIN_ROUTE',			NULL),
	('HD_POLICY_I_PROMISE_PRODUCTIONFROMSUZERAIN',	'MODIFIER_PLAYER_ADJUST_TRADE_ROUTE_ORIGIN_YIELD_FOR_SUZERAIN_ROUTE',			NULL),
	('HD_MILITARY_RESEARCH_INDUSTRIAL_SCIENCE',				'MODIFIER_PLAYER_CITIES_ADJUST_CITY_YIELD_CHANGE',			'CITY_HAS_DISTRICT_INDUSTRIAL_ZONE_TIER_3_BUILDING_REQUIREMENTS'),
	('HD_MILITARY_RESEARCH_INDUSTRIAL_PRODUCTION',		'MODIFIER_PLAYER_CITIES_ADJUST_CITY_YIELD_CHANGE',			'CITY_HAS_DISTRICT_INDUSTRIAL_ZONE_TIER_3_BUILDING_REQUIREMENTS'),
	('HD_MILITARY_RESEARCH_ENCAMPMENT_SCIENCE',				'MODIFIER_PLAYER_CITIES_ADJUST_CITY_YIELD_CHANGE',			'CITY_HAS_DISTRICT_ENCAMPMENT_TIER_3_BUILDING_REQUIREMENTS'),
	('HD_MILITARY_RESEARCH_ENCAMPMENT_PRODUCTION',		'MODIFIER_PLAYER_CITIES_ADJUST_CITY_YIELD_CHANGE',			'CITY_HAS_DISTRICT_ENCAMPMENT_TIER_3_BUILDING_REQUIREMENTS'),
	('HD_MILITARY_RESEARCH_HARBOR_SCIENCE',						'MODIFIER_PLAYER_CITIES_ADJUST_CITY_YIELD_CHANGE',			'CITY_HAS_DISTRICT_HARBOR_TIER_3_BUILDING_REQUIREMENTS'),
	('HD_MILITARY_RESEARCH_HARBOR_PRODUCTION',				'MODIFIER_PLAYER_CITIES_ADJUST_CITY_YIELD_CHANGE',			'CITY_HAS_DISTRICT_HARBOR_TIER_3_BUILDING_REQUIREMENTS'),
	('HD_MILITARY_RESEARCH_WALLS_SCIENCE',						'MODIFIER_PLAYER_CITIES_ADJUST_BUILDING_YIELD_CHANGE',	NULL),
	('HD_MILITARY_RESEARCH_WALLS_PRODUCTION',					'MODIFIER_PLAYER_CITIES_ADJUST_BUILDING_YIELD_CHANGE',	NULL),
	('POLICY_RATIONALISM_POP_SCIENCE_1',							'MODIFIER_PLAYER_CITIES_ADJUST_CITY_YIELD_PER_POPULATION',	'CITY_HAS_DISTRICT_CAMPUS_TIER_1_BUILDING_REQUIREMENTS'),
	('POLICY_RATIONALISM_POP_SCIENCE_2',							'MODIFIER_PLAYER_CITIES_ADJUST_CITY_YIELD_PER_POPULATION',	'CITY_HAS_DISTRICT_CAMPUS_TIER_2_BUILDING_REQUIREMENTS'),
	('POLICY_RATIONALISM_POP_SCIENCE_3',							'MODIFIER_PLAYER_CITIES_ADJUST_CITY_YIELD_PER_POPULATION',	'CITY_HAS_DISTRICT_CAMPUS_TIER_3_BUILDING_REQUIREMENTS'),
	('POLICY_RATIONALISM_POP_SCIENCE_4',							'MODIFIER_PLAYER_CITIES_ADJUST_CITY_YIELD_PER_POPULATION',	'CITY_HAS_DISTRICT_CAMPUS_TIER_4_BUILDING_REQUIREMENTS'),
	('POLICY_FREE_MARKET_POP_GOLD_1',									'MODIFIER_PLAYER_CITIES_ADJUST_CITY_YIELD_PER_POPULATION',	'CITY_HAS_DISTRICT_COMMERCIAL_HUB_TIER_1_BUILDING_REQUIREMENTS'),
	('POLICY_FREE_MARKET_POP_GOLD_2',									'MODIFIER_PLAYER_CITIES_ADJUST_CITY_YIELD_PER_POPULATION',	'CITY_HAS_DISTRICT_COMMERCIAL_HUB_TIER_2_BUILDING_REQUIREMENTS'),
	('POLICY_FREE_MARKET_POP_GOLD_3',									'MODIFIER_PLAYER_CITIES_ADJUST_CITY_YIELD_PER_POPULATION',	'CITY_HAS_DISTRICT_COMMERCIAL_HUB_TIER_3_BUILDING_REQUIREMENTS'),
	('POLICY_FREE_MARKET_POP_GOLD_4',									'MODIFIER_PLAYER_CITIES_ADJUST_CITY_YIELD_PER_POPULATION',	'CITY_HAS_DISTRICT_COMMERCIAL_HUB_TIER_4_BUILDING_REQUIREMENTS'),
	('POLICY_GRAND_OPERA_POP_CULTURE_1',							'MODIFIER_PLAYER_CITIES_ADJUST_CITY_YIELD_PER_POPULATION',	'CITY_HAS_DISTRICT_THEATER_TIER_1_BUILDING_REQUIREMENTS'),
	('POLICY_GRAND_OPERA_POP_CULTURE_2',							'MODIFIER_PLAYER_CITIES_ADJUST_CITY_YIELD_PER_POPULATION',	'CITY_HAS_DISTRICT_THEATER_TIER_2_BUILDING_REQUIREMENTS'),
	('POLICY_GRAND_OPERA_POP_CULTURE_3',							'MODIFIER_PLAYER_CITIES_ADJUST_CITY_YIELD_PER_POPULATION',	'CITY_HAS_DISTRICT_THEATER_TIER_3_BUILDING_REQUIREMENTS'),
	('POLICY_MINARET_POP_FAITH_1',										'MODIFIER_PLAYER_CITIES_ADJUST_CITY_YIELD_PER_POPULATION',	'CITY_HAS_DISTRICT_HOLY_SITE_TIER_1_BUILDING_REQUIREMENTS'),
	('POLICY_MINARET_POP_FAITH_2',										'MODIFIER_PLAYER_CITIES_ADJUST_CITY_YIELD_PER_POPULATION',	'CITY_HAS_DISTRICT_HOLY_SITE_TIER_2_BUILDING_REQUIREMENTS'),
	('POLICY_MINARET_POP_FAITH_3',										'MODIFIER_PLAYER_CITIES_ADJUST_CITY_YIELD_PER_POPULATION',	'CITY_HAS_DISTRICT_HOLY_SITE_TIER_3_BUILDING_REQUIREMENTS'),
	('TRAVELING_MERCHANTS_MARKET',							'MODIFIER_PLAYER_DISTRICTS_ADJUST_GREAT_PERSON_POINTS',		'HD_PLOT_HAS_DISTRICT_COMMERCIAL_HUB_TIER_2_BUILDING_REQUIREMENTS'),
	('NAVIGATION_ADMIRAL_LIGHTHOUSE',						'MODIFIER_PLAYER_DISTRICTS_ADJUST_GREAT_PERSON_POINTS',		'HD_PLOT_HAS_DISTRICT_HARBOR_TIER_1_BUILDING_REQUIREMENTS'),
	('COLONIALOFFICES_FOREIGNFOOD',							'MODIFIER_PLAYER_CITIES_ADJUST_CITY_YIELD_CHANGE',		'CITY_NOT_OWNER_CAPITAL_CONTINENT_REQUIREMENTS'),
	('COLONIALOFFICES_FOREIGNFOODPERCENTAGE',				'MODIFIER_PLAYER_CITIES_ADJUST_CITY_GROWTH',	'CITY_NOT_OWNER_CAPITAL_CONTINENT_REQUIREMENTS'),
	('DIPLOMATIC_LEAGUE_INFLUENCEPOINTS',							'MODIFIER_PLAYER_ADJUST_INFLUENCE_POINTS_PER_TURN',	NULL),
	('SERFDOM_BUILDERPRODUCTION',									'MODIFIER_PLAYER_UNITS_ADJUST_UNIT_PRODUCTION',	NULL),
	('HD_WORRIER_CLASS_FOOD',                 			'MODIFIER_PLAYER_CITIES_ADJUST_CITY_YIELD_CHANGE',												'CITY_HAS_GARRISON_UNIT_REQUIERMENT'),
	('HD_WORRIER_CLASS_PRODUCTION',           			'MODIFIER_PLAYER_CITIES_ADJUST_CITY_YIELD_CHANGE',												'CITY_HAS_GARRISON_UNIT_REQUIERMENT'),
	('HD_MUDBRICK_WHARF_HARBOR_PRODUCTION',   			'MODIFIER_PLAYER_CITIES_ADJUST_DISTRICT_PRODUCTION',											null),
	('HD_GULF_TRADE_HARBOR_BONUS',            			'MODIFIER_PLAYER_DISTRICTS_ADJUST_YIELD_MODIFIER',												'DISTRICT_IS_HARBOR'),
	('HD_GULF_TRADE_TRADE_GOLD_1',   								'MODIFIER_PLAYER_CITIES_ADJUST_TRADE_ROUTE_YIELD_FOR_INTERNATIONAL',			'HD_PLOT_ADJACENT_TO_COAST_REQUIREMENTS'),
	('HD_GULF_TRADE_TRADE_GOLD_2',   								'MODIFIER_PLAYER_CITIES_ADJUST_TRADE_ROUTE_YIELD_FOR_DOMESTIC',						'HD_PLOT_ADJACENT_TO_COAST_REQUIREMENTS'),
	('HD_MONUMENT_CEREMONY_MONUMENT_PRODUCTION',   	'MODIFIER_PLAYER_CITIES_ADJUST_BUILDING_PRODUCTION',											null),
	('HD_MONUMENT_CEREMONY_MONUMENT_FAITH',   			'MODIFIER_PLAYER_CITIES_ADJUST_BUILDING_YIELD_CHANGE',										null),
	('HD_HUMAN_SACRIFICE_KILL_FAITH',   						'MODIFIER_PLAYER_UNITS_ADJUST_POST_COMBAT_YIELD',													null),
	('HD_PRIEST_CLASS_DO_NOTHING',   								'MODIFIER_DO_NOTHING',																										null),
	('HD_SECULAR_LITERATURE_THEATER_BONUS',   			'MODIFIER_PLAYER_DISTRICTS_ADJUST_YIELD_MODIFIER',												'DISTRICT_IS_THEATER'),
	('HD_HERBAL_MEDICINE_POP_SCIENCE',   						'MODIFIER_PLAYER_IMPROVEMENTS_ATTACH_MODIFIER',														'HD_PLOT_HAS_FARM_PLANTATION_LUMBER_MILL_REQUIREMENTS'),
	('HD_HERBAL_MEDICINE_POP_GOLD',   							'MODIFIER_PLAYER_IMPROVEMENTS_ATTACH_MODIFIER',														'HD_PLOT_HAS_FARM_PLANTATION_LUMBER_MILL_REQUIREMENTS'),
	('HD_HERBAL_MEDICINE_SCIENTIST_POINTS',   			'MODIFIER_PLAYER_IMPROVEMENTS_ATTACH_MODIFIER',														'HD_PLOT_HAS_FARM_PLANTATION_LUMBER_MILL_REQUIREMENTS'),
	('HD_HUMAN_RESOURCES_POP_GOLD_1',   						'MODIFIER_PLAYER_CITIES_ADJUST_CITY_YIELD_PER_POPULATION',								'CITY_HAS_DISTRICT_NEIGHBORHOOD_TIER_1_BUILDING_REQUIREMENTS'),
	('HD_HUMAN_RESOURCES_POP_PRODUCTION_1',   			'MODIFIER_PLAYER_CITIES_ADJUST_CITY_YIELD_PER_POPULATION',								'CITY_HAS_DISTRICT_NEIGHBORHOOD_TIER_1_BUILDING_REQUIREMENTS'),
	('HD_HUMAN_RESOURCES_POP_GOLD_2',   						'MODIFIER_PLAYER_CITIES_ADJUST_CITY_YIELD_PER_POPULATION',								'CITY_HAS_DISTRICT_NEIGHBORHOOD_TIER_2_BUILDING_REQUIREMENTS'),
	('HD_HUMAN_RESOURCES_POP_PRODUCTION_2',   			'MODIFIER_PLAYER_CITIES_ADJUST_CITY_YIELD_PER_POPULATION',								'CITY_HAS_DISTRICT_NEIGHBORHOOD_TIER_2_BUILDING_REQUIREMENTS'),
	('HD_HUMAN_RESOURCES_POP_GOLD_3',   						'MODIFIER_PLAYER_CITIES_ADJUST_CITY_YIELD_PER_POPULATION',								'CITY_HAS_DISTRICT_NEIGHBORHOOD_TIER_3_BUILDING_REQUIREMENTS'),
	('HD_HUMAN_RESOURCES_POP_PRODUCTION_3',   			'MODIFIER_PLAYER_CITIES_ADJUST_CITY_YIELD_PER_POPULATION',								'CITY_HAS_DISTRICT_NEIGHBORHOOD_TIER_3_BUILDING_REQUIREMENTS'),
	('HD_MODERNIST_LITERATURE_WRITING_TOURISM',   	'MODIFIER_PLAYER_CITIES_ADJUST_TOURISM',																	null),
	('HD_DA_SI_KONG_INDUSTRIAL_BONUS',   						'MODIFIER_PLAYER_DISTRICTS_ADJUST_YIELD_MODIFIER',												'DISTRICT_IS_INDUSTRIAL_ZONE'),
	('HD_MILITARY_CONSTRUCTION_ENCAMPMENT_BONUS',		'MODIFIER_PLAYER_DISTRICTS_ADJUST_YIELD_MODIFIER',												'DISTRICT_IS_ENCAMPMENT'),
	('HD_MILITARY_CONSTRUCTION_INDUSTRIAL_BONUS',		'MODIFIER_PLAYER_DISTRICTS_ADJUST_YIELD_MODIFIER',												'DISTRICT_IS_INDUSTRIAL_ZONE'),
	('HD_FIVE_YEAR_PLAN_THEATER_BONUS',							'MODIFIER_PLAYER_DISTRICTS_ADJUST_YIELD_MODIFIER',												'DISTRICT_IS_THEATER'),
	('POLICY_HD_PORT_CARGO_POP_PRODUCTION_1',				'MODIFIER_PLAYER_CITIES_ADJUST_CITY_YIELD_PER_POPULATION',								'CITY_HAS_DISTRICT_HARBOR_TIER_1_BUILDING_REQUIREMENTS'),
	('POLICY_HD_PORT_CARGO_POP_PRODUCTION_2',				'MODIFIER_PLAYER_CITIES_ADJUST_CITY_YIELD_PER_POPULATION',								'CITY_HAS_DISTRICT_HARBOR_TIER_2_BUILDING_REQUIREMENTS'),
	('POLICY_HD_PORT_CARGO_POP_PRODUCTION_3',				'MODIFIER_PLAYER_CITIES_ADJUST_CITY_YIELD_PER_POPULATION',								'CITY_HAS_DISTRICT_HARBOR_TIER_3_BUILDING_REQUIREMENTS'),
	('POLICY_HD_DEMOGRAPHIC_STATISTICS_NEIGHBORHOOD_PRODUCTION',		'MODIFIER_PLAYER_DISTRICTS_ADJUST_YIELD_CHANGE',								'DISTRICT_IS_NEIGHBORHOOD'),
	('POLICY_HD_DEMOGRAPHIC_STATISTICS_POP_GOLD',										'MODIFIER_PLAYER_CITIES_ADJUST_CITY_YIELD_PER_POPULATION',			'REQUIRES_CITY_HAS_DISTRICT_NEIGHBORHOOD_UDMET'),
	('POLICY_HD_BLOCKCHAIN_POP_SCIENCE',						'MODIFIER_PLAYER_CITIES_ADJUST_CITY_YIELD_PER_POPULATION',								'CITY_HAS_DISTRICT_CAMPUS_TIER_4_BUILDING_REQUIREMENTS'),
	('POLICY_HD_BLOCKCHAIN_POP_CULTURE',						'MODIFIER_PLAYER_CITIES_ADJUST_CITY_YIELD_PER_POPULATION',								'CITY_HAS_DISTRICT_THEATER_TIER_3_BUILDING_REQUIREMENTS'),
	('POLICY_HD_BLOCKCHAIN_POP_GOLD',								'MODIFIER_PLAYER_CITIES_ADJUST_CITY_YIELD_PER_POPULATION',								'CITY_HAS_DISTRICT_COMMERCIAL_HUB_TIER_4_BUILDING_REQUIREMENTS'),
	('POLICY_HD_BLOCKCHAIN_POP_GOLD_2',							'MODIFIER_PLAYER_CITIES_ADJUST_CITY_YIELD_PER_POPULATION',								'CITY_HAS_DISTRICT_HARBOR_TIER_3_BUILDING_REQUIREMENTS'),
	('POLICY_HD_REINDUSTRIALIZATION_TOURISM_DEBUFF','MODIFIER_PLAYER_ADJUST_TOURISM',																					Null),
	('POLICY_HD_REINDUSTRIALIZATION_POP_PRODUCTION','MODIFIER_PLAYER_CITIES_ADJUST_CITY_YIELD_PER_POPULATION',								'CITY_HAS_DISTRICT_INDUSTRIAL_ZONE_TIER_3_BUILDING_REQUIREMENTS'),
	('POLICY_HD_REINDUSTRIALIZATION_POP_FAITH',			'MODIFIER_PLAYER_CITIES_ADJUST_CITY_YIELD_PER_POPULATION',								'CITY_HAS_DISTRICT_HOLY_SITE_TIER_3_BUILDING_REQUIREMENTS'),
	('POLICY_HD_REINDUSTRIALIZATION_POP_GOLD',			'MODIFIER_PLAYER_CITIES_ADJUST_CITY_YIELD_PER_POPULATION',								'CITY_HAS_DISTRICT_NEIGHBORHOOD_TIER_3_BUILDING_REQUIREMENTS'),
	('COMPULSORY_EDUCATION_POPULATION_SCIENCE',			'MODIFIER_PLAYER_CITIES_ADJUST_CITY_YIELD_PER_POPULATION',				'CITY_HAS_3_SPECIALTY_DISTRICTS_REQUIREMENTS'),
	('COMPULSORY_EDUCATION_POPULATION_CULTURE',			'MODIFIER_PLAYER_CITIES_ADJUST_CITY_YIELD_PER_POPULATION',				'CITY_HAS_3_SPECIALTY_DISTRICTS_REQUIREMENTS'),
	('MERCHANT_CONFEDERATION_INDUSTRIAL_ZONE_RANGE_BONUS',			'MODIFIER_PLAYER_DISTRICTS_ADJUST_EXTRA_REGIONAL_RANGE',				'REQUIRES_DISTRICT_IS_DISTRICT_INDUSTRIAL_ZONE_UDMET'),
	('GOD_KING_POP_FAITH',			'MODIFIER_PLAYER_CAPITAL_CITY_ADJUST_CITY_YIELD_PER_POPULATION',				null),
	('HD_ORACLE_FAITH',			'MODIFIER_PLAYER_CITIES_ADJUST_CITY_YIELD_CHANGE',				'HD_CITY_HAS_IMPROVED_CAMP_FISHING_BOAT_RESOURCE_REQUIREMENTS'),
	('INTANGIBLE_TRADE_CULTURE',			'MODIFIER_PLAYER_ADJUST_TRADE_ROUTE_YIELD_FOR_INTERNATIONAL',				null),
	('INTANGIBLE_TRADE_SCIENCE',			'MODIFIER_PLAYER_ADJUST_TRADE_ROUTE_YIELD_FOR_INTERNATIONAL',				null),
	('NATIONAL_DEFENSE_ROAD_FOOD',						'MODIFIER_PLAYER_ADJUST_TRADE_ROUTE_YIELD_FOR_DOMESTIC',				null),
	('NATIONAL_DEFENSE_ROAD_PRODUCTION',			'MODIFIER_PLAYER_ADJUST_TRADE_ROUTE_YIELD_FOR_DOMESTIC',				null),
	('EXCHANGE_RATE_REGULATION_GOLD',					'MODIFIER_PLAYER_ADJUST_TRADE_ROUTE_YIELD',				null),
	('EXCHANGE_RATE_REGULATION_PRODUCTION',		'MODIFIER_PLAYER_ADJUST_TRADE_ROUTE_YIELD',				null),
	('HD_INTERNATIONAL_AID_ALLIANCE_POINTS',        	'MODIFIER_PLAYER_ADJUST_ALLIANCE_POINTS',																		NULL),
	('HD_INTERNATIONAL_AID_FOODTOALLY',        				'MODIFIER_PLAYER_ADJUST_TRADE_ROUTE_DESTINATION_YIELD_FOR_ALLY_ROUTE',			NULL),
	('HD_INTERNATIONAL_AID_FOODFROMALLY',        			'MODIFIER_PLAYER_ADJUST_TRADE_ROUTE_ORIGIN_YIELD_FOR_ALLY_ROUTE',			NULL),
	('HD_INTERNATIONAL_AID_FOODTOSUZERAIN',        		'MODIFIER_PLAYER_ADJUST_TRADE_ROUTE_DESTINATION_YIELD_FOR_SUZERAIN_ROUTE',						NULL),
	('HD_INTERNATIONAL_AID_FOODFROMSUZERAIN',					'MODIFIER_PLAYER_ADJUST_TRADE_ROUTE_ORIGIN_YIELD_FOR_SUZERAIN_ROUTE',						NULL),
	('HD_INTERNATIONAL_AID_PRODUCTIONTOALLY',					'MODIFIER_PLAYER_ADJUST_TRADE_ROUTE_DESTINATION_YIELD_FOR_ALLY_ROUTE',	NULL),
	('HD_INTERNATIONAL_AID_PRODUCTIONFROMALLY',				'MODIFIER_PLAYER_ADJUST_TRADE_ROUTE_ORIGIN_YIELD_FOR_ALLY_ROUTE',	NULL),
	('HD_INTERNATIONAL_AID_PRODUCTIONTOSUZERAIN',			'MODIFIER_PLAYER_ADJUST_TRADE_ROUTE_DESTINATION_YIELD_FOR_SUZERAIN_ROUTE',				NULL),
	('HD_INTERNATIONAL_AID_PRODUCTIONFROMSUZERAIN',		'MODIFIER_PLAYER_ADJUST_TRADE_ROUTE_ORIGIN_YIELD_FOR_SUZERAIN_ROUTE',				NULL),
	('HD_CHEONGWAN_GREAT_SCIENTIST_ATTACH',						'MODIFIER_PLAYER_DISTRICTS_ATTACH_MODIFIER',				'HD_IS_MOUNTAIN_SPECIALTY_DISTRICT_REQUIREMENTS'),
	('HD_CHEONGWAN_GREAT_SCIENTIST_POINTS',						'MODIFIER_PLAYER_DISTRICT_ADJUST_GREAT_PERSON_POINTS',				null),
	('HD_CHANNEL_ADMINISTRATOR_GREAT_SCIENTIST',						'MODIFIER_PLAYER_DISTRICTS_ADJUST_GREAT_PERSON_POINTS',			'HD_PLOT_HAS_BUILDING_NILOMETER_HD_REQUIREMENTS'),
	('HD_CHANNEL_ADMINISTRATOR_GREAT_SCIENTIST_ATTACH',			'MODIFIER_PLAYER_DISTRICTS_ATTACH_MODIFIER',						'HD_CHANNEL_ADMINISTRATOR_REQUIREMENTS'),
	('HD_CHANNEL_ADMINISTRATOR_GREAT_SCIENTIST_POINTS',			'MODIFIER_PLAYER_DISTRICT_ADJUST_GREAT_PERSON_POINTS',				null),
	('HD_CHANNEL_ADMINISTRATOR_GREAT_ENGINEER',							'MODIFIER_PLAYER_DISTRICTS_ADJUST_GREAT_PERSON_POINTS',			'HD_PLOT_HAS_BUILDING_NILOMETER_HD_REQUIREMENTS'),
	('HD_CHANNEL_ADMINISTRATOR_GREAT_ENGINEER_ATTACH',			'MODIFIER_PLAYER_DISTRICTS_ATTACH_MODIFIER',						'HD_CHANNEL_ADMINISTRATOR_REQUIREMENTS'),
	('HD_CHANNEL_ADMINISTRATOR_GREAT_ENGINEER_POINTS',			'MODIFIER_PLAYER_DISTRICT_ADJUST_GREAT_PERSON_POINTS',				null),
	('HD_TECH_REVOLUTION_GREATENGINEER_1',		'MODIFIER_PLAYER_DISTRICTS_ADJUST_GREAT_PERSON_POINTS',						'HD_PLOT_HAS_DISTRICT_INDUSTRIAL_ZONE_TIER_1_BUILDING_REQUIREMENTS'),
	('HD_TECH_REVOLUTION_GREATENGINEER_2',		'MODIFIER_PLAYER_DISTRICTS_ADJUST_GREAT_PERSON_POINTS',						'HD_PLOT_HAS_DISTRICT_INDUSTRIAL_ZONE_TIER_2_BUILDING_REQUIREMENTS'),
	('HD_TECH_REVOLUTION_GREATENGINEER_3',		'MODIFIER_PLAYER_DISTRICTS_ADJUST_GREAT_PERSON_POINTS',						'HD_PLOT_HAS_DISTRICT_INDUSTRIAL_ZONE_TIER_3_BUILDING_REQUIREMENTS'),
	('HD_ACADEMIC_MEETING_GREATSCIENTIST_1',		'MODIFIER_PLAYER_DISTRICTS_ADJUST_GREAT_PERSON_POINTS',						'HD_PLOT_HAS_DISTRICT_CAMPUS_TIER_1_BUILDING_REQUIREMENTS'),
	('HD_ACADEMIC_MEETING_GREATSCIENTIST_2',		'MODIFIER_PLAYER_DISTRICTS_ADJUST_GREAT_PERSON_POINTS',						'HD_PLOT_HAS_DISTRICT_CAMPUS_TIER_2_BUILDING_REQUIREMENTS'),
	('HD_ACADEMIC_MEETING_GREATSCIENTIST_3',		'MODIFIER_PLAYER_DISTRICTS_ADJUST_GREAT_PERSON_POINTS',						'HD_PLOT_HAS_DISTRICT_CAMPUS_TIER_3_BUILDING_REQUIREMENTS'),
	('HD_ACADEMIC_MEETING_GREATSCIENTIST_4',		'MODIFIER_PLAYER_DISTRICTS_ADJUST_GREAT_PERSON_POINTS',						'HD_PLOT_HAS_DISTRICT_CAMPUS_TIER_4_BUILDING_REQUIREMENTS'),
	('HD_NATIONAL_CULTURE_GREAT_WRITER_1',		'MODIFIER_PLAYER_DISTRICTS_ADJUST_GREAT_PERSON_POINTS',						'HD_PLOT_HAS_DISTRICT_THEATER_TIER_1_BUILDING_REQUIREMENTS'),
	('HD_NATIONAL_CULTURE_GREAT_WRITER_2',		'MODIFIER_PLAYER_DISTRICTS_ADJUST_GREAT_PERSON_POINTS',						'HD_PLOT_HAS_DISTRICT_THEATER_TIER_2_BUILDING_REQUIREMENTS'),
	('HD_NATIONAL_CULTURE_GREAT_WRITER_3',		'MODIFIER_PLAYER_DISTRICTS_ADJUST_GREAT_PERSON_POINTS',						'HD_PLOT_HAS_DISTRICT_THEATER_TIER_3_BUILDING_REQUIREMENTS'),
	('HD_FRESCOES_GREAT_ARTIST_1',		'MODIFIER_PLAYER_DISTRICTS_ADJUST_GREAT_PERSON_POINTS',						'HD_PLOT_HAS_DISTRICT_THEATER_TIER_1_BUILDING_REQUIREMENTS'),
	('HD_FRESCOES_GREAT_ARTIST_2',		'MODIFIER_PLAYER_DISTRICTS_ADJUST_GREAT_PERSON_POINTS',						'HD_PLOT_HAS_DISTRICT_THEATER_TIER_2_BUILDING_REQUIREMENTS'),
	('HD_FRESCOES_GREAT_ARTIST_3',		'MODIFIER_PLAYER_DISTRICTS_ADJUST_GREAT_PERSON_POINTS',						'HD_PLOT_HAS_DISTRICT_THEATER_TIER_3_BUILDING_REQUIREMENTS'),
	('HD_PSALM_GREAT_MUSICIAN_1',		'MODIFIER_PLAYER_ADJUST_GREAT_PERSON_POINTS',									null),
	('HD_PSALM_GREAT_MUSICIAN_2',		'MODIFIER_PLAYER_DISTRICTS_ADJUST_GREAT_PERSON_POINTS',						'REQUIRES_DISTRICT_IS_DISTRICT_HOLY_SITE_UDMET'),
	('HD_SYMPHONIES_GREAT_MUSICIAN_1',		'MODIFIER_PLAYER_DISTRICTS_ADJUST_GREAT_PERSON_POINTS',						'HD_PLOT_HAS_DISTRICT_THEATER_TIER_1_BUILDING_REQUIREMENTS'),
	('HD_SYMPHONIES_GREAT_MUSICIAN_2',		'MODIFIER_PLAYER_DISTRICTS_ADJUST_GREAT_PERSON_POINTS',						'HD_PLOT_HAS_DISTRICT_THEATER_TIER_2_BUILDING_REQUIREMENTS'),
	('HD_SYMPHONIES_GREAT_MUSICIAN_3',		'MODIFIER_PLAYER_DISTRICTS_ADJUST_GREAT_PERSON_POINTS',						'HD_PLOT_HAS_DISTRICT_THEATER_TIER_3_BUILDING_REQUIREMENTS'),
	('HD_SUBCULTURAL_TREND_GREAT_WRITER_1',		'MODIFIER_PLAYER_DISTRICTS_ADJUST_GREAT_PERSON_POINTS',						'HD_PLOT_HAS_DISTRICT_NEIGHBORHOOD_TIER_1_BUILDING_REQUIREMENTS'),
	('HD_SUBCULTURAL_TREND_GREAT_WRITER_2',		'MODIFIER_PLAYER_DISTRICTS_ADJUST_GREAT_PERSON_POINTS',						'HD_PLOT_HAS_DISTRICT_NEIGHBORHOOD_TIER_2_BUILDING_REQUIREMENTS'),
	('HD_SUBCULTURAL_TREND_GREAT_WRITER_3',		'MODIFIER_PLAYER_DISTRICTS_ADJUST_GREAT_PERSON_POINTS',						'HD_PLOT_HAS_DISTRICT_NEIGHBORHOOD_TIER_3_BUILDING_REQUIREMENTS'),
	('HD_SUBCULTURAL_TREND_GREAT_ARTIST_1',		'MODIFIER_PLAYER_DISTRICTS_ADJUST_GREAT_PERSON_POINTS',						'HD_PLOT_HAS_DISTRICT_NEIGHBORHOOD_TIER_1_BUILDING_REQUIREMENTS'),
	('HD_SUBCULTURAL_TREND_GREAT_ARTIST_2',		'MODIFIER_PLAYER_DISTRICTS_ADJUST_GREAT_PERSON_POINTS',						'HD_PLOT_HAS_DISTRICT_NEIGHBORHOOD_TIER_2_BUILDING_REQUIREMENTS'),
	('HD_SUBCULTURAL_TREND_GREAT_ARTIST_3',		'MODIFIER_PLAYER_DISTRICTS_ADJUST_GREAT_PERSON_POINTS',						'HD_PLOT_HAS_DISTRICT_NEIGHBORHOOD_TIER_3_BUILDING_REQUIREMENTS'),
	('HD_SUBCULTURAL_TREND_GREAT_MUSICIAN_1',		'MODIFIER_PLAYER_DISTRICTS_ADJUST_GREAT_PERSON_POINTS',						'HD_PLOT_HAS_DISTRICT_NEIGHBORHOOD_TIER_1_BUILDING_REQUIREMENTS'),
	('HD_SUBCULTURAL_TREND_GREAT_MUSICIAN_2',		'MODIFIER_PLAYER_DISTRICTS_ADJUST_GREAT_PERSON_POINTS',						'HD_PLOT_HAS_DISTRICT_NEIGHBORHOOD_TIER_2_BUILDING_REQUIREMENTS'),
	('HD_SUBCULTURAL_TREND_GREAT_MUSICIAN_3',		'MODIFIER_PLAYER_DISTRICTS_ADJUST_GREAT_PERSON_POINTS',						'HD_PLOT_HAS_DISTRICT_NEIGHBORHOOD_TIER_3_BUILDING_REQUIREMENTS'),
	('HD_OCEAN_VOYAGE_GREAT_ADMIRAL_1',		'MODIFIER_PLAYER_DISTRICTS_ADJUST_GREAT_PERSON_POINTS',						'HD_PLOT_HAS_DISTRICT_HARBOR_TIER_1_BUILDING_REQUIREMENTS'),
	('HD_OCEAN_VOYAGE_GREAT_ADMIRAL_2',		'MODIFIER_PLAYER_DISTRICTS_ADJUST_GREAT_PERSON_POINTS',						'HD_PLOT_HAS_DISTRICT_HARBOR_TIER_2_BUILDING_REQUIREMENTS'),
	('HD_OCEAN_VOYAGE_GREAT_ADMIRAL_3',		'MODIFIER_PLAYER_DISTRICTS_ADJUST_GREAT_PERSON_POINTS',						'HD_PLOT_HAS_DISTRICT_HARBOR_TIER_3_BUILDING_REQUIREMENTS'),
	('HD_INVESTMENT_GREAT_MERCHANT_1',		'MODIFIER_PLAYER_DISTRICTS_ADJUST_GREAT_PERSON_POINTS',						'HD_PLOT_HAS_DISTRICT_COMMERCIAL_HUB_TIER_1_BUILDING_REQUIREMENTS'),
	('HD_INVESTMENT_GREAT_MERCHANT_2',		'MODIFIER_PLAYER_DISTRICTS_ADJUST_GREAT_PERSON_POINTS',						'HD_PLOT_HAS_DISTRICT_COMMERCIAL_HUB_TIER_2_BUILDING_REQUIREMENTS'),
	('HD_INVESTMENT_GREAT_MERCHANT_3',		'MODIFIER_PLAYER_DISTRICTS_ADJUST_GREAT_PERSON_POINTS',						'HD_PLOT_HAS_DISTRICT_COMMERCIAL_HUB_TIER_3_BUILDING_REQUIREMENTS'),
	('HD_INVESTMENT_GREAT_MERCHANT_4',		'MODIFIER_PLAYER_DISTRICTS_ADJUST_GREAT_PERSON_POINTS',						'HD_PLOT_HAS_DISTRICT_COMMERCIAL_HUB_TIER_4_BUILDING_REQUIREMENTS'),
	('HD_REVIVAL_OF_NATIONHOOD_WONDER_GREAT_PERSON_POINTS',		'MODIFIER_PLAYER_CITIES_ADJUST_GREAT_PERSON_POINT_BONUS',				'DL_CITY_HAS_WONDER_REQUIREMENTS'),
	('HD_CIVIC_RIGHTS_CULTURE_ATTACH_1',		'MODIFIER_PLAYER_DISTRICTS_ATTACH_MODIFIER',							'HD_PLOT_HAS_DISTRICT_NEIGHBORHOOD_TIER_1_BUILDING_REQUIREMENTS'),
	('HD_CIVIC_RIGHTS_CULTURE_ATTACH_2',		'MODIFIER_PLAYER_DISTRICTS_ATTACH_MODIFIER',							'HD_PLOT_HAS_DISTRICT_NEIGHBORHOOD_TIER_2_BUILDING_REQUIREMENTS'),
	('HD_CIVIC_RIGHTS_CULTURE_ATTACH_3',		'MODIFIER_PLAYER_DISTRICTS_ATTACH_MODIFIER',							'HD_PLOT_HAS_DISTRICT_NEIGHBORHOOD_TIER_3_BUILDING_REQUIREMENTS'),
	('HD_CIVIC_RIGHTS_FAITH_ATTACH_1',			'MODIFIER_PLAYER_DISTRICTS_ATTACH_MODIFIER',							'HD_PLOT_HAS_DISTRICT_NEIGHBORHOOD_TIER_1_BUILDING_REQUIREMENTS'),
	('HD_CIVIC_RIGHTS_FAITH_ATTACH_2',			'MODIFIER_PLAYER_DISTRICTS_ATTACH_MODIFIER',							'HD_PLOT_HAS_DISTRICT_NEIGHBORHOOD_TIER_2_BUILDING_REQUIREMENTS'),
	('HD_CIVIC_RIGHTS_FAITH_ATTACH_3',			'MODIFIER_PLAYER_DISTRICTS_ATTACH_MODIFIER',							'HD_PLOT_HAS_DISTRICT_NEIGHBORHOOD_TIER_3_BUILDING_REQUIREMENTS'),
	('HD_CIVIC_RIGHTS_CULTURE_1',						'MODIFIER_PLAYER_CITIES_ADJUST_CITY_YIELD_CHANGE',				'HD_OBJECT_WITHIN_6_TILES'),
	('HD_CIVIC_RIGHTS_CULTURE_2',						'MODIFIER_PLAYER_CITIES_ADJUST_CITY_YIELD_CHANGE',				'HD_OBJECT_WITHIN_6_TILES'),
	('HD_CIVIC_RIGHTS_CULTURE_3',						'MODIFIER_PLAYER_CITIES_ADJUST_CITY_YIELD_CHANGE',				'HD_OBJECT_WITHIN_6_TILES'),
	('HD_CIVIC_RIGHTS_FAITH_1',							'MODIFIER_PLAYER_CITIES_ADJUST_CITY_YIELD_CHANGE',				'HD_OBJECT_WITHIN_6_TILES'),
	('HD_CIVIC_RIGHTS_FAITH_2',							'MODIFIER_PLAYER_CITIES_ADJUST_CITY_YIELD_CHANGE',				'HD_OBJECT_WITHIN_6_TILES'),
	('HD_CIVIC_RIGHTS_FAITH_3',							'MODIFIER_PLAYER_CITIES_ADJUST_CITY_YIELD_CHANGE',				'HD_OBJECT_WITHIN_6_TILES'),
	('HD_CONSTITUTIONAL_STUDY_PRODUCTION_ATTACH_1',			'MODIFIER_PLAYER_DISTRICTS_ATTACH_MODIFIER',							'HD_PLOT_HAS_DISTRICT_GOVERNMENT_TIER_1_BUILDING_REQUIREMENTS'),
	('HD_CONSTITUTIONAL_STUDY_PRODUCTION_ATTACH_2',			'MODIFIER_PLAYER_DISTRICTS_ATTACH_MODIFIER',							'HD_PLOT_HAS_DISTRICT_GOVERNMENT_TIER_2_BUILDING_REQUIREMENTS'),
	('HD_CONSTITUTIONAL_STUDY_PRODUCTION_ATTACH_3',			'MODIFIER_PLAYER_DISTRICTS_ATTACH_MODIFIER',							'HD_PLOT_HAS_DISTRICT_GOVERNMENT_TIER_3_BUILDING_REQUIREMENTS'),
	('HD_CONSTITUTIONAL_STUDY_GOLD_ATTACH_1',						'MODIFIER_PLAYER_DISTRICTS_ATTACH_MODIFIER',							'HD_PLOT_HAS_DISTRICT_GOVERNMENT_TIER_1_BUILDING_REQUIREMENTS'),
	('HD_CONSTITUTIONAL_STUDY_GOLD_ATTACH_2',						'MODIFIER_PLAYER_DISTRICTS_ATTACH_MODIFIER',							'HD_PLOT_HAS_DISTRICT_GOVERNMENT_TIER_2_BUILDING_REQUIREMENTS'),
	('HD_CONSTITUTIONAL_STUDY_GOLD_ATTACH_3',						'MODIFIER_PLAYER_DISTRICTS_ATTACH_MODIFIER',							'HD_PLOT_HAS_DISTRICT_GOVERNMENT_TIER_3_BUILDING_REQUIREMENTS'),
	('HD_CONSTITUTIONAL_STUDY_PRODUCTION_1',						'MODIFIER_PLAYER_CITIES_ADJUST_CITY_YIELD_CHANGE',				'HD_OBJECT_WITHIN_6_TILES'),
	('HD_CONSTITUTIONAL_STUDY_PRODUCTION_2',						'MODIFIER_PLAYER_CITIES_ADJUST_CITY_YIELD_CHANGE',				'HD_OBJECT_WITHIN_6_TILES'),
	('HD_CONSTITUTIONAL_STUDY_PRODUCTION_3',						'MODIFIER_PLAYER_CITIES_ADJUST_CITY_YIELD_CHANGE',				'HD_OBJECT_WITHIN_6_TILES'),
	('HD_CONSTITUTIONAL_STUDY_GOLD_1',									'MODIFIER_PLAYER_CITIES_ADJUST_CITY_YIELD_CHANGE',				'HD_OBJECT_WITHIN_6_TILES'),
	('HD_CONSTITUTIONAL_STUDY_GOLD_2',									'MODIFIER_PLAYER_CITIES_ADJUST_CITY_YIELD_CHANGE',				'HD_OBJECT_WITHIN_6_TILES'),
	('HD_CONSTITUTIONAL_STUDY_GOLD_3',									'MODIFIER_PLAYER_CITIES_ADJUST_CITY_YIELD_CHANGE',				'HD_OBJECT_WITHIN_6_TILES'),
	('HD_CLONE_RESEARCH_GREAT_SCIENTIST_POINTS_ATTACH',	'MODIFIER_PLAYER_CITIES_ATTACH_MODIFIER',									'HD_CLONE_RESEARCH_REQUIREMENTS'),
	('HD_CLONE_RESEARCH_GREAT_SCIENTIST_POINTS',				'MODIFIER_PLAYER_ADJUST_GREAT_PERSON_POINTS_PERCENT',			NULL),
	('HD_HIGH_TECH_INDUSTRY_GREAT_SCIENTIST_POINTS_ATTACH',		'MODIFIER_PLAYER_CITIES_ATTACH_MODIFIER',									'HD_HIGH_TECH_INDUSTRY_REQUIREMENTS'),
	('HD_HIGH_TECH_INDUSTRY_GREAT_ENGINEER_POINTS_ATTACH',		'MODIFIER_PLAYER_CITIES_ATTACH_MODIFIER',									'HD_HIGH_TECH_INDUSTRY_REQUIREMENTS'),
	('HD_HIGH_TECH_INDUSTRY_GREAT_SCIENTIST_POINTS',					'MODIFIER_PLAYER_ADJUST_GREAT_PERSON_POINTS_PERCENT',			NULL),
	('HD_HIGH_TECH_INDUSTRY_GREAT_ENGINEER_POINTS',						'MODIFIER_PLAYER_ADJUST_GREAT_PERSON_POINTS_PERCENT',			NULL),
	('HD_FREEDOM_OF_SPEECH_MUSIC_TOURISM',										'MODIFIER_PLAYER_CITIES_ADJUST_TOURISM',							'REQUIRES_CITY_HAS_DISTRICT_NEIGHBORHOOD_UDMET'),
	('HD_FREEDOM_OF_SPEECH_NEIGHBORHOOD_CULTURE',							'MODIFIER_PLAYER_DISTRICTS_ADJUST_YIELD_CHANGE',			'DISTRICT_IS_NEIGHBORHOOD'),
	('HD_ROMANTICISM_WRITING_TOURISM',												'MODIFIER_PLAYER_CITIES_ADJUST_TOURISM',							NULL),
	('HD_ROMANTICISM_THEATER_AMENITY',												'MODIFIER_PLAYER_CITIES_ADJUST_POLICY_AMENITY',				'REQUIRES_CITY_HAS_DISTRICT_THEATER_UDMET'),
	('HD_COMPARATIVE_LITERATURE_WRITING_TOURISM',							'MODIFIER_PLAYER_CITIES_ADJUST_TOURISM',							'CITY_HAS_DISTRICT_CAMPUS_TIER_3_BUILDING_REQUIREMENTS'),
	('HD_COMPARATIVE_LITERATURE_CULTURE_BONUS',								'MODIFIER_PLAYER_CITIES_ADJUST_CITY_YIELD_MODIFIER',	'CITY_HAS_DISTRICT_CAMPUS_TIER_3_BUILDING_REQUIREMENTS'),
	('HD_PHONETICS_MUSIC_TOURISM',														'MODIFIER_PLAYER_CITIES_ADJUST_TOURISM',							'CITY_HAS_DISTRICT_THEATER_TIER_3_BUILDING_REQUIREMENTS'),
	('HD_PHONETICS_SCIENCE_BONUS',														'MODIFIER_PLAYER_CITIES_ADJUST_CITY_YIELD_MODIFIER',	'CITY_HAS_DISTRICT_THEATER_TIER_3_BUILDING_REQUIREMENTS'),
	('HD_DEINDUSTRIALIZATION_DISTRICT_DEBUFF',								'MODIFIER_PLAYER_CITIES_ADJUST_DISTRICT_PRODUCTION_MODIFIER',		NULL),
	('HD_DEINDUSTRIALIZATION_BUILDING_DEBUFF',								'MODIFIER_PLAYER_CITIES_ADJUST_BUILDING_PRODUCTION_MODIFIER',		NULL),
	('HD_DEINDUSTRIALIZATION_GOLD_ATTACH',										'MODIFIER_PLAYER_CITIES_ATTACH_MODIFIER',												'CITY_HAS_DISTRICT_COMMERCIAL_HUB_TIER_3_BUILDING_REQUIREMENTS'),
	('HD_DEINDUSTRIALIZATION_GOLD',														'MODIFIER_PLAYER_CITIES_ADJUST_CITY_YIELD_MODIFIER',						NULL),
	('HD_TRADE_PROTECTIONISM_INTER_TRADE_DEBUFF',							'MODIFIER_PLAYER_ADJUST_INTERNATIONAL_TRADE_ROUTE_YIELD_MODIFIER',		NULL),
	('HD_TRADE_PROTECTIONISM_COMMERCIAL_HUB_BONUS',						'MODIFIER_PLAYER_DISTRICTS_ADJUST_YIELD_MODIFIER',							'DISTRICT_IS_COMMERCIAL_HUB'),
	('HD_TRADE_PROTECTIONISM_HARBOR_BONUS',										'MODIFIER_PLAYER_DISTRICTS_ADJUST_YIELD_MODIFIER',							'DISTRICT_IS_HARBOR'),
	('HD_TRADE_PROTECTIONISM_INDUSTRIAL_ZONE_BONUS',					'MODIFIER_PLAYER_DISTRICTS_ADJUST_YIELD_MODIFIER',							'DISTRICT_IS_INDUSTRIAL_ZONE'),
	('HD_URBAN_EXHIBITION_WONDER_TOURISM',										'MODIFIER_PLAYER_CITIES_ADJUST_TOURISM',												'HD_URBAN_EXHIBITION_REQUIREMENTS'),
	('HD_URBAN_EXHIBITION_IMPROVEMENT_TOURISM',								'MODIFIER_PLAYER_CITIES_ADJUST_IMPROVEMENT_TOURISM',						'HD_URBAN_EXHIBITION_REQUIREMENTS'),
	('HD_HERITAGE_TOURISM_ARTIFACT_TOURISM',									'MODIFIER_PLAYER_CITIES_ADJUST_TOURISM',												NULL),
	('HD_HERITAGE_TOURISM_RELIC_TOURISM',											'MODIFIER_PLAYER_CITIES_ADJUST_TOURISM',												NULL),
	('HD_CULTURAL_COLONIZATION_TRADE_TOURISM',								'MODIFIER_PLAYER_ADJUST_TRADE_ROUTE_TOURISM_MODIFIER',					NULL),
	('HD_TRAVEL_AGENCY_IMPROVEMENT_TOURISM',									'MODIFIER_PLAYER_CITIES_ADJUST_IMPROVEMENT_TOURISM',						'CITY_HAS_DISTRICT_NEIGHBORHOOD_TIER_2_BUILDING_REQUIREMENTS'),
	('HD_TRAVEL_AGENCY_NATIONALPARK_TOURISM',									'MODIFIER_PLAYER_CITIES_ADJUST_NATIONAL_PARK_TOURISM',					'CITY_HAS_DISTRICT_NEIGHBORHOOD_TIER_2_BUILDING_REQUIREMENTS'),
	('HD_GOSPEL_LOCALISATION_SCIENCE',												'MODIFIER_PLAYER_CITIES_ADJUST_CITY_YIELD_CHANGE',							'CITY_NOT_OWNER_CAPITAL_CONTINENT_REQUIREMENTS'),
	('HD_GOSPEL_LOCALISATION_CULTURE',												'MODIFIER_PLAYER_CITIES_ADJUST_CITY_YIELD_CHANGE',							'CITY_NOT_OWNER_CAPITAL_CONTINENT_REQUIREMENTS'),
	('HD_TRANSLATE_SCIENCE_0',												'MODIFIER_PLAYER_CITIES_ADJUST_CITY_YIELD_CHANGE',							'REQUIRES_CITY_HAS_DISTRICT_CAMPUS_UDMET'),
	('HD_TRANSLATE_SCIENCE_1',												'MODIFIER_PLAYER_CITIES_ADJUST_CITY_YIELD_CHANGE',							'CITY_HAS_DISTRICT_CAMPUS_TIER_1_BUILDING_REQUIREMENTS'),
	('HD_TRANSLATE_SCIENCE_2',												'MODIFIER_PLAYER_CITIES_ADJUST_CITY_YIELD_CHANGE',							'CITY_HAS_DISTRICT_CAMPUS_TIER_2_BUILDING_REQUIREMENTS'),
	('HD_TRANSLATE_SCIENCE_3',												'MODIFIER_PLAYER_CITIES_ADJUST_CITY_YIELD_CHANGE',							'CITY_HAS_DISTRICT_CAMPUS_TIER_3_BUILDING_REQUIREMENTS'),
	('HD_TRANSLATE_SCIENCE_4',												'MODIFIER_PLAYER_CITIES_ADJUST_CITY_YIELD_CHANGE',							'CITY_HAS_DISTRICT_CAMPUS_TIER_4_BUILDING_REQUIREMENTS'),
	('HD_TRANSLATE_FAVOR_0',												'MODIFIER_PLAYER_CITIES_ATTACH_MODIFIER',							'REQUIRES_CITY_HAS_DISTRICT_CAMPUS_UDMET'),
	('HD_TRANSLATE_FAVOR_1',												'MODIFIER_PLAYER_CITIES_ATTACH_MODIFIER',							'CITY_HAS_DISTRICT_CAMPUS_TIER_1_BUILDING_REQUIREMENTS'),
	('HD_TRANSLATE_FAVOR_2',												'MODIFIER_PLAYER_CITIES_ATTACH_MODIFIER',							'CITY_HAS_DISTRICT_CAMPUS_TIER_2_BUILDING_REQUIREMENTS'),
	('HD_TRANSLATE_FAVOR_3',												'MODIFIER_PLAYER_CITIES_ATTACH_MODIFIER',							'CITY_HAS_DISTRICT_CAMPUS_TIER_3_BUILDING_REQUIREMENTS'),
	('HD_TRANSLATE_FAVOR_4',												'MODIFIER_PLAYER_CITIES_ATTACH_MODIFIER',							'CITY_HAS_DISTRICT_CAMPUS_TIER_4_BUILDING_REQUIREMENTS'),
	('HD_TRANSLATE_FAVOR',												'MODIFIER_PLAYER_ADJUST_EXTRA_FAVOR_PER_TURN',							null),
	('HD_CIVIC_ASSEMBLY_CULTURE_0',												'MODIFIER_PLAYER_CITIES_ADJUST_CITY_YIELD_CHANGE',							'REQUIRES_CITY_HAS_DISTRICT_GOVERNMENT_UDMET'),
	('HD_CIVIC_ASSEMBLY_CULTURE_1',												'MODIFIER_PLAYER_CITIES_ADJUST_CITY_YIELD_CHANGE',							'CITY_HAS_DISTRICT_GOVERNMENT_TIER_1_BUILDING_REQUIREMENTS'),
	('HD_CIVIC_ASSEMBLY_CULTURE_2',												'MODIFIER_PLAYER_CITIES_ADJUST_CITY_YIELD_CHANGE',							'CITY_HAS_DISTRICT_GOVERNMENT_TIER_2_BUILDING_REQUIREMENTS'),
	('HD_CIVIC_ASSEMBLY_CULTURE_3',												'MODIFIER_PLAYER_CITIES_ADJUST_CITY_YIELD_CHANGE',							'CITY_HAS_DISTRICT_GOVERNMENT_TIER_3_BUILDING_REQUIREMENTS'),
	('HD_CIVIC_ASSEMBLY_INFLUENCE_0',												'MODIFIER_PLAYER_CITIES_ATTACH_MODIFIER',							'REQUIRES_CITY_HAS_DISTRICT_GOVERNMENT_UDMET'),
	('HD_CIVIC_ASSEMBLY_INFLUENCE_1',												'MODIFIER_PLAYER_CITIES_ATTACH_MODIFIER',							'CITY_HAS_DISTRICT_GOVERNMENT_TIER_1_BUILDING_REQUIREMENTS'),
	('HD_CIVIC_ASSEMBLY_INFLUENCE_2',												'MODIFIER_PLAYER_CITIES_ATTACH_MODIFIER',							'CITY_HAS_DISTRICT_GOVERNMENT_TIER_2_BUILDING_REQUIREMENTS'),
	('HD_CIVIC_ASSEMBLY_INFLUENCE_3',												'MODIFIER_PLAYER_CITIES_ATTACH_MODIFIER',							'CITY_HAS_DISTRICT_GOVERNMENT_TIER_3_BUILDING_REQUIREMENTS'),
	('HD_CIVIC_ASSEMBLY_INFLUENCE',												'MODIFIER_PLAYER_ADJUST_INFLUENCE_POINTS_PER_TURN',							null),
	('HD_DIONYSIAN_CARNIVAL_AMENITY',												'MODIFIER_PLAYER_CITIES_ADJUST_POLICY_AMENITY',							'HD_DIONYSIAN_CARNIVAL_REQUIREMENTS'),
	('HD_DIONYSIAN_CARNIVAL_CULTURE',												'MODIFIER_PLAYER_CITIES_ADJUST_CITY_YIELD_CHANGE',							'HD_DIONYSIAN_CARNIVAL_REQUIREMENTS'),
	('HD_LIBERALISM_AMENITY',						'MODIFIER_PLAYER_CITIES_ADJUST_POLICY_AMENITY',						'CITY_HAS_NO_GOVERNOR_REQUIREMENTS'),
	('HD_LIBERALISM_BONUS',						'MODIFIER_PLAYER_CITIES_ADJUST_CITY_YIELD_MODIFIER',						'CITY_HAS_NO_GOVERNOR_REQUIREMENTS'),
	('HD_NEW_DEAL_AMENITY',						'MODIFIER_PLAYER_CITIES_ADJUST_POLICY_AMENITY',						'HD_NEW_DEAL_REQUIREMENTS'),
	('HD_NEW_DEAL_BONUS',						'MODIFIER_PLAYER_CITIES_ADJUST_CITY_YIELD_MODIFIER',						'HD_NEW_DEAL_REQUIREMENTS'),
	('HD_SPORTS_MEET_AMENITY_1',				'MODIFIER_PLAYER_DISTRICTS_ATTACH_MODIFIER',								'HD_SPORTS_MEET_1_REQUIREMENTS'),
	('HD_SPORTS_MEET_AMENITY_2',				'MODIFIER_PLAYER_DISTRICTS_ATTACH_MODIFIER',								'HD_SPORTS_MEET_2_REQUIREMENTS'),
	('HD_ELECTED_POLITICS_POP_GOLD_1',				'MODIFIER_PLAYER_CITIES_ATTACH_MODIFIER',								'CITY_HAS_DISTRICT_GOVERNMENT_TIER_1_BUILDING_REQUIREMENTS'),
	('HD_ELECTED_POLITICS_POP_GOLD_2',				'MODIFIER_PLAYER_CITIES_ATTACH_MODIFIER',								'CITY_HAS_DISTRICT_GOVERNMENT_TIER_2_BUILDING_REQUIREMENTS'),
	('HD_ELECTED_POLITICS_POP_GOLD_3',				'MODIFIER_PLAYER_CITIES_ATTACH_MODIFIER',								'CITY_HAS_DISTRICT_GOVERNMENT_TIER_3_BUILDING_REQUIREMENTS'),
	('HD_ELECTED_POLITICS_POP_GOLD',				'MODIFIER_PLAYER_CITIES_ADJUST_CITY_YIELD_PER_POPULATION',								null),
	('HD_NATIONALIZATION_OF_ENTERPRISES_POP_SCIENCE',									'MODIFIER_PLAYER_DISTRICTS_ATTACH_MODIFIER',								'HD_NATIONALIZATION_OF_ENTERPRISES_REQUIREMENTS'),
	('HD_NATIONALIZATION_OF_ENTERPRISES_POP_PRODUCTION',							'MODIFIER_PLAYER_DISTRICTS_ATTACH_MODIFIER',								'HD_NATIONALIZATION_OF_ENTERPRISES_REQUIREMENTS'),
	('HD_NATIONALIZATION_OF_ENTERPRISES_POP_SCIENCE_MODIFIER',				'MODIFIER_PLAYER_CITIES_ADJUST_CITY_YIELD_PER_POPULATION',	'HD_OBJECT_WITHIN_6_TILES'),
	('HD_NATIONALIZATION_OF_ENTERPRISES_POP_PRODUCTION_MODIFIER',			'MODIFIER_PLAYER_CITIES_ADJUST_CITY_YIELD_PER_POPULATION',	'HD_OBJECT_WITHIN_6_TILES'),
	('HD_TRUMAN_DOCTRINE_GROWTH',							'MODIFIER_PLAYER_CITIES_ADJUST_CITY_GROWTH',				'CITY_NOT_OWNER_CAPITAL_CONTINENT_REQUIREMENTS'),
	('HD_TRUMAN_DOCTRINE_FOOD',								'MODIFIER_PLAYER_CITIES_ADJUST_CITY_YIELD_CHANGE',	'CITY_NOT_OWNER_CAPITAL_CONTINENT_REQUIREMENTS'),
	('HD_TRUMAN_DOCTRINE_IDENTITY',						'MODIFIER_PLAYER_CITIES_ADJUST_IDENTITY_PER_TURN',	'CITY_NOT_OWNER_CAPITAL_CONTINENT_REQUIREMENTS'),
	('HD_FINANCIAL_MONOPOLY_GOLD',						'MODIFIER_PLAYER_CITIES_ADJUST_CITY_YIELD_MODIFIER',	'CITY_NOT_OWNER_CAPITAL_CONTINENT_REQUIREMENTS'),
	('HD_FINANCIAL_MONOPOLY_PRODUCTION',			'MODIFIER_PLAYER_CITIES_ADJUST_CITY_YIELD_MODIFIER',	'CITY_NOT_OWNER_CAPITAL_CONTINENT_REQUIREMENTS'),
	('HD_AUTONOMY_PRODUCTION',			'MODIFIER_PLAYER_CITIES_ADJUST_CITY_YIELD_MODIFIER',	'HD_AUTONOMY_REQUIREMENTS'),
	('HD_AUTONOMY_FAITH',						'MODIFIER_PLAYER_CITIES_ADJUST_CITY_YIELD_MODIFIER',	'HD_AUTONOMY_REQUIREMENTS'),
	('HD_FOSSIL_RESEARCH_BONUS',						'MODIFIER_PLAYER_DISTRICTS_ATTACH_MODIFIER',	'HD_FOSSIL_RESEARCH_REQUIREMENTS'),
	('HD_FOSSIL_RESEARCH_BONUS_MODIFIER',		'MODIFIER_SINGLE_CITY_ADJUST_CITY_YIELD_MODIFIER',	null),
	('HD_ADAPTATION_TO_LOCAL_ALL_YIELD',		'MODIFIER_PLAYER_CITIES_ADJUST_CITY_YIELD_MODIFIER',	'HD_ADAPTATION_TO_LOCAL_REQUIREMENTS'),
	('HD_SCIENCE_AND_EDUCATION_GOLD',					'MODIFIER_PLAYER_CITIES_ADJUST_CITY_YIELD_MODIFIER',	'CITY_HAS_DISTRICT_THEATER_TIER_3_BUILDING_REQUIREMENTS'),
	('HD_SCIENCE_AND_EDUCATION_PRODUCTION',		'MODIFIER_PLAYER_CITIES_ADJUST_CITY_YIELD_MODIFIER',	'CITY_HAS_DISTRICT_CAMPUS_TIER_4_BUILDING_REQUIREMENTS'),
	('HD_GRASSROOTS_GOVERNANCE_FOOD_GOLD',					'MODIFIER_PLAYER_CITIES_ADJUST_CITY_YIELD_MODIFIER',	'CITY_HAS_DISTRICT_NEIGHBORHOOD_TIER_3_BUILDING_REQUIREMENTS'),
	('HD_GRASSROOTS_GOVERNANCE_PRODUCTION_FAITH',		'MODIFIER_PLAYER_CITIES_ADJUST_CITY_YIELD_MODIFIER',	'CITY_HAS_DISTRICT_HOLY_SITE_TIER_3_BUILDING_REQUIREMENTS'),
	('HD_PUBLIC_SECURITY_AMENITY',									'MODIFIER_PLAYER_CITIES_ADJUST_POLICY_AMENITY',			'HD_PUBLIC_SECURITY_REQUIREMENTS'),
	('HD_PUBLIC_SECURITY_IDENTITY',									'MODIFIER_PLAYER_CITIES_ADJUST_IDENTITY_PER_TURN',	'HD_PUBLIC_SECURITY_REQUIREMENTS'),
	('HD_PUBLIC_SECURITY_PRODUCTION',								'MODIFIER_PLAYER_CITIES_ATTACH_MODIFIER',						'HD_PUBLIC_SECURITY_REQUIREMENTS'),
	('HD_PUBLIC_SECURITY_PRODUCTION_MODIFIER',			'MODIFIER_CITY_DISTRICTS_ADJUST_YIELD_CHANGE',			'REQUIRES_DISTRICT_IS_DISTRICT_NEIGHBORHOOD_UDMET'),
	('HD_WATERSIDE_PAVILIONS_AMENITY',								'MODIFIER_PLAYER_DISTRICTS_ATTACH_MODIFIER',						'HD_DISTRICT_IS_NEIGHBORHOOD_OR_AQUEDUCT_REQUIREMENTS'),
	('HD_WATERSIDE_PAVILIONS_CULTURE',								'MODIFIER_PLAYER_DISTRICTS_ATTACH_MODIFIER',						'HD_DISTRICT_IS_NEIGHBORHOOD_OR_AQUEDUCT_REQUIREMENTS'),
	('HD_AIR_CONDITIONING_SYSTEM_AMENITY',						'MODIFIER_PLAYER_DISTRICTS_ATTACH_MODIFIER',						'HD_DISTRICT_IS_NEIGHBORHOOD_OR_CITY_REQUIREMENTS'),
	('HD_AIR_CONDITIONING_SYSTEM_GOLD',								'MODIFIER_PLAYER_DISTRICTS_ATTACH_MODIFIER',						'HD_DISTRICT_IS_NEIGHBORHOOD_OR_CITY_REQUIREMENTS'),
	('HD_SOCIAL_WELFARE_POP_GOLD_DEBUFF_1',						'MODIFIER_PLAYER_CITIES_ADJUST_CITY_YIELD_PER_POPULATION',		'CITY_HAS_5_POPULATION'),
	('HD_SOCIAL_WELFARE_AMENITY_1',										'MODIFIER_PLAYER_CITIES_ADJUST_POLICY_AMENITY',								'CITY_HAS_5_POPULATION'),
	('HD_SOCIAL_WELFARE_POP_GOLD_DEBUFF_2',						'MODIFIER_PLAYER_CITIES_ADJUST_CITY_YIELD_PER_POPULATION',		'CITY_HAS_10_POPULATION'),
	('HD_SOCIAL_WELFARE_AMENITY_2',										'MODIFIER_PLAYER_CITIES_ADJUST_POLICY_AMENITY',								'CITY_HAS_10_POPULATION'),
	('HD_SOCIAL_WELFARE_POP_GOLD_DEBUFF_3',						'MODIFIER_PLAYER_CITIES_ADJUST_CITY_YIELD_PER_POPULATION',		'CITY_HAS_15_POPULATION'),
	('HD_SOCIAL_WELFARE_AMENITY_3',										'MODIFIER_PLAYER_CITIES_ADJUST_POLICY_AMENITY',								'CITY_HAS_15_POPULATION'),
	('HD_SOCIAL_WELFARE_POP_GOLD_DEBUFF_4',						'MODIFIER_PLAYER_CITIES_ADJUST_CITY_YIELD_PER_POPULATION',		'CITY_HAS_20_POPULATION'),
	('HD_SOCIAL_WELFARE_AMENITY_4',										'MODIFIER_PLAYER_CITIES_ADJUST_POLICY_AMENITY',								'CITY_HAS_20_POPULATION'),
	('HD_SOCIAL_WELFARE_POP_GOLD_DEBUFF_5',						'MODIFIER_PLAYER_CITIES_ADJUST_CITY_YIELD_PER_POPULATION',		'CITY_HAS_25_POPULATION'),
	('HD_SOCIAL_WELFARE_AMENITY_5',										'MODIFIER_PLAYER_CITIES_ADJUST_POLICY_AMENITY',								'CITY_HAS_25_POPULATION'),
	('HD_SOCIAL_WELFARE_POP_GOLD_DEBUFF_6',						'MODIFIER_PLAYER_CITIES_ADJUST_CITY_YIELD_PER_POPULATION',		'CITY_HAS_30_POPULATION'),
	('HD_SOCIAL_WELFARE_AMENITY_6',										'MODIFIER_PLAYER_CITIES_ADJUST_POLICY_AMENITY',								'CITY_HAS_30_POPULATION'),
	('HD_URBAN_DIGITIZATION_ALL_YIELD_1',							'MODIFIER_PLAYER_CITIES_ADJUST_CITY_ALL_YIELDS_CHANGE',				null),
	('HD_URBAN_DIGITIZATION_HOUSE_1',									'MODIFIER_PLAYER_CITIES_ADJUST_POLICY_HOUSING',								null),
	('HD_URBAN_DIGITIZATION_ALL_YIELD_2',							'MODIFIER_PLAYER_CITIES_ADJUST_CITY_ALL_YIELDS_CHANGE',				'REQUIRES_CITY_HAS_DISTRICT_NEIGHBORHOOD_UDMET'),
	('HD_URBAN_DIGITIZATION_HOUSE_2',									'MODIFIER_PLAYER_CITIES_ADJUST_POLICY_HOUSING',								'REQUIRES_CITY_HAS_DISTRICT_NEIGHBORHOOD_UDMET'),
	('HD_URBAN_AGGLOMERATION_ALL_YIELD_1',						'MODIFIER_PLAYER_CITIES_ADJUST_CITY_ALL_YIELDS_CHANGE',				null),
	('HD_URBAN_AGGLOMERATION_HOUSE_1',								'MODIFIER_PLAYER_CITIES_ADJUST_POLICY_HOUSING',								null),
	('HD_URBAN_AGGLOMERATION_ALL_YIELD_2',						'MODIFIER_PLAYER_CITIES_ADJUST_CITY_ALL_YIELDS_CHANGE',				'REQUIRES_CITY_HAS_DISTRICT_NEIGHBORHOOD_UDMET'),
	('HD_URBAN_AGGLOMERATION_HOUSE_2',								'MODIFIER_PLAYER_CITIES_ADJUST_POLICY_HOUSING',								'REQUIRES_CITY_HAS_DISTRICT_NEIGHBORHOOD_UDMET'),
	('HD_INSULAE_HOUSE',										'MODIFIER_PLAYER_CITIES_ADJUST_POLICY_HOUSING',								'CITY_HAS_1_SPECIALTY_DISTRICT'),
	('HD_INSULAE_PRODUCTION',								'MODIFIER_PLAYER_CITIES_ADJUST_CITY_YIELD_CHANGE',						'CITY_HAS_1_SPECIALTY_DISTRICT'),
	('HD_MEDINA_QUARTER_HOUSE_1',											'MODIFIER_PLAYER_CITIES_ADJUST_POLICY_HOUSING',								null),
	('HD_MEDINA_QUARTER_PRODUCTION_1',								'MODIFIER_PLAYER_CITIES_ADJUST_CITY_YIELD_CHANGE',						null),
	('HD_CIVIL_LAW_FOOD_1',									'MODIFIER_PLAYER_CITIES_ADJUST_CITY_YIELD_CHANGE',				null),
	('HD_CIVIL_LAW_PRODUCTION_1',						'MODIFIER_PLAYER_CITIES_ADJUST_CITY_YIELD_CHANGE',				null),
	('HD_CIVIL_LAW_GOLD_1',									'MODIFIER_PLAYER_CITIES_ADJUST_CITY_YIELD_CHANGE',				null),
	('HD_CIVIL_LAW_HOUSE_1',								'MODIFIER_PLAYER_CITIES_ADJUST_POLICY_HOUSING',						null),
	('HD_CIVIL_LAW_FOOD_2',									'MODIFIER_PLAYER_CITIES_ADJUST_CITY_YIELD_CHANGE',				'REQUIRES_CITY_HAS_DISTRICT_NEIGHBORHOOD_UDMET'),
	('HD_CIVIL_LAW_PRODUCTION_2',						'MODIFIER_PLAYER_CITIES_ADJUST_CITY_YIELD_CHANGE',				'REQUIRES_CITY_HAS_DISTRICT_NEIGHBORHOOD_UDMET'),
	('HD_CIVIL_LAW_GOLD_2',									'MODIFIER_PLAYER_CITIES_ADJUST_CITY_YIELD_CHANGE',				'REQUIRES_CITY_HAS_DISTRICT_NEIGHBORHOOD_UDMET'),
	('HD_CIVIL_LAW_HOUSE_2',								'MODIFIER_PLAYER_CITIES_ADJUST_POLICY_HOUSING',						'REQUIRES_CITY_HAS_DISTRICT_NEIGHBORHOOD_UDMET'),
	('HD_MILITARY_SUPPLIER_PRODUCTION',				'MODIFIER_PLAYER_DISTRICTS_ADJUST_YIELD_CHANGE',						'DISTRICT_IS_ENCAMPMENT'),
	('HD_FAMILY_CREST_PRODUCTION_1',				'MODIFIER_PLAYER_CITIES_ADJUST_CITY_YIELD_CHANGE',						'CITY_HAS_DISTRICT_ENCAMPMENT_TIER_1_BUILDING_REQUIREMENTS'),
	('HD_FAMILY_CREST_PRODUCTION_2',				'MODIFIER_PLAYER_CITIES_ADJUST_CITY_YIELD_CHANGE',						'CITY_HAS_DISTRICT_ENCAMPMENT_TIER_2_BUILDING_REQUIREMENTS'),
	('HD_FAMILY_CREST_PRODUCTION_3',				'MODIFIER_PLAYER_CITIES_ADJUST_CITY_YIELD_CHANGE',						'CITY_HAS_DISTRICT_ENCAMPMENT_TIER_3_BUILDING_REQUIREMENTS'),
	('HD_FAMILY_CREST_CULTURE_1',				'MODIFIER_PLAYER_CITIES_ADJUST_CITY_YIELD_CHANGE',						'CITY_HAS_DISTRICT_ENCAMPMENT_TIER_1_BUILDING_REQUIREMENTS'),
	('HD_FAMILY_CREST_CULTURE_2',				'MODIFIER_PLAYER_CITIES_ADJUST_CITY_YIELD_CHANGE',						'CITY_HAS_DISTRICT_ENCAMPMENT_TIER_2_BUILDING_REQUIREMENTS'),
	('HD_FAMILY_CREST_CULTURE_3',				'MODIFIER_PLAYER_CITIES_ADJUST_CITY_YIELD_CHANGE',						'CITY_HAS_DISTRICT_ENCAMPMENT_TIER_3_BUILDING_REQUIREMENTS'),
	('MONARCHY_WALLS_FOOD',								'MODIFIER_PLAYER_CITIES_ADJUST_BUILDING_YIELD_CHANGE',	NULL),
	('MONARCHY_CASTLE_FOOD',							'MODIFIER_PLAYER_CITIES_ADJUST_BUILDING_YIELD_CHANGE',	NULL),
	('MONARCHY_STARFORT_FOOD',						'MODIFIER_PLAYER_CITIES_ADJUST_BUILDING_YIELD_CHANGE',	NULL),
	('WALLS_EARLY_FOOD',									'MODIFIER_PLAYER_CITIES_ADJUST_BUILDING_YIELD_CHANGE',	NULL),
	('MONARCHY_WALLS_PRODUCTION',					'MODIFIER_PLAYER_CITIES_ADJUST_BUILDING_YIELD_CHANGE',	NULL),
	('MONARCHY_CASTLE_PRODUCTION',				'MODIFIER_PLAYER_CITIES_ADJUST_BUILDING_YIELD_CHANGE',	NULL),
	('MONARCHY_STARFORT_PRODUCTION',			'MODIFIER_PLAYER_CITIES_ADJUST_BUILDING_YIELD_CHANGE',	NULL),
	('WALLS_EARLY_PRODUCTION',						'MODIFIER_PLAYER_CITIES_ADJUST_BUILDING_YIELD_CHANGE',	NULL),
	('HD_DA_SI_TU_CAMPUS_FOOD',					'MODIFIER_PLAYER_DISTRICTS_ADJUST_YIELD_CHANGE',	'REQUIRES_DISTRICT_IS_DISTRICT_CAMPUS_UDMET'),
	('HD_DA_SI_TU_AQUEDUCT_FOOD',				'MODIFIER_PLAYER_DISTRICTS_ADJUST_YIELD_CHANGE',	'REQUIRES_DISTRICT_IS_DISTRICT_AQUEDUCT_UDMET'),
	('HD_DA_SI_TU_CAMPUS_GOLD',					'MODIFIER_PLAYER_DISTRICTS_ADJUST_YIELD_CHANGE',	'REQUIRES_DISTRICT_IS_DISTRICT_CAMPUS_UDMET'),
	('HD_DA_SI_TU_AQUEDUCT_GOLD',				'MODIFIER_PLAYER_DISTRICTS_ADJUST_YIELD_CHANGE',	'REQUIRES_DISTRICT_IS_DISTRICT_AQUEDUCT_UDMET'),
	('HD_DA_SI_MA_PRODUCTION',					'MODIFIER_PLAYER_CITIES_ADJUST_CITY_YIELD_CHANGE',	'HD_CITY_HAS_IMPROVED_STRATEGIC_RESOURCE'),
	('HD_DA_SI_MA_GREAT_GENERAL_POINTS','MODIFIER_PLAYER_DISTRICTS_ATTACH_MODIFIER',	'REQUIRES_DISTRICT_IS_DISTRICT_CITY_CENTER_UDMET'),
	('HD_DA_SI_MA_GREAT_GENERAL_POINTS_MODIFIER','MODIFIER_PLAYER_DISTRICT_ADJUST_GREAT_PERSON_POINTS',	'HD_CITY_HAS_IMPROVED_STRATEGIC_RESOURCE'),
	('HD_GOLDEN_ELIXIR_PRODUCTION',							'MODIFIER_PLAYER_DISTRICTS_ADJUST_YIELD_CHANGE',		'REQUIRES_DISTRICT_IS_DISTRICT_HOLY_SITE_UDMET'),
	('HD_GOLDEN_ELIXIR_GREAT_SCIENTIST_POINTS', 'MODIFIER_PLAYER_DISTRICTS_ADJUST_GREAT_PERSON_POINTS',	'REQUIRES_DISTRICT_IS_DISTRICT_HOLY_SITE_UDMET'),
	('HD_DEFENSE_DEPLOYMENT_SPEED', 													'MODIFIER_PLAYER_UNITS_ADJUST_FRIENDLY_TERRITORY_START_MOVEMENT',	NULL),
	('HD_DEFENSE_DEPLOYMENT_ENCAMPMENT_PRODUCTION', 					'MODIFIER_PLAYER_CITIES_ADJUST_DISTRICT_PRODUCTION',	NULL),
	('HD_DEFENSE_DEPLOYMENT_ENCAMPMENT_BUILDINGS_PRODUCTION', 'MODIFIER_PLAYER_CITIES_ADJUST_BUILDING_PRODUCTION',	NULL),
	('HD_DEFENSE_DEPLOYMENT_HARBOR_PRODUCTION', 							'MODIFIER_PLAYER_CITIES_ADJUST_DISTRICT_PRODUCTION',	NULL),
	('HD_DEFENSE_DEPLOYMENT_HARBOR_BUILDINGS_PRODUCTION', 		'MODIFIER_PLAYER_CITIES_ADJUST_BUILDING_PRODUCTION',	NULL),
	('HD_WATER_CONSERVANCY_PROJECT_DAM_PRODUCTION',						'MODIFIER_PLAYER_CITIES_ADJUST_DISTRICT_PRODUCTION',	NULL),
	('HD_WATER_CONSERVANCY_PROJECT_CANAL_PRODUCTION',					'MODIFIER_PLAYER_CITIES_ADJUST_DISTRICT_PRODUCTION',	NULL),
	('HD_UNEMPLOYMENT_ASSIST_GOLD_DEBUFF', 							'MODIFIER_PLAYER_CITIES_ADJUST_CITY_YIELD_MODIFIER',					'CITY_HAS_0_SPECIALTY_DISTRICTS_REQUIREMENTS'),
	('HD_UNEMPLOYMENT_ASSIST_DISTRICT_1', 							'MODIFIER_PLAYER_CITIES_ADJUST_ALL_DISTRICTS_PRODUCTION',			'CITY_HAS_0_SPECIALTY_DISTRICTS_REQUIREMENTS'),
	('HD_UNEMPLOYMENT_ASSIST_BUILDING_1', 							'MODIFIER_PLAYER_CITIES_ADJUST_BUILDING_PRODUCTION_MODIFIER',	'CITY_HAS_0_SPECIALTY_DISTRICTS_REQUIREMENTS'),
	('HD_UNEMPLOYMENT_ASSIST_DISTRICT_2',								'MODIFIER_PLAYER_CITIES_ADJUST_ALL_DISTRICTS_PRODUCTION',			'CITY_HAS_0_SPECIALTY_DISTRICTS_HAS_NEIGHBORHOOD_REQUIREMENTS'),
	('HD_UNEMPLOYMENT_ASSIST_BUILDING_2',								'MODIFIER_PLAYER_CITIES_ADJUST_BUILDING_PRODUCTION_MODIFIER',	'CITY_HAS_0_SPECIALTY_DISTRICTS_HAS_NEIGHBORHOOD_REQUIREMENTS'),
	('HD_STANDARDIZED_PRODUCTION_BONUS', 								'MODIFIER_PLAYER_CITIES_ADJUST_CITY_YIELD_MODIFIER',					'HD_STANDARDIZED_PRODUCTION_REQUIREMENTS'),
	('HD_EFFECTIVE_ACCELERATIONISM_BONUS', 							'MODIFIER_PLAYER_CITIES_ADJUST_SPACE_RACE_PROJECTS_PRODUCTION',					'HD_EFFECTIVE_ACCELERATIONISM_REQUIREMENTS'),
	('HD_GREAT_AWAKENING_SCIENCE', 							'MODIFIER_PLAYER_CITIES_ADJUST_CITY_YIELD_CHANGE',					'CITY_FOLLOWS_RELIGION_REQUIREMENTS'),
	('HD_GREAT_AWAKENING_CULTURE', 							'MODIFIER_PLAYER_CITIES_ADJUST_CITY_YIELD_CHANGE',					'CITY_FOLLOWS_RELIGION_REQUIREMENTS'),
	('HD_RELIGIOUS_BROADCASTING_SCIENCE', 			'MODIFIER_PLAYER_CITIES_ADJUST_CITY_YIELD_CHANGE',					'CITY_FOLLOWS_RELIGION_REQUIREMENTS'),
	('HD_RELIGIOUS_BROADCASTING_CULTURE', 			'MODIFIER_PLAYER_CITIES_ADJUST_CITY_YIELD_CHANGE',					'CITY_FOLLOWS_RELIGION_REQUIREMENTS'),
	('HD_PETROLEUM_ECONOMICS_PRODUCTION', 			'MODIFIER_PLAYER_IMPROVEMENTS_ATTACH_MODIFIER',					'PLOT_HAS_IMPROVEMENT_OIL_WELL_OR_OFFSHORE_OIL_RIG'),
	('HD_PETROLEUM_ECONOMICS_GOLD', 						'MODIFIER_PLAYER_IMPROVEMENTS_ATTACH_MODIFIER',					'PLOT_HAS_IMPROVEMENT_OIL_WELL_OR_OFFSHORE_OIL_RIG'),
	('HD_PETROLEUM_ECONOMICS_APPEAL_DEBUFF', 		'MODIFIER_PLAYER_IMPROVEMENTS_ATTACH_MODIFIER',					'PLOT_HAS_IMPROVEMENT_OIL_WELL_OR_OFFSHORE_OIL_RIG'),
	('HD_PETROLEUM_ECONOMICS_PRODUCTION_MODIFIER', 			'MODIFIER_SINGLE_CITY_ADJUST_CITY_YIELD_MODIFIER',					Null),
	('HD_PETROLEUM_ECONOMICS_GOLD_MODIFIER', 						'MODIFIER_SINGLE_CITY_ADJUST_CITY_YIELD_MODIFIER',					Null),
	('HD_PETROLEUM_ECONOMICS_APPEAL_DEBUFF_MODIFIER', 	'MODIFIER_SINGLE_CITY_ADJUST_CITY_APPEAL',									Null),
	('HD_INTELLIGENT_TRAINING_UNIT_PRODUCTION', 	'MODIFIER_PLAYER_GOVERNMENT_FLAT_BONUS',					Null),
	('HD_CRYPTOCURRENCY_TRADE_CULTURE', 			'MODIFIER_PLAYER_ADJUST_TRADE_ROUTE_YIELD_FOR_INTERNATIONAL',					Null),
	('HD_CRYPTOCURRENCY_TRADE_SCIENCE', 			'MODIFIER_PLAYER_ADJUST_TRADE_ROUTE_YIELD_FOR_INTERNATIONAL',					Null),
	('HD_CRYPTOCURRENCY_COMMERCIAL_BONUS', 		'MODIFIER_PLAYER_DISTRICTS_ADJUST_YIELD_MODIFIER',										'DISTRICT_IS_COMMERCIAL_HUB'),
	('HD_CRYPTOCURRENCY_HARBOR_BONUS', 				'MODIFIER_PLAYER_DISTRICTS_ADJUST_YIELD_MODIFIER',										'DISTRICT_IS_HARBOR'),
	('HD_DIGITAL_TWIN_CAMPUS_BONUS', 					'MODIFIER_PLAYER_DISTRICTS_ADJUST_YIELD_MODIFIER',										'DISTRICT_IS_CAMPUS'),
	('HD_DIGITAL_TWIN_THEATER_BONUS', 				'MODIFIER_PLAYER_DISTRICTS_ADJUST_YIELD_MODIFIER',										'DISTRICT_IS_THEATER'),
	('HD_INTELLIGENT_INDUSTRY_ENCAMPMENT_BONUS', 					'MODIFIER_PLAYER_DISTRICTS_ADJUST_YIELD_MODIFIER',										'DISTRICT_IS_ENCAMPMENT'),
	('HD_INTELLIGENT_INDUSTRY_INDUSTRIAL_BONUS', 					'MODIFIER_PLAYER_DISTRICTS_ADJUST_YIELD_MODIFIER',										'DISTRICT_IS_INDUSTRIAL_ZONE'),
	('HD_INTELLIGENT_INDUSTRY_WONMDER_BONUS', 						'MODIFIER_PLAYER_CITIES_ADJUST_WONDER_ERA_PRODUCTION',								Null),
	('HD_INTELLIGENT_CITY_TRADE_FOOD', 								'MODIFIER_PLAYER_ADJUST_TRADE_ROUTE_YIELD_FOR_DOMESTIC',							Null),
	('HD_INTELLIGENT_CITY_TRADE_PRODUCTION', 					'MODIFIER_PLAYER_ADJUST_TRADE_ROUTE_YIELD_FOR_DOMESTIC',							Null),
	('HD_INTELLIGENT_CITY_DISTRICT', 									'MODIFIER_PLAYER_CITIES_ADJUST_ALL_DISTRICTS_PRODUCTION',							Null),
	('HD_INTELLIGENT_CITY_BUILDING', 									'MODIFIER_PLAYER_CITIES_ADJUST_BUILDING_PRODUCTION_MODIFIER',					Null),
	('HD_INTELLIGENT_CITY_PLOT_PURCHASE', 						'MODIFIER_PLAYER_CITIES_ADJUST_PLOT_PURCHASE_COST',										Null),
	('HD_INTELLIGENT_CITY_BUILDER', 									'MODIFIER_PLAYER_TRAINED_UNITS_ADJUST_BUILDER_CHARGES',								'UNIT_IS_BUILDER'),
	('HD_MANKIND_FUTURE_ALLIANCE_POINTS',        	'MODIFIER_PLAYER_ADJUST_ALLIANCE_POINTS',																		NULL),
	('HD_MANKIND_FUTURE_FOODTOALLY',        				'MODIFIER_PLAYER_ADJUST_TRADE_ROUTE_DESTINATION_YIELD_FOR_ALLY_ROUTE',			NULL),
	('HD_MANKIND_FUTURE_FOODFROMALLY',        			'MODIFIER_PLAYER_ADJUST_TRADE_ROUTE_ORIGIN_YIELD_FOR_ALLY_ROUTE',			NULL),
	('HD_MANKIND_FUTURE_FOODTOSUZERAIN',        		'MODIFIER_PLAYER_ADJUST_TRADE_ROUTE_DESTINATION_YIELD_FOR_SUZERAIN_ROUTE',						NULL),
	('HD_MANKIND_FUTURE_FOODFROMSUZERAIN',					'MODIFIER_PLAYER_ADJUST_TRADE_ROUTE_ORIGIN_YIELD_FOR_SUZERAIN_ROUTE',						NULL),
	('HD_MANKIND_FUTURE_PRODUCTIONTOALLY',					'MODIFIER_PLAYER_ADJUST_TRADE_ROUTE_DESTINATION_YIELD_FOR_ALLY_ROUTE',	NULL),
	('HD_MANKIND_FUTURE_PRODUCTIONFROMALLY',				'MODIFIER_PLAYER_ADJUST_TRADE_ROUTE_ORIGIN_YIELD_FOR_ALLY_ROUTE',	NULL),
	('HD_MANKIND_FUTURE_PRODUCTIONTOSUZERAIN',			'MODIFIER_PLAYER_ADJUST_TRADE_ROUTE_DESTINATION_YIELD_FOR_SUZERAIN_ROUTE',				NULL),
	('HD_MANKIND_FUTURE_PRODUCTIONFROMSUZERAIN',		'MODIFIER_PLAYER_ADJUST_TRADE_ROUTE_ORIGIN_YIELD_FOR_SUZERAIN_ROUTE',				NULL),
	('HD_MANKIND_FUTURE_CULTURETOALLY',        				'MODIFIER_PLAYER_ADJUST_TRADE_ROUTE_DESTINATION_YIELD_FOR_ALLY_ROUTE',			NULL),
	('HD_MANKIND_FUTURE_CULTUREFROMALLY',        			'MODIFIER_PLAYER_ADJUST_TRADE_ROUTE_ORIGIN_YIELD_FOR_ALLY_ROUTE',			NULL),
	('HD_MANKIND_FUTURE_CULTURETOSUZERAIN',        		'MODIFIER_PLAYER_ADJUST_TRADE_ROUTE_DESTINATION_YIELD_FOR_SUZERAIN_ROUTE',						NULL),
	('HD_MANKIND_FUTURE_CULTUREFROMSUZERAIN',					'MODIFIER_PLAYER_ADJUST_TRADE_ROUTE_ORIGIN_YIELD_FOR_SUZERAIN_ROUTE',						NULL),
	('HD_MANKIND_FUTURE_SCIENCETOALLY',        				'MODIFIER_PLAYER_ADJUST_TRADE_ROUTE_DESTINATION_YIELD_FOR_ALLY_ROUTE',			NULL),
	('HD_MANKIND_FUTURE_SCIENCEFROMALLY',        			'MODIFIER_PLAYER_ADJUST_TRADE_ROUTE_ORIGIN_YIELD_FOR_ALLY_ROUTE',			NULL),
	('HD_MANKIND_FUTURE_SCIENCETOSUZERAIN',        		'MODIFIER_PLAYER_ADJUST_TRADE_ROUTE_DESTINATION_YIELD_FOR_SUZERAIN_ROUTE',						NULL),
	('HD_MANKIND_FUTURE_SCIENCEFROMSUZERAIN',					'MODIFIER_PLAYER_ADJUST_TRADE_ROUTE_ORIGIN_YIELD_FOR_SUZERAIN_ROUTE',						NULL),
	('HD_MANKIND_FUTURE_GOLDTOALLY',        				'MODIFIER_PLAYER_ADJUST_TRADE_ROUTE_DESTINATION_YIELD_FOR_ALLY_ROUTE',			NULL),
	('HD_MANKIND_FUTURE_GOLDFROMALLY',        			'MODIFIER_PLAYER_ADJUST_TRADE_ROUTE_ORIGIN_YIELD_FOR_ALLY_ROUTE',			NULL),
	('HD_MANKIND_FUTURE_GOLDTOSUZERAIN',        		'MODIFIER_PLAYER_ADJUST_TRADE_ROUTE_DESTINATION_YIELD_FOR_SUZERAIN_ROUTE',						NULL),
	('HD_MANKIND_FUTURE_GOLDFROMSUZERAIN',					'MODIFIER_PLAYER_ADJUST_TRADE_ROUTE_ORIGIN_YIELD_FOR_SUZERAIN_ROUTE',						NULL),
	('HD_MANKIND_FUTURE_FAITHTOALLY',        				'MODIFIER_PLAYER_ADJUST_TRADE_ROUTE_DESTINATION_YIELD_FOR_ALLY_ROUTE',			NULL),
	('HD_MANKIND_FUTURE_FAITHFROMALLY',        			'MODIFIER_PLAYER_ADJUST_TRADE_ROUTE_ORIGIN_YIELD_FOR_ALLY_ROUTE',			NULL),
	('HD_MANKIND_FUTURE_FAITHTOSUZERAIN',        		'MODIFIER_PLAYER_ADJUST_TRADE_ROUTE_DESTINATION_YIELD_FOR_SUZERAIN_ROUTE',						NULL),
	('HD_MANKIND_FUTURE_FAITHFROMSUZERAIN',					'MODIFIER_PLAYER_ADJUST_TRADE_ROUTE_ORIGIN_YIELD_FOR_SUZERAIN_ROUTE',						NULL),
	('HD_DRY_STONE_PRODUCTION',										'MODIFIER_PLAYER_DISTRICTS_ADJUST_YIELD_CHANGE',						'HD_DRY_STONE_REQUIREMENTS'),
	('HD_DRY_STONE_GREAT_ENGINEER_POINTS_ATTACH',	'MODIFIER_PLAYER_DISTRICTS_ATTACH_MODIFIER',								'HD_DRY_STONE_REQUIREMENTS'),
	('HD_DRY_STONE_GREAT_ENGINEER_POINTS',				'MODIFIER_PLAYER_DISTRICT_ADJUST_GREAT_PERSON_POINTS',			NULL),
	('HD_CHARCOAL_KILN_PRODUCTION',								'MODIFIER_PLAYER_CITIES_ADJUST_CITY_YIELD_CHANGE',			'HD_CHARCOAL_KILN_REQUIREMENTS'),
	('HD_CHARCOAL_KILN_AMENITY',									'MODIFIER_PLAYER_CITIES_ADJUST_POLICY_AMENITY',					'HD_CHARCOAL_KILN_REQUIREMENTS'),
	('HD_AGRICULTURAL_MECHANIZATION_ATTACH',			'MODIFIER_PLAYER_IMPROVEMENTS_ATTACH_MODIFIER',					'PLOT_HAS_IMPROVEMENT_CLASSIFICATION_AGRICULTURAL_PRODUCTION_REQUIREMENTS'),
	('HD_AGRICULTURAL_MECHANIZATION_MODIFIER',		'MODIFIER_PLAYER_ADJUST_PLOT_YIELD',										'PLOT_HAS_IMPROVEMENT_CLASSIFICATION_AGRICULTURAL_PRODUCTION_AND_ADJACENT_TO_OWNER_REQUIREMENTS'),
	('HD_UNMANNED_FACTORY_EXTRA_GOLD_CONSUME_1',	'MODIFIER_PLAYER_CITIES_ADJUST_CITY_YIELD_CHANGE',			'CITY_HAS_DISTRICT_INDUSTRIAL_ZONE_TIER_2_BUILDING_REQUIREMENTS'),
	('HD_UNMANNED_FACTORY_EXTRA_GOLD_CONSUME_2',	'MODIFIER_PLAYER_CITIES_ADJUST_CITY_YIELD_CHANGE',			'CITY_HAS_DISTRICT_INDUSTRIAL_ZONE_TIER_3_BUILDING_REQUIREMENTS'),
	('HD_UNMANNED_FACTORY_PLOT_YIELD_ATTACH_1',		'MODIFIER_PLAYER_CITIES_ATTACH_MODIFIER',								'CITY_HAS_DISTRICT_INDUSTRIAL_ZONE_TIER_2_BUILDING_REQUIREMENTS'),
	('HD_UNMANNED_FACTORY_PLOT_YIELD_ATTACH_2',		'MODIFIER_PLAYER_CITIES_ATTACH_MODIFIER',								'CITY_HAS_DISTRICT_INDUSTRIAL_ZONE_TIER_3_BUILDING_REQUIREMENTS'),
	('HD_ROBOT_PRODUCTION_SELF_YIELD',							'MODIFIER_PLAYER_ADJUST_PLOT_YIELD',										'PLOT_HAS_ROBOT_PRODUCTION_IMPROVEMENT_REQUIREMENTS'),
	('HD_ROBOT_PRODUCTION_ADJACENT_YIELD_ATTACH',		'MODIFIER_PLAYER_IMPROVEMENTS_ATTACH_MODIFIER',					'PLOT_HAS_ROBOT_PRODUCTION_IMPROVEMENT_REQUIREMENTS'),
	('HD_ROBOT_PRODUCTION_ADJACENT_YIELD_MODIFIER',	'MODIFIER_PLAYER_ADJUST_PLOT_YIELD',										'PLOT_HAS_ROBOT_PRODUCTION_IMPROVEMENT_AND_ADJACENT_TO_OWNER_REQUIREMENTS'),
	('HD_FUTURE_COUNTER_SCIENCE_OFFENSIVE_SPY_BETTER',	'MODIFIER_PLAYER_ADJUST_SPY_BONUS',												NULL),
	('HD_FUTURE_COUNTER_SCIENCE_OFFENSIVE_SPY_SCIENCE',	'MODIFIER_PLAYER_ADJUST_TARGET_CITY_SPY_YIELD_PERCENT',		NULL),
	('HD_FUTURE_COUNTER_SCIENCE_OFFENSIVE_SPY_CULTURE',	'MODIFIER_PLAYER_ADJUST_TARGET_CITY_SPY_YIELD_PERCENT',		NULL),
	('HD_FUTURE_COUNTER_SCIENCE_OFFENSIVE_SPY_FAITH',		'MODIFIER_PLAYER_ADJUST_TARGET_CITY_SPY_YIELD_PERCENT',		NULL);

insert or replace into Modifiers
	(ModifierId,																		ModifierType,																								OwnerRequirementSetId,								SubjectRequirementSetId)
values
	('SELF_DETERMINATION_CULTURE',									'MODIFIER_PLAYER_CITIES_ADJUST_CITY_YIELD_MODIFIER',				'PLAYER_IS_AT_WAR_WITH_ANY_MAJOR',		'HD_CITY_IS_SAME_CONTINENT_REQUIREMENTS'),
	('SELF_DETERMINATION_PRODUCTION',								'MODIFIER_PLAYER_CITIES_ADJUST_CITY_YIELD_MODIFIER',				'PLAYER_IS_AT_WAR_WITH_ANY_MAJOR',		'HD_CITY_IS_SAME_CONTINENT_REQUIREMENTS'),
	('HD_WAR_ECONOMY_GOLD_DEBUFF',									'MODIFIER_PLAYER_CITIES_ADJUST_CITY_YIELD_MODIFIER',				'PLAYER_IS_AT_WAR_WITH_ANY_MAJOR',		null),
	('HD_WAR_ECONOMY_FOOD',													'MODIFIER_PLAYER_CITIES_ADJUST_CITY_YIELD_MODIFIER',				'PLAYER_IS_AT_WAR_WITH_ANY_MAJOR',		null),
	('HD_WAR_ECONOMY_PRODUCTION',										'MODIFIER_PLAYER_CITIES_ADJUST_CITY_YIELD_MODIFIER',				'PLAYER_IS_AT_WAR_WITH_ANY_MAJOR',		null),
	('HD_HERBAL_MEDICINE_POP_SCIENCE_MODIFIER',   	'MODIFIER_SINGLE_CITY_ADJUST_CITY_YIELD_PER_POPULATION',	  'HD_PLOT_HAS_RESOURCE_REQUIREMENTS',	null),
	('HD_HERBAL_MEDICINE_POP_GOLD_MODIFIER',   			'MODIFIER_SINGLE_CITY_ADJUST_CITY_YIELD_PER_POPULATION',	  'HD_PLOT_HAS_RESOURCE_REQUIREMENTS',	null),
	('HD_HERBAL_MEDICINE_SCIENTIST_POINTS_MODIFIER','MODIFIER_SINGLE_CITY_DISTRICTS_ADJUST_GREAT_PERSON_POINTS','HD_PLOT_HAS_RESOURCE_REQUIREMENTS',	'REQUIRES_DISTRICT_IS_DISTRICT_CITY_CENTER_UDMET'),
	('HD_UNMANNED_FACTORY_PLOT_YIELD_1',						'MODIFIER_CITY_PLOT_YIELDS_ADJUST_PLOT_YIELD',							'CITY_IS_POWERED',										'PLOT_HAS_IMPROVEMENT_CLASSIFICATION_INDUSTRIAL_PRODUCTION_REQUIREMENTS'),
	('HD_UNMANNED_FACTORY_PLOT_YIELD_2',						'MODIFIER_CITY_PLOT_YIELDS_ADJUST_PLOT_YIELD',							'CITY_IS_POWERED',										'PLOT_HAS_IMPROVEMENT_CLASSIFICATION_INDUSTRIAL_PRODUCTION_REQUIREMENTS');

insert or replace into Modifiers
	(ModifierId,																			ModifierType,																					SubjectRequirementSetId,								SubjectStackLimit)
values
	('WRESTING_AND_MANEUVERS_ARENA_AMENITY_MODIFIER',	'MODIFIER_PLAYER_CITIES_ADJUST_POLICY_AMENITY',				'HD_OBJECT_WITHIN_4_TILES',							1),
	('HD_SPORTS_MEET_AMENITY_1_MODIFIER',							'MODIFIER_PLAYER_CITIES_ADJUST_POLICY_AMENITY',				'HD_OBJECT_WITHIN_6_TILES',							1),
	('HD_SPORTS_MEET_AMENITY_2_MODIFIER',							'MODIFIER_PLAYER_CITIES_ADJUST_POLICY_AMENITY',				'HD_OBJECT_WITHIN_6_TILES',							1);

insert or replace into Modifiers
	(ModifierId,																			ModifierType,																					OwnerRequirementSetId,											SubjectStackLimit)
values
	('HD_WATERSIDE_PAVILIONS_AMENITY_MODIFIER',				'MODIFIER_SINGLE_CITY_ADJUST_POLICY_AMENITY',					'HD_WATERSIDE_PAVILIONS_REQUIREMENTS',			1),
	('HD_WATERSIDE_PAVILIONS_CULTURE_MODIFIER',				'MODIFIER_SINGLE_CITY_ADJUST_CITY_YIELD_CHANGE',			'HD_WATERSIDE_PAVILIONS_REQUIREMENTS',			1),
	('HD_AIR_CONDITIONING_SYSTEM_AMENITY_MODIFIER',		'MODIFIER_SINGLE_CITY_ADJUST_POLICY_AMENITY',					'HD_AIR_CONDITIONING_SYSTEM_REQUIREMENTS',	1),
	('HD_AIR_CONDITIONING_SYSTEM_GOLD_MODIFIER',			'MODIFIER_SINGLE_CITY_ADJUST_CITY_YIELD_CHANGE',			'HD_AIR_CONDITIONING_SYSTEM_REQUIREMENTS',	1);

update Modifiers set Permanent = 1 where ModifierId = 'HD_INTELLIGENT_CITY_BUILDER';

update Modifiers set ModifierType = 'MODIFIER_PLAYER_IMPROVEMENTS_ATTACH_MODIFIER', SubjectRequirementSetId = 'PLOT_HAS_IMPROVEMENT_CORPORATION_REQUIREMENTS'
	where ModifierId in ('HD_NATIONALIZATION_OF_ENTERPRISES_POP_SCIENCE', 'HD_NATIONALIZATION_OF_ENTERPRISES_POP_PRODUCTION')
	and exists (select ImprovementType from Improvements where ImprovementType = 'IMPROVEMENT_CORPORATION');

update Modifiers set SubjectRequirementSetId = 'REQUIRES_CITY_HAS_DISTRICT_DIPLOMATIC_QUARTER_UDMET' where ModifierId = 'HD_TRANSLATE_SCIENCE_0'
	and exists (select DistrictType from Districts where DistrictType = 'DISTRICT_DIPLOMATIC_QUARTER');
update Modifiers set SubjectRequirementSetId = 'CITY_HAS_DISTRICT_DIPLOMATIC_QUARTER_TIER_1_BUILDING_REQUIREMENTS' where ModifierId = 'HD_TRANSLATE_SCIENCE_1'
	and exists (select DistrictType from Districts where DistrictType = 'DISTRICT_DIPLOMATIC_QUARTER');
update Modifiers set SubjectRequirementSetId = 'CITY_HAS_DISTRICT_DIPLOMATIC_QUARTER_TIER_2_BUILDING_REQUIREMENTS' where ModifierId = 'HD_TRANSLATE_SCIENCE_2'
	and exists (select DistrictType from Districts where DistrictType = 'DISTRICT_DIPLOMATIC_QUARTER');
update Modifiers set SubjectRequirementSetId = 'CITY_HAS_DISTRICT_DIPLOMATIC_QUARTER_TIER_3_BUILDING_REQUIREMENTS' where ModifierId = 'HD_TRANSLATE_SCIENCE_3'
	and exists (select DistrictType from Districts where DistrictType = 'DISTRICT_DIPLOMATIC_QUARTER');
update Modifiers set SubjectRequirementSetId = 'REQUIRES_CITY_HAS_DISTRICT_DIPLOMATIC_QUARTER_UDMET' where ModifierId = 'HD_TRANSLATE_FAVOR_0'
	and exists (select DistrictType from Districts where DistrictType = 'DISTRICT_DIPLOMATIC_QUARTER');
update Modifiers set SubjectRequirementSetId = 'CITY_HAS_DISTRICT_DIPLOMATIC_QUARTER_TIER_1_BUILDING_REQUIREMENTS' where ModifierId = 'HD_TRANSLATE_FAVOR_1'
	and exists (select DistrictType from Districts where DistrictType = 'DISTRICT_DIPLOMATIC_QUARTER');
update Modifiers set SubjectRequirementSetId = 'CITY_HAS_DISTRICT_DIPLOMATIC_QUARTER_TIER_2_BUILDING_REQUIREMENTS' where ModifierId = 'HD_TRANSLATE_FAVOR_2'
	and exists (select DistrictType from Districts where DistrictType = 'DISTRICT_DIPLOMATIC_QUARTER');
update Modifiers set SubjectRequirementSetId = 'CITY_HAS_DISTRICT_DIPLOMATIC_QUARTER_TIER_3_BUILDING_REQUIREMENTS' where ModifierId = 'HD_TRANSLATE_FAVOR_3'
	and exists (select DistrictType from Districts where DistrictType = 'DISTRICT_DIPLOMATIC_QUARTER');

update Modifiers set ModifierType = 'MODIFIER_PLAYER_DISTRICTS_ADJUST_GREAT_PERSON_POINTS', SubjectRequirementSetId = 'HD_PLOT_HAS_DISTRICT_INDUSTRIAL_ZONE_TIER_1_BUILDING_REQUIREMENTS'
	where ModifierId = 'INVENTION_ENGINEER_WORKSHOP';

-- ModifierArguments
update ModifierArguments set Value = 50 where ModifierId = 'AESTHETICS_DISTRICTCULTURE' and Name = 'Amount';
update ModifierArguments set Value = 1 where Name = 'Amount' and (ModifierId = 'MONARCHY_WALLS_HOUSING' or ModifierId = 'MONARCHY_CASTLE_HOUSING' or ModifierId = 'MONARCHY_STARFORT_HOUSING');
update ModifierArguments set Value = 50 where Name = 'Amount' and ModifierID = 'SCRIPTURE_DISTRICTFAITH';
update ModifierArguments set Value = 2 where Name = 'Amount' and ModifierId = 'INTERNATIONALSPACEAGENCY_SCIENCEPERTRIBUTARY';
update ModifierArguments set Value = 4 where Name = 'Amount' and ModifierId = 'ECOMMERCE_TRADEROUTEPRODUCTION';
update ModifierArguments set Value = 15 where Name = 'Amount' and ModifierId = 'ECOMMERCE_TRADEROUTEGOLD';
update ModifierArguments set Value = 4 where Name = 'Amount' and ModifierId in ('INVENTION_ENGINEER_WORKSHOP', 'INVENTION_GREATENGINEERPOINTS');

insert or replace into ModifierArguments
	(ModifierId,															Name,							Value)
values
	('FREELANCERS_GARRISON_GOLD',											'YieldType',					'YIELD_GOLD'),
	('FREELANCERS_GARRISON_GOLD',											'Amount',						5),
	('MARITIME_INFRASTRUCTURE_COASTAL_CITY_PROD', 							'YieldType',					'YIELD_PRODUCTION'),
	('MARITIME_INFRASTRUCTURE_COASTAL_CITY_PROD', 							'Amount',						2),
	('SEABORNE_SUPPLY_COASTAL_CITY_PROD',									'YieldType',					'YIELD_PRODUCTION'),
	('SEABORNE_SUPPLY_COASTAL_CITY_PROD',									'Amount',						4),
	('GARRISON_RECLAMATION_ENCAMPMENT_FOOD',								'YieldType',					'YIELD_FOOD'),
	('GARRISON_RECLAMATION_ENCAMPMENT_FOOD',								'Amount',						4),
	('GARRISON_RECLAMATION_ENCAMPMENT_HOUSING',								'Amount',						2),
	('PRIMITIVE_COMMUNE_ALLCITYFOOD',										'YieldType',					'YIELD_FOOD'),
	('PRIMITIVE_COMMUNE_ALLCITYFOOD',										'Amount',						1),
	('SHAMAN_ALLCITYFAITH',													'YieldType',					'YIELD_FAITH'),
	('SHAMAN_ALLCITYFAITH',													'Amount',						1),
	('CARAVANSARIES_TRADE_FAITH',											'YieldType',					'YIELD_FAITH'),
	('CARAVANSARIES_TRADE_FAITH',											'Amount',						2),
	('CARAVANSARIES_COMMERCIAL_GOLD_BONUS',											'YieldType',					'YIELD_GOLD'),
	('CARAVANSARIES_COMMERCIAL_GOLD_BONUS',											'Amount',						50),
	('SIMULTANEUM_DISTRICTFAITH',											'YieldType',					'YIELD_FAITH'),
	('SIMULTANEUM_DISTRICTFAITH',											'Amount',						100),
	('POLICY_DOMESTIC_TRADE_ROUTE_FOOD',									'YieldType',					'YIELD_FOOD'),
	('POLICY_DOMESTIC_TRADE_ROUTE_FOOD',									'Amount',						1),
	('POLICY_DOMESTIC_TRADE_ROUTE_PRODUCTION',								'YieldType',					'YIELD_PRODUCTION'),
	('POLICY_DOMESTIC_TRADE_ROUTE_PRODUCTION',								'Amount',						1),
	('HIGHWAY_DOMESTIC_TRADE_ROUTE_FOOD',									'YieldType',					'YIELD_FOOD'),
	('HIGHWAY_DOMESTIC_TRADE_ROUTE_FOOD',									'Amount',						2),
	('HIGHWAY_DOMESTIC_TRADE_ROUTE_PRODUCTION',								'YieldType',					'YIELD_PRODUCTION'),
	('HIGHWAY_DOMESTIC_TRADE_ROUTE_PRODUCTION',								'Amount',						2),
	('SILK_ROAD_INTERNATIONAL_TRADE_ROUTE_CULTURE',							'YieldType',					'YIELD_CULTURE'),
	('SILK_ROAD_INTERNATIONAL_TRADE_ROUTE_CULTURE',							'Amount',						2),
	('SILK_ROAD_INTERNATIONAL_TRADE_ROUTE_SCIENCE',							'YieldType',					'YIELD_SCIENCE'),
	('SILK_ROAD_INTERNATIONAL_TRADE_ROUTE_SCIENCE',							'Amount',						2),
	('WRESTING_AND_MANEUVERS_ARENA_AMENITY',								'ModifierId',					'WRESTING_AND_MANEUVERS_ARENA_AMENITY_MODIFIER'),
	('WRESTING_AND_MANEUVERS_ARENA_AMENITY_MODIFIER',						'Amount',					1),
	('WALLS_EARLY_HOUSING',													'Amount',						1),
	('ANCIENTRENAISSANCEWONDER',											'Amount',						25),
	('ANCIENTRENAISSANCEWONDER',											'IsWonder',						1),
	('ANCIENTRENAISSANCEWONDER',											'StartEra',						'ERA_ANCIENT'),
	('ANCIENTRENAISSANCEWONDER',											'EndEra',						'ERA_RENAISSANCE'),
	('POLICY_WONDER_LESS_GOLD',												'YieldType',					'YIELD_GOLD'),
	('POLICY_WONDER_LESS_GOLD',												'Amount',						-25),
	('DRILL_EXPERIENCE',													'Amount',						50),
	('COMMERCIAL_HUB_INFLUENCEPOINTS',										'ModifierId',					'COMMERCIAL_HUB_INFLUENCEPOINTS_MODIFIER'),
	('COMMERCIAL_HUB_INFLUENCEPOINTS_MODIFIER',								'Amount',						1),
	('TRADE_ROUTE_GOLD_TO_CITY_STATES',										'YieldType',					'YIELD_GOLD'),
	('TRADE_ROUTE_GOLD_TO_CITY_STATES',										'Amount',						3),
	('TRIBUTE_TRADE_TOKEN_GOLD',										'YieldType',				'YIELD_GOLD'),
	('TRIBUTE_TRADE_TOKEN_GOLD',										'Amount',						1),
	('BUREAUCRATIZATION_OF_NATIVE_OFFICERS_COMMERCIAL_HUB_INFLUENCEPOINTS',					'ModifierId',					'BUREAUCRATIZATION_OF_NATIVE_OFFICERS_COMMERCIAL_HUB_INFLUENCEPOINTS_MODIFIER'),
	('BUREAUCRATIZATION_OF_NATIVE_OFFICERS_COMMERCIAL_HUB_INFLUENCEPOINTS_MODIFIER',			'Amount',						2),
	('BUREAUCRATIZATION_OF_NATIVE_OFFICERS_HARBOR_INFLUENCEPOINTS',					        'ModifierId',					'BUREAUCRATIZATION_OF_NATIVE_OFFICERS_HARBOR_INFLUENCEPOINTS_MODIFIER'),
	('BUREAUCRATIZATION_OF_NATIVE_OFFICERS_HARBOR_INFLUENCEPOINTS_MODIFIER',  			    'Amount',						2),
	('BUREAUCRATIZATION_OF_NATIVE_OFFICERS_TRADE_ROUTE_GOLD_TO_CITY_STATES',					'YieldType',					'YIELD_GOLD'),
	('BUREAUCRATIZATION_OF_NATIVE_OFFICERS_TRADE_ROUTE_GOLD_TO_CITY_STATES',					'Amount',						6),
	('BUREAUCRATIZATION_OF_NATIVE_OFFICERS_TOKEN_GOLD',					'YieldType',				'YIELD_GOLD'),
	('BUREAUCRATIZATION_OF_NATIVE_OFFICERS_TOKEN_GOLD',					'Amount',						2),
	('WIN_WIN_COMMERCIAL_HUB_INFLUENCEPOINTS',					'ModifierId',					'WIN_WIN_COMMERCIAL_HUB_INFLUENCEPOINTS_MODIFIER'),
	('WIN_WIN_COMMERCIAL_HUB_INFLUENCEPOINTS_MODIFIER',			'Amount',						4),
	('WIN_WIN_HARBOR_INFLUENCEPOINTS',					        'ModifierId',					'WIN_WIN_HARBOR_INFLUENCEPOINTS_MODIFIER'),
	('WIN_WIN_HARBOR_INFLUENCEPOINTS_MODIFIER',  			    'Amount',						4),
	('WIN_WIN_TRADE_ROUTE_GOLD_TO_CITY_STATES',					'YieldType',					'YIELD_GOLD'),
	('WIN_WIN_TRADE_ROUTE_GOLD_TO_CITY_STATES',					'Amount',						12),
	('WIN_WIN_TOKEN_GOLD',					'YieldType',				'YIELD_GOLD'),
	('WIN_WIN_TOKEN_GOLD',					'Amount',						4),
	('SOCIAL_STATISTICS_POPULATION_SCIENCE',								'YieldType',					'YIELD_SCIENCE'),
	('SOCIAL_STATISTICS_POPULATION_SCIENCE',								'Amount',						0.7),
	('SOCIAL_STATISTICS_POPULATION_CULTURE',								'YieldType',					'YIELD_CULTURE'),
	('SOCIAL_STATISTICS_POPULATION_CULTURE',								'Amount',						0.7),
	('PLUTONOMY_THEATER_GOLD_PERCENTAGE_BOOST',								'YieldType',					'YIELD_GOLD'),
	('PLUTONOMY_THEATER_GOLD_PERCENTAGE_BOOST',								'Amount',						5),
	('PLUTONOMY_CAMPUS_PRODUCTION_PERCENTAGE_BOOST',						'YieldType',					'YIELD_PRODUCTION'),
	('PLUTONOMY_CAMPUS_PRODUCTION_PERCENTAGE_BOOST',						'Amount',						5),
	('PHILOSOPHY_EDUCATION_WONDER_GREAT_PERSON_POINTS',						'Amount',						25),
	('PURITAN_WORKSHIP_GOLD_PERCENTAGE_BOOST',								'YieldType',					'YIELD_GOLD'),
	('PURITAN_WORKSHIP_GOLD_PERCENTAGE_BOOST',								'Amount',						7),
	('PURITAN_WORKSHIP_PRODUCTION_PERCENTAGE_BOOST',						'YieldType',					'YIELD_PRODUCTION'),
	('PURITAN_WORKSHIP_PRODUCTION_PERCENTAGE_BOOST',						'Amount',						7),
	('SCIENTIFIC_EXPEDITIONS_SCIENCE',										'ModifierId',					'SCIENTIFIC_EXPEDITIONS_SCIENCE_MODIFIER'),
	('SCIENTIFIC_EXPEDITIONS_SCIENCE_MODIFIER',								'YieldType',					'YIELD_SCIENCE'),
	('SCIENTIFIC_EXPEDITIONS_SCIENCE_MODIFIER',								'Amount',						3),
	('SCIENTIFIC_EXPEDITIONS_CULTURE',										'ModifierId',					'SCIENTIFIC_EXPEDITIONS_CULTURE_MODIFIER'),
	('SCIENTIFIC_EXPEDITIONS_CULTURE_MODIFIER',								'YieldType',					'YIELD_CULTURE'),
	('SCIENTIFIC_EXPEDITIONS_CULTURE_MODIFIER',								'Amount',						3),
	('SISHU_POPULATION_SCIENCE',											'YieldType',					'YIELD_SCIENCE'),
	('SISHU_POPULATION_SCIENCE',											'Amount',						0.3),
	('SISHU_POPULATION_CULTURE',											'YieldType',					'YIELD_CULTURE'),
	('SISHU_POPULATION_CULTURE',											'Amount',						0.3),
	('COMPILE_FIXED_SCIENTIST_POINTS',										'GreatPersonClassType',			'GREAT_PERSON_CLASS_SCIENTIST'),
	('COMPILE_FIXED_SCIENTIST_POINTS',										'Amount',						4),
	('COMPILE_LIBRARY_SCIENTIST_POINTS',									'GreatPersonClassType',			'GREAT_PERSON_CLASS_SCIENTIST'),
	('COMPILE_LIBRARY_SCIENTIST_POINTS',									'Amount',						2),
	('SUPPLY_LINES_MOVEMENT_BONUS',											'Amount',						2),
	('SCHOLAR_BUREAUCRAT_GREATWRITERPOINTS',								'GreatPersonClassType',			'GREAT_PERSON_CLASS_WRITER'),
	('SCHOLAR_BUREAUCRAT_GREATWRITERPOINTS',								'Amount',						4),
	('SCHOLAR_BUREAUCRAT_THEATER_TIER1_GREATWRITERPOINTS',					'GreatPersonClassType',			'GREAT_PERSON_CLASS_WRITER'),
	('SCHOLAR_BUREAUCRAT_THEATER_TIER1_GREATWRITERPOINTS',					'Amount',						2),
	('WATER_TRANSPORT_DOMESTIC_TRADE_ROUTE_FOOD',							'YieldType',					'YIELD_FOOD'),
	('WATER_TRANSPORT_DOMESTIC_TRADE_ROUTE_FOOD',							'Amount',						3),
	('WATER_TRANSPORT_DOMESTIC_TRADE_ROUTE_PRODUCTION',						'YieldType',					'YIELD_PRODUCTION'),
	('WATER_TRANSPORT_DOMESTIC_TRADE_ROUTE_PRODUCTION',						'Amount',						3),
	('NEW_ROUTE_INTERNATIONAL_TRADE_ROUTE_CULTURE',							'YieldType',					'YIELD_CULTURE'),
	('NEW_ROUTE_INTERNATIONAL_TRADE_ROUTE_CULTURE',							'Amount',						3),
	('NEW_ROUTE_INTERNATIONAL_TRADE_ROUTE_SCIENCE',							'YieldType',					'YIELD_SCIENCE'),
	('NEW_ROUTE_INTERNATIONAL_TRADE_ROUTE_SCIENCE',							'Amount',						3),
	('TEXTBOOK_FIXED_SCIENTIST_POINTS',										'GreatPersonClassType',			'GREAT_PERSON_CLASS_SCIENTIST'),
	('TEXTBOOK_FIXED_SCIENTIST_POINTS',										'Amount',						4),
	('TEXTBOOK_TIER2_SCIENTIST_POINTS',										'GreatPersonClassType',			'GREAT_PERSON_CLASS_SCIENTIST'),
	('TEXTBOOK_TIER2_SCIENTIST_POINTS',										'Amount',						4),
	('HD_SPORTS_MEDIA_GOLD_BONUS',													'YieldType',				'YIELD_GOLD'),
	('HD_SPORTS_MEDIA_GOLD_BONUS',													'Amount',						10),
	('HD_SPORTS_MEDIA_CULTURE_BONUS',												'YieldType',				'YIELD_CULTURE'),
	('HD_SPORTS_MEDIA_CULTURE_BONUS',												'Amount',						10),
	('HD_SPORTS_MEDIA_WONDER_TOURISM',											'BoostsWonders',		1),
	('HD_SPORTS_MEDIA_WONDER_TOURISM',											'ScalingFactor',		200),
	('DEEPWATERPORT_GOLD',													'YieldType',					'YIELD_GOLD'),
	('DEEPWATERPORT_GOLD',													'Amount',						6),
	('DEEPWATERPORT_HOUSING',												'Amount',						3), 
	('HD_GREEN_CITY_WONDER_TOURISM',										'BoostsWonders',				1),
	('HD_GREEN_CITY_WONDER_TOURISM',										'ScalingFactor',				300),
	('HD_GREEN_CITY_NATIONALPARK_TOURISM',									'ModifierId',					'HD_GREEN_CITY_NATIONALPARK_TOURISM_MODIFIER'),
	('HD_GREEN_CITY_NATIONALPARK_TOURISM_MODIFIER',							'Amount',						200),
	('TRAVEL_BLOGGER_TOURISM',												'Amount', 						200),
	('INFRASTRUCTURE_CONSTRUCTION_AQUEDUCT',                    			'DistrictType',                 'DISTRICT_AQUEDUCT'),
	('INFRASTRUCTURE_CONSTRUCTION_AQUEDUCT',                    			'Amount',                       50),
	('INFRASTRUCTURE_CONSTRUCTION_AQUEDUCT_BUILDING',                    	'DistrictType',                 'DISTRICT_AQUEDUCT'),
	('INFRASTRUCTURE_CONSTRUCTION_AQUEDUCT_BUILDING',                    	'Amount',                       50),
	('INFRASTRUCTURE_CONSTRUCTION_DAM',                    					'DistrictType',                 'DISTRICT_DAM'),
	('INFRASTRUCTURE_CONSTRUCTION_DAM',                    					'Amount',                       50),
	('INFRASTRUCTURE_CONSTRUCTION_DAM_BUILDING',                    		'DistrictType',                 'DISTRICT_DAM'),
	('INFRASTRUCTURE_CONSTRUCTION_DAM_BUILDING',                    		'Amount',                       50),
	('INFRASTRUCTURE_CONSTRUCTION_CANAL',                    				'DistrictType',                 'DISTRICT_CANAL'),
	('INFRASTRUCTURE_CONSTRUCTION_CANAL',                    				'Amount',                       50),
	('INFRASTRUCTURE_CONSTRUCTION_CANAL_BUILDING',                    		'DistrictType',                 'DISTRICT_CANAL'),
	('INFRASTRUCTURE_CONSTRUCTION_CANAL_BUILDING',                    		'Amount',                       50),
	('INFRASTRUCTURE_CONSTRUCTION_NEIGHBORHOOD',                    		'DistrictType',                 'DISTRICT_NEIGHBORHOOD'),
	('INFRASTRUCTURE_CONSTRUCTION_NEIGHBORHOOD',                    		'Amount',                       50),
	('INFRASTRUCTURE_CONSTRUCTION_NEIGHBORHOOD_BUILDING',                   'DistrictType',                 'DISTRICT_NEIGHBORHOOD'),
	('INFRASTRUCTURE_CONSTRUCTION_NEIGHBORHOOD_BUILDING',                   'Amount',                       50),
	('RAJ_CAPTURED_CITY_CULTURE',											'YieldType',					'YIELD_CULTURE'),
	('RAJ_CAPTURED_CITY_CULTURE',											'Amount',						2),
	('RAJ_CAPTURED_CITY_SCIENCE',											'YieldType',					'YIELD_SCIENCE'),
	('RAJ_CAPTURED_CITY_SCIENCE',											'Amount',						2),
	('RAJ_CAPTURED_CITY_GOLD',												'YieldType',					'YIELD_GOLD'),
	('RAJ_CAPTURED_CITY_GOLD',												'Amount',						2),
	('RAJ_CAPTURED_CITY_FAITH',												'YieldType',					'YIELD_FAITH'),
	('RAJ_CAPTURED_CITY_FAITH',												'Amount',						2),
	('INTERNATIONALISM_DELEGATION_FAVOR',									'Amount',						3),
	('INTERNATIONALISM_EMBASSY_FAVOR',										'Amount',						3),
	('INTERNATIONALISM_INFLUENCE_POINTS',									'BonusType',					'GOVERNMENTBONUS_ENVOYS'),
	('INTERNATIONALISM_INFLUENCE_POINTS',									'Amount',						30),
	('SOCIAL_DARWINISM_CULTURE_ATTACH',										'ModifierId',					'SOCIAL_DARWINISM_CULTURE'),
	('SOCIAL_DARWINISM_SCIENCE_ATTACH',										'ModifierId',					'SOCIAL_DARWINISM_SCIENCE'),
	('SOCIAL_DARWINISM_CULTURE',											'YieldType',					'YIELD_CULTURE'),
	('SOCIAL_DARWINISM_CULTURE',											'Amount',						1),
	('SOCIAL_DARWINISM_SCIENCE',											'YieldType',					'YIELD_SCIENCE'),
	('SOCIAL_DARWINISM_SCIENCE',											'Amount',						1),
	('CITY_CENTRALIZATION_ALLCITYALLYIELD',									'Amount',						2),
	('HAJJ_SCIENCEPERTRIBUTARY',											'YieldType',					'YIELD_SCIENCE'),
	('HAJJ_SCIENCEPERTRIBUTARY',											'Amount',						1),
	('HAJJ_FAITHPERTRIBUTARY',											'YieldType',					'YIELD_FAITH'),
	('HAJJ_FAITHPERTRIBUTARY',											'Amount',						1),
	('HAJJ_GOLDPERTRIBUTARY',											'YieldType',					'YIELD_GOLD'),
	('HAJJ_GOLDPERTRIBUTARY',											'Amount',						1),
	('MARTIAL_ELECTION_GREAT_GENERAL_POINTS',								'GreatPersonClassType',			'GREAT_PERSON_CLASS_GENERAL'),
	('MARTIAL_ELECTION_GREAT_GENERAL_POINTS',								'Amount',						4),
	('MARTIAL_ELECTION_BUILDING_GREAT_GENERAL_POINTS',						'GreatPersonClassType',			'GREAT_PERSON_CLASS_GENERAL'),
	('MARTIAL_ELECTION_BUILDING_GREAT_GENERAL_POINTS',						'Amount',						2),
	('HD_MILITARY_ORGANIZATION_GREATGENERAL_1',						'GreatPersonClassType',			'GREAT_PERSON_CLASS_GENERAL'),
	('HD_MILITARY_ORGANIZATION_GREATGENERAL_1',						'Amount',						4),
	('HD_MILITARY_ORGANIZATION_GREATGENERAL_2',						'GreatPersonClassType',			'GREAT_PERSON_CLASS_GENERAL'),
	('HD_MILITARY_ORGANIZATION_GREATGENERAL_2',						'Amount',						4),
	('HD_MILITARY_ORGANIZATION_GREATGENERAL_3',						'GreatPersonClassType',			'GREAT_PERSON_CLASS_GENERAL'),
	('HD_MILITARY_ORGANIZATION_GREATGENERAL_3',						'Amount',						4),
	('GLADIATORIAL_GAME_ENTERTAINMENT_PRODUCTION',	 						'DistrictType',					'DISTRICT_ENTERTAINMENT_COMPLEX'),
	('GLADIATORIAL_GAME_ENTERTAINMENT_PRODUCTION',	  						'Amount',						50),
	('GLADIATORIAL_GAME_ENTERTAINMENT_BUILDING_PRODUCTION',	 				'DistrictType',					'DISTRICT_ENTERTAINMENT_COMPLEX'),
	('GLADIATORIAL_GAME_ENTERTAINMENT_BUILDING_PRODUCTION',	  				'Amount',						50),
	('HARBOR_HUB_INFLUENCEPOINTS',										    'ModifierId',					'HARBOR_HUB_INFLUENCEPOINTS_MODIFIER'),
	('HARBOR_HUB_INFLUENCEPOINTS_MODIFIER',								    'Amount',						1),
	('WEAPONS_MANAGEMENT_SERVICE_ENCAMPMENT_DOUBLE_1',	'YieldType',		'YIELD_PRODUCTION'),
	('WEAPONS_MANAGEMENT_SERVICE_ENCAMPMENT_DOUBLE_1',	'Amount',			100),
	('LIGHTNING_WARFARE_CAVALRY_MOVEMENT',	'Amount',	1),
	('LIGHTNING_WARFARE_CAVALRY_STRENGTH',	'Amount',	5),
	('HD_POLICY_I_PROMISE_ALLIANCE_POINTS',					'Amount',							2),
	('HD_POLICY_I_PROMISE_FOODTOALLY',						'YieldType',						'YIELD_FOOD'),        		
	('HD_POLICY_I_PROMISE_PRODUCTIONTOALLY',				'YieldType',						'YIELD_PRODUCTION'),         
	('HD_POLICY_I_PROMISE_FOODFROMALLY',					'YieldType',						'YIELD_FOOD'),         	
	('HD_POLICY_I_PROMISE_PRODUCTIONFROMALLY',				'YieldType',						'YIELD_PRODUCTION'),
	('HD_POLICY_I_PROMISE_FOODTOSUZERAIN',					'YieldType',						'YIELD_FOOD'),        		
	('HD_POLICY_I_PROMISE_PRODUCTIONTOSUZERAIN',			'YieldType',						'YIELD_PRODUCTION'),         
	('HD_POLICY_I_PROMISE_FOODFROMSUZERAIN',				'YieldType',						'YIELD_FOOD'),         	
	('HD_POLICY_I_PROMISE_PRODUCTIONFROMSUZERAIN',			'YieldType',						'YIELD_PRODUCTION'),   	
	('HD_POLICY_I_PROMISE_FOODTOALLY',						'Amount',							1),        		
	('HD_POLICY_I_PROMISE_PRODUCTIONTOALLY',				'Amount',							1),        
	('HD_POLICY_I_PROMISE_FOODFROMALLY',					'Amount',							1),        	
	('HD_POLICY_I_PROMISE_PRODUCTIONFROMALLY',				'Amount',							1),
	('HD_POLICY_I_PROMISE_FOODTOSUZERAIN',					'Amount',							1),        		
	('HD_POLICY_I_PROMISE_PRODUCTIONTOSUZERAIN',			'Amount',							1),        
	('HD_POLICY_I_PROMISE_FOODFROMSUZERAIN',				'Amount',							1),        	
	('HD_POLICY_I_PROMISE_PRODUCTIONFROMSUZERAIN',			'Amount',							1),
	('HD_MILITARY_RESEARCH_INDUSTRIAL_SCIENCE',									'YieldType',				'YIELD_SCIENCE'),
	('HD_MILITARY_RESEARCH_INDUSTRIAL_SCIENCE',									'Amount',						6),
	('HD_MILITARY_RESEARCH_INDUSTRIAL_PRODUCTION',							'YieldType',				'YIELD_PRODUCTION'),
	('HD_MILITARY_RESEARCH_INDUSTRIAL_PRODUCTION',							'Amount',						6),
	('HD_MILITARY_RESEARCH_ENCAMPMENT_SCIENCE',									'YieldType',				'YIELD_SCIENCE'),
	('HD_MILITARY_RESEARCH_ENCAMPMENT_SCIENCE',									'Amount',						6),
	('HD_MILITARY_RESEARCH_ENCAMPMENT_PRODUCTION',							'YieldType',				'YIELD_PRODUCTION'),
	('HD_MILITARY_RESEARCH_ENCAMPMENT_PRODUCTION',							'Amount',						6),
	('HD_MILITARY_RESEARCH_HARBOR_SCIENCE',											'YieldType',				'YIELD_SCIENCE'),
	('HD_MILITARY_RESEARCH_HARBOR_SCIENCE',											'Amount',						6),
	('HD_MILITARY_RESEARCH_HARBOR_PRODUCTION',									'YieldType',				'YIELD_PRODUCTION'),
	('HD_MILITARY_RESEARCH_HARBOR_PRODUCTION',									'Amount',						6),
	('HD_MILITARY_RESEARCH_WALLS_SCIENCE',											'YieldType',				'YIELD_SCIENCE'),
	('HD_MILITARY_RESEARCH_WALLS_SCIENCE',											'Amount',						6),
	('HD_MILITARY_RESEARCH_WALLS_SCIENCE',											'BuildingType',			'BUILDING_STAR_FORT'),
	('HD_MILITARY_RESEARCH_WALLS_PRODUCTION',										'YieldType',				'YIELD_PRODUCTION'),
	('HD_MILITARY_RESEARCH_WALLS_PRODUCTION',										'Amount',						6),
	('HD_MILITARY_RESEARCH_WALLS_PRODUCTION',										'BuildingType',			'BUILDING_STAR_FORT'),
	('POLICY_RATIONALISM_POP_SCIENCE_1',					'YieldType',											'YIELD_SCIENCE'),
	('POLICY_RATIONALISM_POP_SCIENCE_1',					'Amount',													0.3),
	('POLICY_RATIONALISM_POP_SCIENCE_2',					'YieldType',											'YIELD_SCIENCE'),
	('POLICY_RATIONALISM_POP_SCIENCE_2',					'Amount',													0.3),
	('POLICY_RATIONALISM_POP_SCIENCE_3',					'YieldType',											'YIELD_SCIENCE'),
	('POLICY_RATIONALISM_POP_SCIENCE_3',					'Amount',													0.3),
	('POLICY_RATIONALISM_POP_SCIENCE_4',					'YieldType',											'YIELD_SCIENCE'),
	('POLICY_RATIONALISM_POP_SCIENCE_4',					'Amount',													0.3),
	('POLICY_FREE_MARKET_POP_GOLD_1',							'YieldType',											'YIELD_GOLD'),
	('POLICY_FREE_MARKET_POP_GOLD_1',							'Amount',													0.8),
	('POLICY_FREE_MARKET_POP_GOLD_2',							'YieldType',											'YIELD_GOLD'),
	('POLICY_FREE_MARKET_POP_GOLD_2',							'Amount',													0.8),
	('POLICY_FREE_MARKET_POP_GOLD_3',							'YieldType',											'YIELD_GOLD'),
	('POLICY_FREE_MARKET_POP_GOLD_3',							'Amount',													0.8),
	('POLICY_FREE_MARKET_POP_GOLD_4',							'YieldType',											'YIELD_GOLD'),
	('POLICY_FREE_MARKET_POP_GOLD_4',							'Amount',													0.8),
	('POLICY_GRAND_OPERA_POP_CULTURE_1',					'YieldType',											'YIELD_CULTURE'),
	('POLICY_GRAND_OPERA_POP_CULTURE_1',					'Amount',													0.3),
	('POLICY_GRAND_OPERA_POP_CULTURE_2',					'YieldType',											'YIELD_CULTURE'),
	('POLICY_GRAND_OPERA_POP_CULTURE_2',					'Amount',													0.3),
	('POLICY_GRAND_OPERA_POP_CULTURE_3',					'YieldType',											'YIELD_CULTURE'),
	('POLICY_GRAND_OPERA_POP_CULTURE_3',					'Amount',													0.3),
	('POLICY_MINARET_POP_FAITH_1',								'YieldType',											'YIELD_FAITH'),
	('POLICY_MINARET_POP_FAITH_1',								'Amount',													0.5),
	('POLICY_MINARET_POP_FAITH_2',								'YieldType',											'YIELD_FAITH'),
	('POLICY_MINARET_POP_FAITH_2',								'Amount',													0.5),
	('POLICY_MINARET_POP_FAITH_3',								'YieldType',											'YIELD_FAITH'),
	('POLICY_MINARET_POP_FAITH_3',								'Amount',													0.5),
	('DIPLOMATIC_LEAGUE_INFLUENCEPOINTS',										'Amount',				6),
	('TRAVELING_MERCHANTS_MARKET',													'GreatPersonClassType',	'GREAT_PERSON_CLASS_MERCHANT'),
	('TRAVELING_MERCHANTS_MARKET',													'Amount',				4),
	('NAVIGATION_ADMIRAL_LIGHTHOUSE',												'GreatPersonClassType',	'GREAT_PERSON_CLASS_ADMIRAL'),
	('NAVIGATION_ADMIRAL_LIGHTHOUSE',												'Amount',				4),
	('SERFDOM_BUILDERPRODUCTION',														'UnitType',				'UNIT_BUILDER'),
	('SERFDOM_BUILDERPRODUCTION',														'Amount',				50),
	('COLONIALOFFICES_FOREIGNFOOD',													'YieldType',			'YIELD_FOOD'),
	('COLONIALOFFICES_FOREIGNFOOD',													'Amount',				5),
	('COLONIALOFFICES_FOREIGNFOODPERCENTAGE',								'Amount',				10),
	('HD_WORRIER_CLASS_FOOD',											'YieldType',				'YIELD_FOOD'),
	('HD_WORRIER_CLASS_FOOD',											'Amount',						1),
	('HD_WORRIER_CLASS_PRODUCTION',								'YieldType',				'YIELD_PRODUCTION'),
	('HD_WORRIER_CLASS_PRODUCTION',								'Amount',						1),
	('HD_MUDBRICK_WHARF_HARBOR_PRODUCTION',				'DistrictType',			'DISTRICT_HARBOR'),
	('HD_MUDBRICK_WHARF_HARBOR_PRODUCTION',				'Amount',						30),
	('HD_GULF_TRADE_HARBOR_BONUS',								'YieldType',				'YIELD_GOLD'),
	('HD_GULF_TRADE_HARBOR_BONUS',								'Amount',						50),
	('HD_GULF_TRADE_TRADE_GOLD_1',								'YieldType',				'YIELD_GOLD'),
	('HD_GULF_TRADE_TRADE_GOLD_1',								'Amount',						3),
	('HD_GULF_TRADE_TRADE_GOLD_2',								'YieldType',				'YIELD_GOLD'),
	('HD_GULF_TRADE_TRADE_GOLD_2',								'Amount',						3),
	('HD_MONUMENT_CEREMONY_MONUMENT_PRODUCTION',	'BuildingType',			'BUILDING_MONUMENT'),
	('HD_MONUMENT_CEREMONY_MONUMENT_PRODUCTION',	'Amount',						30),
	('HD_MONUMENT_CEREMONY_MONUMENT_FAITH',	'BuildingType',			'BUILDING_MONUMENT'),
	('HD_MONUMENT_CEREMONY_MONUMENT_FAITH',	'YieldType',				'YIELD_FAITH'),
	('HD_MONUMENT_CEREMONY_MONUMENT_FAITH',	'Amount',						1),
	('HD_HUMAN_SACRIFICE_KILL_FAITH',							'YieldType',				'YIELD_FAITH'),
	('HD_HUMAN_SACRIFICE_KILL_FAITH',							'PercentDefeatedStrength',50),
	('HD_SECULAR_LITERATURE_THEATER_BONUS',				'YieldType',				'YIELD_CULTURE'),
	('HD_SECULAR_LITERATURE_THEATER_BONUS',				'Amount',						100),
	('HD_HERBAL_MEDICINE_POP_SCIENCE',								'ModifierId',				'HD_HERBAL_MEDICINE_POP_SCIENCE_MODIFIER'),
	('HD_HERBAL_MEDICINE_POP_SCIENCE_MODIFIER',				'YieldType',				'YIELD_SCIENCE'),
	('HD_HERBAL_MEDICINE_POP_SCIENCE_MODIFIER',				'Amount',						0.3),
	('HD_HERBAL_MEDICINE_POP_GOLD',										'ModifierId',				'HD_HERBAL_MEDICINE_POP_GOLD_MODIFIER'),
	('HD_HERBAL_MEDICINE_POP_GOLD_MODIFIER',					'YieldType',				'YIELD_GOLD'),
	('HD_HERBAL_MEDICINE_POP_GOLD_MODIFIER',					'Amount',						1),
	('HD_HERBAL_MEDICINE_SCIENTIST_POINTS',						'ModifierId',				'HD_HERBAL_MEDICINE_SCIENTIST_POINTS_MODIFIER'),
	('HD_HERBAL_MEDICINE_SCIENTIST_POINTS_MODIFIER',	'GreatPersonClassType',			'GREAT_PERSON_CLASS_SCIENTIST'),
	('HD_HERBAL_MEDICINE_SCIENTIST_POINTS_MODIFIER',	'Amount',										8),
	('HD_HUMAN_RESOURCES_POP_GOLD_1',							'YieldType',				'YIELD_GOLD'),
	('HD_HUMAN_RESOURCES_POP_GOLD_1',							'Amount',						0.8),
	('HD_HUMAN_RESOURCES_POP_PRODUCTION_1',				'YieldType',				'YIELD_PRODUCTION'),
	('HD_HUMAN_RESOURCES_POP_PRODUCTION_1',				'Amount',						0.3),
	('HD_HUMAN_RESOURCES_POP_GOLD_2',							'YieldType',				'YIELD_GOLD'),
	('HD_HUMAN_RESOURCES_POP_GOLD_2',							'Amount',						0.8),
	('HD_HUMAN_RESOURCES_POP_PRODUCTION_2',				'YieldType',				'YIELD_PRODUCTION'),
	('HD_HUMAN_RESOURCES_POP_PRODUCTION_2',				'Amount',						0.3),
	('HD_HUMAN_RESOURCES_POP_GOLD_3',							'YieldType',				'YIELD_GOLD'),
	('HD_HUMAN_RESOURCES_POP_GOLD_3',							'Amount',						0.8),
	('HD_HUMAN_RESOURCES_POP_PRODUCTION_3',				'YieldType',				'YIELD_PRODUCTION'),
	('HD_HUMAN_RESOURCES_POP_PRODUCTION_3',				'Amount',						0.3),
	('HD_MODERNIST_LITERATURE_WRITING_TOURISM',		'ScalingFactor',				300),
	('HD_MODERNIST_LITERATURE_WRITING_TOURISM',		'GreatWorkObjectType',	'GREATWORKOBJECT_WRITING'),
	('HD_DA_SI_KONG_INDUSTRIAL_BONUS',						'YieldType',				'YIELD_PRODUCTION'),
	('HD_DA_SI_KONG_INDUSTRIAL_BONUS',						'Amount',						50),
	('HD_MILITARY_CONSTRUCTION_ENCAMPMENT_BONUS',	'YieldType',				'YIELD_PRODUCTION'),
	('HD_MILITARY_CONSTRUCTION_ENCAMPMENT_BONUS',	'Amount',						100),
	('HD_MILITARY_CONSTRUCTION_INDUSTRIAL_BONUS',	'YieldType',				'YIELD_PRODUCTION'),
	('HD_MILITARY_CONSTRUCTION_INDUSTRIAL_BONUS',	'Amount',						100),
	('HD_FIVE_YEAR_PLAN_THEATER_BONUS',						'YieldType',				'YIELD_CULTURE'),
	('HD_FIVE_YEAR_PLAN_THEATER_BONUS',						'Amount',						100),
	('POLICY_HD_PORT_CARGO_POP_PRODUCTION_1',			'YieldType',				'YIELD_PRODUCTION'),
	('POLICY_HD_PORT_CARGO_POP_PRODUCTION_1',			'Amount',						0.3),
	('POLICY_HD_PORT_CARGO_POP_PRODUCTION_2',			'YieldType',				'YIELD_PRODUCTION'),
	('POLICY_HD_PORT_CARGO_POP_PRODUCTION_2',			'Amount',						0.3),
	('POLICY_HD_PORT_CARGO_POP_PRODUCTION_3',			'YieldType',				'YIELD_PRODUCTION'),
	('POLICY_HD_PORT_CARGO_POP_PRODUCTION_3',			'Amount',						0.3),
	('POLICY_HD_DEMOGRAPHIC_STATISTICS_NEIGHBORHOOD_PRODUCTION',			'YieldType',				'YIELD_PRODUCTION'),
	('POLICY_HD_DEMOGRAPHIC_STATISTICS_NEIGHBORHOOD_PRODUCTION',			'Amount',						1),
	('POLICY_HD_DEMOGRAPHIC_STATISTICS_POP_GOLD',			'YieldType',				'YIELD_GOLD'),
	('POLICY_HD_DEMOGRAPHIC_STATISTICS_POP_GOLD',			'Amount',						1),
	('POLICY_HD_BLOCKCHAIN_POP_SCIENCE',			'YieldType',				'YIELD_SCIENCE'),
	('POLICY_HD_BLOCKCHAIN_POP_SCIENCE',			'Amount',						1.5),
	('POLICY_HD_BLOCKCHAIN_POP_CULTURE',			'YieldType',				'YIELD_CULTURE'),
	('POLICY_HD_BLOCKCHAIN_POP_CULTURE',			'Amount',						1.5),
	('POLICY_HD_BLOCKCHAIN_POP_GOLD',					'YieldType',				'YIELD_GOLD'),
	('POLICY_HD_BLOCKCHAIN_POP_GOLD',					'Amount',						3),
	('POLICY_HD_BLOCKCHAIN_POP_GOLD_2',				'YieldType',				'YIELD_GOLD'),
	('POLICY_HD_BLOCKCHAIN_POP_GOLD_2',				'Amount',						3),
	('POLICY_HD_REINDUSTRIALIZATION_TOURISM_DEBUFF',		'Amount',						-50),
	('POLICY_HD_REINDUSTRIALIZATION_POP_PRODUCTION',		'YieldType',				'YIELD_PRODUCTION'),
	('POLICY_HD_REINDUSTRIALIZATION_POP_PRODUCTION',		'Amount',						1),
	('POLICY_HD_REINDUSTRIALIZATION_POP_FAITH',					'YieldType',				'YIELD_FAITH'),
	('POLICY_HD_REINDUSTRIALIZATION_POP_FAITH',					'Amount',						2),
	('POLICY_HD_REINDUSTRIALIZATION_POP_GOLD',					'YieldType',				'YIELD_GOLD'),
	('POLICY_HD_REINDUSTRIALIZATION_POP_GOLD',					'Amount',						3),
	('COMPULSORY_EDUCATION_POPULATION_SCIENCE',								'YieldType',				'YIELD_SCIENCE'),
	('COMPULSORY_EDUCATION_POPULATION_SCIENCE',								'Amount',						0.5),
	('COMPULSORY_EDUCATION_POPULATION_CULTURE',								'YieldType',				'YIELD_CULTURE'),
	('COMPULSORY_EDUCATION_POPULATION_CULTURE',								'Amount',						0.5),
	('MERCHANT_CONFEDERATION_INDUSTRIAL_ZONE_RANGE_BONUS',								'Amount',						3),
	('GOD_KING_POP_FAITH',								'Amount',						0.5),
	('GOD_KING_POP_FAITH',								'YieldType',				'YIELD_FAITH'),
	('HD_ORACLE_FAITH',								'Amount',						2),
	('HD_ORACLE_FAITH',								'YieldType',				'YIELD_FAITH'),
	('INTANGIBLE_TRADE_CULTURE',								'YieldType',				'YIELD_SCIENCE'),
	('INTANGIBLE_TRADE_CULTURE',								'Amount',						5),
	('INTANGIBLE_TRADE_SCIENCE',								'YieldType',				'YIELD_CULTURE'),
	('INTANGIBLE_TRADE_SCIENCE',								'Amount',						5),
	('NATIONAL_DEFENSE_ROAD_FOOD',								'YieldType',				'YIELD_FOOD'),
	('NATIONAL_DEFENSE_ROAD_FOOD',								'Amount',						4),
	('NATIONAL_DEFENSE_ROAD_PRODUCTION',								'YieldType',				'YIELD_PRODUCTION'),
	('NATIONAL_DEFENSE_ROAD_PRODUCTION',								'Amount',						4),
	('EXCHANGE_RATE_REGULATION_GOLD',								'YieldType',				'YIELD_GOLD'),
	('EXCHANGE_RATE_REGULATION_GOLD',								'Amount',						9),
	('EXCHANGE_RATE_REGULATION_PRODUCTION',								'YieldType',				'YIELD_PRODUCTION'),
	('EXCHANGE_RATE_REGULATION_PRODUCTION',								'Amount',						2),
	('HD_INTERNATIONAL_AID_ALLIANCE_POINTS',					'Amount',							2),
	('HD_INTERNATIONAL_AID_FOODTOALLY',								'YieldType',					'YIELD_FOOD'),
	('HD_INTERNATIONAL_AID_FOODFROMALLY',							'YieldType',					'YIELD_FOOD'),
	('HD_INTERNATIONAL_AID_FOODTOSUZERAIN',						'YieldType',					'YIELD_FOOD'),
	('HD_INTERNATIONAL_AID_FOODFROMSUZERAIN',					'YieldType',					'YIELD_FOOD'),
	('HD_INTERNATIONAL_AID_PRODUCTIONTOALLY',					'YieldType',					'YIELD_PRODUCTION'),
	('HD_INTERNATIONAL_AID_PRODUCTIONFROMALLY',				'YieldType',					'YIELD_PRODUCTION'),
	('HD_INTERNATIONAL_AID_PRODUCTIONTOSUZERAIN',			'YieldType',					'YIELD_PRODUCTION'),
	('HD_INTERNATIONAL_AID_PRODUCTIONFROMSUZERAIN',		'YieldType',					'YIELD_PRODUCTION'),
	('HD_INTERNATIONAL_AID_FOODTOALLY',								'Amount',							4),
	('HD_INTERNATIONAL_AID_FOODFROMALLY',							'Amount',							4),
	('HD_INTERNATIONAL_AID_FOODTOSUZERAIN',						'Amount',							4),
	('HD_INTERNATIONAL_AID_FOODFROMSUZERAIN',					'Amount',							4),
	('HD_INTERNATIONAL_AID_PRODUCTIONTOALLY',					'Amount',							4),
	('HD_INTERNATIONAL_AID_PRODUCTIONFROMALLY',				'Amount',							4),
	('HD_INTERNATIONAL_AID_PRODUCTIONTOSUZERAIN',			'Amount',							4),
	('HD_INTERNATIONAL_AID_PRODUCTIONFROMSUZERAIN',		'Amount',							4),
	('SELF_DETERMINATION_CULTURE',					'YieldType',					'YIELD_CULTURE'),
	('SELF_DETERMINATION_CULTURE',					'Amount',							5),
	('SELF_DETERMINATION_PRODUCTION',				'YieldType',					'YIELD_PRODUCTION'),
	('SELF_DETERMINATION_PRODUCTION',				'Amount',							5),
	('HD_CHEONGWAN_GREAT_SCIENTIST_ATTACH',				'ModifierId',						'HD_CHEONGWAN_GREAT_SCIENTIST_POINTS'),
	('HD_CHEONGWAN_GREAT_SCIENTIST_POINTS',				'GreatPersonClassType',	'GREAT_PERSON_CLASS_SCIENTIST'),
	('HD_CHEONGWAN_GREAT_SCIENTIST_POINTS',				'Amount',								2),
	('HD_CHANNEL_ADMINISTRATOR_GREAT_SCIENTIST',							'GreatPersonClassType',	'GREAT_PERSON_CLASS_SCIENTIST'),
	('HD_CHANNEL_ADMINISTRATOR_GREAT_SCIENTIST',							'Amount',								2),
	('HD_CHANNEL_ADMINISTRATOR_GREAT_SCIENTIST_ATTACH',				'ModifierId',						'HD_CHANNEL_ADMINISTRATOR_GREAT_SCIENTIST_POINTS'),
	('HD_CHANNEL_ADMINISTRATOR_GREAT_SCIENTIST_POINTS',				'GreatPersonClassType',	'GREAT_PERSON_CLASS_SCIENTIST'),
	('HD_CHANNEL_ADMINISTRATOR_GREAT_SCIENTIST_POINTS',				'Amount',								2),
	('HD_CHANNEL_ADMINISTRATOR_GREAT_ENGINEER',								'GreatPersonClassType',	'GREAT_PERSON_CLASS_ENGINEER'),
	('HD_CHANNEL_ADMINISTRATOR_GREAT_ENGINEER',								'Amount',								2),
	('HD_CHANNEL_ADMINISTRATOR_GREAT_ENGINEER_ATTACH',				'ModifierId',						'HD_CHANNEL_ADMINISTRATOR_GREAT_ENGINEER_POINTS'),
	('HD_CHANNEL_ADMINISTRATOR_GREAT_ENGINEER_POINTS',				'GreatPersonClassType',	'GREAT_PERSON_CLASS_ENGINEER'),
	('HD_CHANNEL_ADMINISTRATOR_GREAT_ENGINEER_POINTS',				'Amount',								2),
	('HD_TECH_REVOLUTION_GREATENGINEER_1',						'GreatPersonClassType',			'GREAT_PERSON_CLASS_ENGINEER'),
	('HD_TECH_REVOLUTION_GREATENGINEER_1',						'Amount',						4),
	('HD_TECH_REVOLUTION_GREATENGINEER_2',						'GreatPersonClassType',			'GREAT_PERSON_CLASS_ENGINEER'),
	('HD_TECH_REVOLUTION_GREATENGINEER_2',						'Amount',						4),
	('HD_TECH_REVOLUTION_GREATENGINEER_3',						'GreatPersonClassType',			'GREAT_PERSON_CLASS_ENGINEER'),
	('HD_TECH_REVOLUTION_GREATENGINEER_3',						'Amount',						4),
	('HD_ACADEMIC_MEETING_GREATSCIENTIST_1',						'GreatPersonClassType',			'GREAT_PERSON_CLASS_SCIENTIST'),
	('HD_ACADEMIC_MEETING_GREATSCIENTIST_1',						'Amount',						4),
	('HD_ACADEMIC_MEETING_GREATSCIENTIST_2',						'GreatPersonClassType',			'GREAT_PERSON_CLASS_SCIENTIST'),
	('HD_ACADEMIC_MEETING_GREATSCIENTIST_2',						'Amount',						4),
	('HD_ACADEMIC_MEETING_GREATSCIENTIST_3',						'GreatPersonClassType',			'GREAT_PERSON_CLASS_SCIENTIST'),
	('HD_ACADEMIC_MEETING_GREATSCIENTIST_3',						'Amount',						4),
	('HD_ACADEMIC_MEETING_GREATSCIENTIST_4',						'GreatPersonClassType',			'GREAT_PERSON_CLASS_SCIENTIST'),
	('HD_ACADEMIC_MEETING_GREATSCIENTIST_4',						'Amount',						4),
	('HD_NATIONAL_CULTURE_GREAT_WRITER_1',						'GreatPersonClassType',			'GREAT_PERSON_CLASS_WRITER'),
	('HD_NATIONAL_CULTURE_GREAT_WRITER_1',						'Amount',						4),
	('HD_NATIONAL_CULTURE_GREAT_WRITER_2',						'GreatPersonClassType',			'GREAT_PERSON_CLASS_WRITER'),
	('HD_NATIONAL_CULTURE_GREAT_WRITER_2',						'Amount',						4),
	('HD_NATIONAL_CULTURE_GREAT_WRITER_3',						'GreatPersonClassType',			'GREAT_PERSON_CLASS_WRITER'),
	('HD_NATIONAL_CULTURE_GREAT_WRITER_3',						'Amount',						4),
	('HD_FRESCOES_GREAT_ARTIST_1',						'GreatPersonClassType',			'GREAT_PERSON_CLASS_ARTIST'),
	('HD_FRESCOES_GREAT_ARTIST_1',						'Amount',						4),
	('HD_FRESCOES_GREAT_ARTIST_2',						'GreatPersonClassType',			'GREAT_PERSON_CLASS_ARTIST'),
	('HD_FRESCOES_GREAT_ARTIST_2',						'Amount',						4),
	('HD_FRESCOES_GREAT_ARTIST_3',						'GreatPersonClassType',			'GREAT_PERSON_CLASS_ARTIST'),
	('HD_FRESCOES_GREAT_ARTIST_3',						'Amount',						4),
	('HD_PSALM_GREAT_MUSICIAN_1',						'GreatPersonClassType',			'GREAT_PERSON_CLASS_MUSICIAN'),
	('HD_PSALM_GREAT_MUSICIAN_1',						'Amount',						4),
	('HD_PSALM_GREAT_MUSICIAN_2',						'GreatPersonClassType',			'GREAT_PERSON_CLASS_MUSICIAN'),
	('HD_PSALM_GREAT_MUSICIAN_2',						'Amount',						2),
	('HD_SYMPHONIES_GREAT_MUSICIAN_1',						'GreatPersonClassType',			'GREAT_PERSON_CLASS_MUSICIAN'),
	('HD_SYMPHONIES_GREAT_MUSICIAN_1',						'Amount',						4),
	('HD_SYMPHONIES_GREAT_MUSICIAN_2',						'GreatPersonClassType',			'GREAT_PERSON_CLASS_MUSICIAN'),
	('HD_SYMPHONIES_GREAT_MUSICIAN_2',						'Amount',						4),
	('HD_SYMPHONIES_GREAT_MUSICIAN_3',						'GreatPersonClassType',			'GREAT_PERSON_CLASS_MUSICIAN'),
	('HD_SYMPHONIES_GREAT_MUSICIAN_3',						'Amount',						4),
	('HD_SUBCULTURAL_TREND_GREAT_WRITER_1',						'GreatPersonClassType',			'GREAT_PERSON_CLASS_WRITER'),
	('HD_SUBCULTURAL_TREND_GREAT_WRITER_1',						'Amount',						4),
	('HD_SUBCULTURAL_TREND_GREAT_WRITER_2',						'GreatPersonClassType',			'GREAT_PERSON_CLASS_WRITER'),
	('HD_SUBCULTURAL_TREND_GREAT_WRITER_2',						'Amount',						4),
	('HD_SUBCULTURAL_TREND_GREAT_WRITER_3',						'GreatPersonClassType',			'GREAT_PERSON_CLASS_WRITER'),
	('HD_SUBCULTURAL_TREND_GREAT_WRITER_3',						'Amount',						4),
	('HD_SUBCULTURAL_TREND_GREAT_ARTIST_1',						'GreatPersonClassType',			'GREAT_PERSON_CLASS_ARTIST'),
	('HD_SUBCULTURAL_TREND_GREAT_ARTIST_1',						'Amount',						4),
	('HD_SUBCULTURAL_TREND_GREAT_ARTIST_2',						'GreatPersonClassType',			'GREAT_PERSON_CLASS_ARTIST'),
	('HD_SUBCULTURAL_TREND_GREAT_ARTIST_2',						'Amount',						4),
	('HD_SUBCULTURAL_TREND_GREAT_ARTIST_3',						'GreatPersonClassType',			'GREAT_PERSON_CLASS_ARTIST'),
	('HD_SUBCULTURAL_TREND_GREAT_ARTIST_3',						'Amount',						4),
	('HD_SUBCULTURAL_TREND_GREAT_MUSICIAN_1',						'GreatPersonClassType',			'GREAT_PERSON_CLASS_MUSICIAN'),
	('HD_SUBCULTURAL_TREND_GREAT_MUSICIAN_1',						'Amount',						4),
	('HD_SUBCULTURAL_TREND_GREAT_MUSICIAN_2',						'GreatPersonClassType',			'GREAT_PERSON_CLASS_MUSICIAN'),
	('HD_SUBCULTURAL_TREND_GREAT_MUSICIAN_2',						'Amount',						4),
	('HD_SUBCULTURAL_TREND_GREAT_MUSICIAN_3',						'GreatPersonClassType',			'GREAT_PERSON_CLASS_MUSICIAN'),
	('HD_SUBCULTURAL_TREND_GREAT_MUSICIAN_3',						'Amount',						4),
	('HD_OCEAN_VOYAGE_GREAT_ADMIRAL_1',						'GreatPersonClassType',			'GREAT_PERSON_CLASS_ADMIRAL'),
	('HD_OCEAN_VOYAGE_GREAT_ADMIRAL_1',						'Amount',						4),
	('HD_OCEAN_VOYAGE_GREAT_ADMIRAL_2',						'GreatPersonClassType',			'GREAT_PERSON_CLASS_ADMIRAL'),
	('HD_OCEAN_VOYAGE_GREAT_ADMIRAL_2',						'Amount',						4),
	('HD_OCEAN_VOYAGE_GREAT_ADMIRAL_3',						'GreatPersonClassType',			'GREAT_PERSON_CLASS_ADMIRAL'),
	('HD_OCEAN_VOYAGE_GREAT_ADMIRAL_3',						'Amount',						4),
	('HD_INVESTMENT_GREAT_MERCHANT_1',						'GreatPersonClassType',			'GREAT_PERSON_CLASS_MERCHANT'),
	('HD_INVESTMENT_GREAT_MERCHANT_1',						'Amount',						4),
	('HD_INVESTMENT_GREAT_MERCHANT_2',						'GreatPersonClassType',			'GREAT_PERSON_CLASS_MERCHANT'),
	('HD_INVESTMENT_GREAT_MERCHANT_2',						'Amount',						4),
	('HD_INVESTMENT_GREAT_MERCHANT_3',						'GreatPersonClassType',			'GREAT_PERSON_CLASS_MERCHANT'),
	('HD_INVESTMENT_GREAT_MERCHANT_3',						'Amount',						4),
	('HD_INVESTMENT_GREAT_MERCHANT_4',						'GreatPersonClassType',			'GREAT_PERSON_CLASS_MERCHANT'),
	('HD_INVESTMENT_GREAT_MERCHANT_4',						'Amount',						4),
	('HD_REVIVAL_OF_NATIONHOOD_WONDER_GREAT_PERSON_POINTS',						'Amount',						50),
	('HD_CIVIC_RIGHTS_CULTURE_ATTACH_1',					'ModifierId',						'HD_CIVIC_RIGHTS_CULTURE_1'),
	('HD_CIVIC_RIGHTS_CULTURE_ATTACH_2',					'ModifierId',						'HD_CIVIC_RIGHTS_CULTURE_2'),
	('HD_CIVIC_RIGHTS_CULTURE_ATTACH_3',					'ModifierId',						'HD_CIVIC_RIGHTS_CULTURE_3'),
	('HD_CIVIC_RIGHTS_FAITH_ATTACH_1',						'ModifierId',						'HD_CIVIC_RIGHTS_FAITH_1'),
	('HD_CIVIC_RIGHTS_FAITH_ATTACH_2',						'ModifierId',						'HD_CIVIC_RIGHTS_FAITH_2'),
	('HD_CIVIC_RIGHTS_FAITH_ATTACH_3',						'ModifierId',						'HD_CIVIC_RIGHTS_FAITH_3'),
	('HD_CIVIC_RIGHTS_CULTURE_1',									'YieldType',					'YIELD_CULTURE'),
	('HD_CIVIC_RIGHTS_CULTURE_1',									'Amount',							1),
	('HD_CIVIC_RIGHTS_CULTURE_2',									'YieldType',					'YIELD_CULTURE'),
	('HD_CIVIC_RIGHTS_CULTURE_2',									'Amount',							1),
	('HD_CIVIC_RIGHTS_CULTURE_3',									'YieldType',					'YIELD_CULTURE'),
	('HD_CIVIC_RIGHTS_CULTURE_3',									'Amount',							1),
	('HD_CIVIC_RIGHTS_FAITH_1',										'YieldType',					'YIELD_FAITH'),
	('HD_CIVIC_RIGHTS_FAITH_1',										'Amount',							1),
	('HD_CIVIC_RIGHTS_FAITH_2',										'YieldType',					'YIELD_FAITH'),
	('HD_CIVIC_RIGHTS_FAITH_2',										'Amount',							1),
	('HD_CIVIC_RIGHTS_FAITH_3',										'YieldType',					'YIELD_FAITH'),
	('HD_CIVIC_RIGHTS_FAITH_3',										'Amount',							1),
	('HD_CONSTITUTIONAL_STUDY_PRODUCTION_ATTACH_1',			'ModifierId',						'HD_CONSTITUTIONAL_STUDY_PRODUCTION_1'),
	('HD_CONSTITUTIONAL_STUDY_PRODUCTION_ATTACH_2',			'ModifierId',						'HD_CONSTITUTIONAL_STUDY_PRODUCTION_2'),
	('HD_CONSTITUTIONAL_STUDY_PRODUCTION_ATTACH_3',			'ModifierId',						'HD_CONSTITUTIONAL_STUDY_PRODUCTION_3'),
	('HD_CONSTITUTIONAL_STUDY_GOLD_ATTACH_1',						'ModifierId',						'HD_CONSTITUTIONAL_STUDY_GOLD_1'),
	('HD_CONSTITUTIONAL_STUDY_GOLD_ATTACH_2',						'ModifierId',						'HD_CONSTITUTIONAL_STUDY_GOLD_2'),
	('HD_CONSTITUTIONAL_STUDY_GOLD_ATTACH_3',						'ModifierId',						'HD_CONSTITUTIONAL_STUDY_GOLD_3'),
	('HD_CONSTITUTIONAL_STUDY_PRODUCTION_1',						'YieldType',		  			'YIELD_PRODUCTION'),
	('HD_CONSTITUTIONAL_STUDY_PRODUCTION_1',						'Amount',					  		1),
	('HD_CONSTITUTIONAL_STUDY_PRODUCTION_2',						'YieldType',		  			'YIELD_PRODUCTION'),
	('HD_CONSTITUTIONAL_STUDY_PRODUCTION_2',						'Amount',					  		1),
	('HD_CONSTITUTIONAL_STUDY_PRODUCTION_3',						'YieldType',		  			'YIELD_PRODUCTION'),
	('HD_CONSTITUTIONAL_STUDY_PRODUCTION_3',						'Amount',					  		1),
	('HD_CONSTITUTIONAL_STUDY_GOLD_1',									'YieldType',		  			'YIELD_GOLD'),
	('HD_CONSTITUTIONAL_STUDY_GOLD_1',									'Amount',					  		3),
	('HD_CONSTITUTIONAL_STUDY_GOLD_2',									'YieldType',		  			'YIELD_GOLD'),
	('HD_CONSTITUTIONAL_STUDY_GOLD_2',									'Amount',					  		3),
	('HD_CONSTITUTIONAL_STUDY_GOLD_3',									'YieldType',		  			'YIELD_GOLD'),
	('HD_CONSTITUTIONAL_STUDY_GOLD_3',									'Amount',					  		3),
	('HD_CLONE_RESEARCH_GREAT_SCIENTIST_POINTS_ATTACH',				'ModifierId',			'HD_CLONE_RESEARCH_GREAT_SCIENTIST_POINTS'),
	('HD_HIGH_TECH_INDUSTRY_GREAT_SCIENTIST_POINTS_ATTACH',		'ModifierId',			'HD_HIGH_TECH_INDUSTRY_GREAT_SCIENTIST_POINTS'),
	('HD_HIGH_TECH_INDUSTRY_GREAT_ENGINEER_POINTS_ATTACH',		'ModifierId',			'HD_HIGH_TECH_INDUSTRY_GREAT_ENGINEER_POINTS'),
	('HD_CLONE_RESEARCH_GREAT_SCIENTIST_POINTS',				'GreatPersonClassType',	'GREAT_PERSON_CLASS_SCIENTIST'),
	('HD_CLONE_RESEARCH_GREAT_SCIENTIST_POINTS',				'Amount',					  		7),
	('HD_HIGH_TECH_INDUSTRY_GREAT_SCIENTIST_POINTS',		'GreatPersonClassType',	'GREAT_PERSON_CLASS_SCIENTIST'),
	('HD_HIGH_TECH_INDUSTRY_GREAT_SCIENTIST_POINTS',		'Amount',					  		15),
	('HD_HIGH_TECH_INDUSTRY_GREAT_ENGINEER_POINTS',			'GreatPersonClassType',	'GREAT_PERSON_CLASS_ENGINEER'),
	('HD_HIGH_TECH_INDUSTRY_GREAT_ENGINEER_POINTS',			'Amount',					  		15),
	('HD_FREEDOM_OF_SPEECH_MUSIC_TOURISM',							'ScalingFactor',				150),
	('HD_FREEDOM_OF_SPEECH_MUSIC_TOURISM',							'GreatWorkObjectType',	'GREATWORKOBJECT_MUSIC'),
	('HD_FREEDOM_OF_SPEECH_NEIGHBORHOOD_CULTURE',				'YieldType',						'YIELD_CULTURE'),
	('HD_FREEDOM_OF_SPEECH_NEIGHBORHOOD_CULTURE',				'Amount',					  		2),
	('HD_ROMANTICISM_WRITING_TOURISM',									'ScalingFactor',				150),
	('HD_ROMANTICISM_WRITING_TOURISM',									'GreatWorkObjectType',	'GREATWORKOBJECT_WRITING'),
	('HD_ROMANTICISM_THEATER_AMENITY',									'Amount',					  		1),
	('HD_COMPARATIVE_LITERATURE_WRITING_TOURISM',				'ScalingFactor',				200),
	('HD_COMPARATIVE_LITERATURE_WRITING_TOURISM',				'GreatWorkObjectType',	'GREATWORKOBJECT_WRITING'),
	('HD_COMPARATIVE_LITERATURE_CULTURE_BONUS',					'YieldType',						'YIELD_CULTURE'),
	('HD_COMPARATIVE_LITERATURE_CULTURE_BONUS',					'Amount',					  		5),
	('HD_PHONETICS_MUSIC_TOURISM',											'ScalingFactor',				200),
	('HD_PHONETICS_MUSIC_TOURISM',											'GreatWorkObjectType',	'GREATWORKOBJECT_MUSIC'),
	('HD_PHONETICS_SCIENCE_BONUS',											'YieldType',						'YIELD_SCIENCE'),
	('HD_PHONETICS_SCIENCE_BONUS',											'Amount',					  		5),
	('HD_DEINDUSTRIALIZATION_DISTRICT_DEBUFF',					'Amount',					  		-25),
	('HD_DEINDUSTRIALIZATION_BUILDING_DEBUFF',					'Amount',								-25),
	('HD_DEINDUSTRIALIZATION_GOLD_ATTACH',							'ModifierId',						'HD_DEINDUSTRIALIZATION_GOLD'),
	('HD_DEINDUSTRIALIZATION_GOLD',											'YieldType',					  'YIELD_GOLD'),
	('HD_DEINDUSTRIALIZATION_GOLD',											'Amount',					  		10),
	('HD_TRADE_PROTECTIONISM_INTER_TRADE_DEBUFF',				'YieldType',						'YIELD_PRODUCTION, YIELD_FOOD, YIELD_SCIENCE, YIELD_CULTURE, YIELD_GOLD, YIELD_FAITH'),
	('HD_TRADE_PROTECTIONISM_INTER_TRADE_DEBUFF',				'Amount',								'-50, -50, -50, -50, -50, -50'),
	('HD_TRADE_PROTECTIONISM_COMMERCIAL_HUB_BONUS',							'YieldType',				'YIELD_GOLD'),
	('HD_TRADE_PROTECTIONISM_COMMERCIAL_HUB_BONUS',							'Amount',						50),
	('HD_TRADE_PROTECTIONISM_HARBOR_BONUS',											'YieldType',				'YIELD_GOLD'),
	('HD_TRADE_PROTECTIONISM_HARBOR_BONUS',											'Amount',					  50),
	('HD_TRADE_PROTECTIONISM_INDUSTRIAL_ZONE_BONUS',						'YieldType',				'YIELD_PRODUCTION'),
	('HD_TRADE_PROTECTIONISM_INDUSTRIAL_ZONE_BONUS',						'Amount',					  50),
	('HD_URBAN_EXHIBITION_WONDER_TOURISM',											'BoostsWonders',		1),
	('HD_URBAN_EXHIBITION_WONDER_TOURISM',											'ScalingFactor',		150),
	('HD_URBAN_EXHIBITION_IMPROVEMENT_TOURISM',									'Amount',					  50),
	('HD_HERITAGE_TOURISM_ARTIFACT_TOURISM',										'ScalingFactor',				300),
	('HD_HERITAGE_TOURISM_ARTIFACT_TOURISM',										'GreatWorkObjectType',	'GREATWORKOBJECT_ARTIFACT'),
	('HD_HERITAGE_TOURISM_RELIC_TOURISM',												'ScalingFactor',				300),
	('HD_HERITAGE_TOURISM_RELIC_TOURISM',												'GreatWorkObjectType',	'GREATWORKOBJECT_RELIC'),
	('HD_CULTURAL_COLONIZATION_TRADE_TOURISM',									'Amount',								25),
	('HD_TRAVEL_AGENCY_IMPROVEMENT_TOURISM',										'Amount',								100),
	('HD_TRAVEL_AGENCY_NATIONALPARK_TOURISM',										'Amount',								100),
	('HD_GOSPEL_LOCALISATION_SCIENCE',													'YieldType',				'YIELD_SCIENCE'),
	('HD_GOSPEL_LOCALISATION_SCIENCE',													'Amount',					  1),
	('HD_GOSPEL_LOCALISATION_CULTURE',													'YieldType',				'YIELD_CULTURE'),
	('HD_GOSPEL_LOCALISATION_CULTURE',													'Amount',					  1),
	('HD_TRANSLATE_SCIENCE_0',													'YieldType',				'YIELD_SCIENCE'),
	('HD_TRANSLATE_SCIENCE_0',													'Amount',					  1),
	('HD_TRANSLATE_SCIENCE_1',													'YieldType',				'YIELD_SCIENCE'),
	('HD_TRANSLATE_SCIENCE_1',													'Amount',					  1),
	('HD_TRANSLATE_SCIENCE_2',													'YieldType',				'YIELD_SCIENCE'),
	('HD_TRANSLATE_SCIENCE_2',													'Amount',					  1),
	('HD_TRANSLATE_SCIENCE_3',													'YieldType',				'YIELD_SCIENCE'),
	('HD_TRANSLATE_SCIENCE_3',													'Amount',					  1),
	('HD_TRANSLATE_SCIENCE_4',													'YieldType',				'YIELD_SCIENCE'),
	('HD_TRANSLATE_SCIENCE_4',													'Amount',					  1),
	('HD_TRANSLATE_FAVOR_0',													'ModifierId',					  'HD_TRANSLATE_FAVOR'),
	('HD_TRANSLATE_FAVOR_1',													'ModifierId',					  'HD_TRANSLATE_FAVOR'),
	('HD_TRANSLATE_FAVOR_2',													'ModifierId',					  'HD_TRANSLATE_FAVOR'),
	('HD_TRANSLATE_FAVOR_3',													'ModifierId',					  'HD_TRANSLATE_FAVOR'),
	('HD_TRANSLATE_FAVOR_4',													'ModifierId',					  'HD_TRANSLATE_FAVOR'),
	('HD_TRANSLATE_FAVOR',													'Amount',					  1),
	('HD_CIVIC_ASSEMBLY_CULTURE_0',													'YieldType',				'YIELD_CULTURE'),
	('HD_CIVIC_ASSEMBLY_CULTURE_0',													'Amount',					  1),
	('HD_CIVIC_ASSEMBLY_CULTURE_1',													'YieldType',				'YIELD_CULTURE'),
	('HD_CIVIC_ASSEMBLY_CULTURE_1',													'Amount',					  1),
	('HD_CIVIC_ASSEMBLY_CULTURE_2',													'YieldType',				'YIELD_CULTURE'),
	('HD_CIVIC_ASSEMBLY_CULTURE_2',													'Amount',					  1),
	('HD_CIVIC_ASSEMBLY_CULTURE_3',													'YieldType',				'YIELD_CULTURE'),
	('HD_CIVIC_ASSEMBLY_CULTURE_3',													'Amount',					  1),
	('HD_CIVIC_ASSEMBLY_INFLUENCE_0',													'ModifierId',					  'HD_CIVIC_ASSEMBLY_INFLUENCE'),
	('HD_CIVIC_ASSEMBLY_INFLUENCE_1',													'ModifierId',					  'HD_CIVIC_ASSEMBLY_INFLUENCE'),
	('HD_CIVIC_ASSEMBLY_INFLUENCE_2',													'ModifierId',					  'HD_CIVIC_ASSEMBLY_INFLUENCE'),
	('HD_CIVIC_ASSEMBLY_INFLUENCE_3',													'ModifierId',					  'HD_CIVIC_ASSEMBLY_INFLUENCE'),
	('HD_CIVIC_ASSEMBLY_INFLUENCE',													'Amount',					  1),
	('HD_DIONYSIAN_CARNIVAL_AMENITY',													'Amount',					  1),
	('HD_DIONYSIAN_CARNIVAL_CULTURE',													'Amount',					  1),
	('HD_DIONYSIAN_CARNIVAL_CULTURE',													'YieldType',				'YIELD_CULTURE'),
	('HD_LIBERALISM_AMENITY',										'Amount',						1),
	('HD_LIBERALISM_BONUS',										'YieldType',						'YIELD_GOLD,YIELD_PRODUCTION'),
	('HD_LIBERALISM_BONUS',										'Amount',						'5,5'),
	('HD_NEW_DEAL_AMENITY',										'Amount',						1),
	('HD_NEW_DEAL_BONUS',										'YieldType',						'YIELD_GOLD,YIELD_CULTURE,YIELD_SCIENCE'),
	('HD_NEW_DEAL_BONUS',										'Amount',						'5,5,5'),
	('HD_SPORTS_MEET_AMENITY_1',										'ModifierId',						'HD_SPORTS_MEET_AMENITY_1_MODIFIER'),
	('HD_SPORTS_MEET_AMENITY_2',										'ModifierId',						'HD_SPORTS_MEET_AMENITY_2_MODIFIER'),
	('HD_SPORTS_MEET_AMENITY_1_MODIFIER',										'Amount',						3),
	('HD_SPORTS_MEET_AMENITY_2_MODIFIER',										'Amount',						3),
	('HD_ELECTED_POLITICS_POP_GOLD_1',										'ModifierId',			'HD_ELECTED_POLITICS_POP_GOLD'),
	('HD_ELECTED_POLITICS_POP_GOLD_2',										'ModifierId',			'HD_ELECTED_POLITICS_POP_GOLD'),
	('HD_ELECTED_POLITICS_POP_GOLD_3',										'ModifierId',			'HD_ELECTED_POLITICS_POP_GOLD'),
	('HD_ELECTED_POLITICS_POP_GOLD',										'YieldType',				'YIELD_GOLD'),
	('HD_ELECTED_POLITICS_POP_GOLD',										'Amount',						1),
	('HD_NATIONALIZATION_OF_ENTERPRISES_POP_SCIENCE',								'ModifierId',						'HD_NATIONALIZATION_OF_ENTERPRISES_POP_SCIENCE_MODIFIER'),
	('HD_NATIONALIZATION_OF_ENTERPRISES_POP_PRODUCTION',						'ModifierId',						'HD_NATIONALIZATION_OF_ENTERPRISES_POP_PRODUCTION_MODIFIER'),
	('HD_NATIONALIZATION_OF_ENTERPRISES_POP_SCIENCE_MODIFIER',			'YieldType',				'YIELD_SCIENCE'),
	('HD_NATIONALIZATION_OF_ENTERPRISES_POP_SCIENCE_MODIFIER',			'Amount',						1),
	('HD_NATIONALIZATION_OF_ENTERPRISES_POP_PRODUCTION_MODIFIER',		'YieldType',				'YIELD_PRODUCTION'),
	('HD_NATIONALIZATION_OF_ENTERPRISES_POP_PRODUCTION_MODIFIER',		'Amount',						1),
	('HD_TRUMAN_DOCTRINE_GROWTH',		'Amount',					20),
	('HD_TRUMAN_DOCTRINE_FOOD',		'YieldType',				'YIELD_FOOD'),
	('HD_TRUMAN_DOCTRINE_FOOD',		'Amount',						10),
	('HD_TRUMAN_DOCTRINE_IDENTITY',		'Amount',				10),
	('HD_FINANCIAL_MONOPOLY_GOLD',		'YieldType',				'YIELD_GOLD'),
	('HD_FINANCIAL_MONOPOLY_GOLD',		'Amount',						25),
	('HD_FINANCIAL_MONOPOLY_PRODUCTION',		'YieldType',				'YIELD_PRODUCTION'),
	('HD_FINANCIAL_MONOPOLY_PRODUCTION',		'Amount',						15),
	('HD_AUTONOMY_PRODUCTION',		'YieldType',				'YIELD_PRODUCTION'),
	('HD_AUTONOMY_PRODUCTION',		'Amount',						5),
	('HD_AUTONOMY_FAITH',		'YieldType',				'YIELD_FAITH'),
	('HD_AUTONOMY_FAITH',		'Amount',						5),
	('HD_WAR_ECONOMY_GOLD_DEBUFF',		'YieldType',				'YIELD_GOLD'),
	('HD_WAR_ECONOMY_GOLD_DEBUFF',		'Amount',						-40),
	('HD_WAR_ECONOMY_FOOD',		'YieldType',				'YIELD_FOOD'),
	('HD_WAR_ECONOMY_FOOD',		'Amount',						25),
	('HD_WAR_ECONOMY_PRODUCTION',		'YieldType',				'YIELD_PRODUCTION'),
	('HD_WAR_ECONOMY_PRODUCTION',		'Amount',						25),
	('HD_FOSSIL_RESEARCH_BONUS',		'ModifierId',						'HD_FOSSIL_RESEARCH_BONUS_MODIFIER'),
	('HD_FOSSIL_RESEARCH_BONUS_MODIFIER',		'YieldType',				'YIELD_SCIENCE,YIELD_CULTURE'),
	('HD_FOSSIL_RESEARCH_BONUS_MODIFIER',		'Amount',						'5,5'),
	('HD_ADAPTATION_TO_LOCAL_ALL_YIELD',		'YieldType',				'YIELD_FOOD,YIELD_PRODUCTION,YIELD_SCIENCE,YIELD_CULTURE,YIELD_GOLD,YIELD_FAITH'),
	('HD_ADAPTATION_TO_LOCAL_ALL_YIELD',		'Amount',						'20,20,20,20,20,20'),
	('HD_SCIENCE_AND_EDUCATION_GOLD',		'YieldType',				'YIELD_GOLD'),
	('HD_SCIENCE_AND_EDUCATION_GOLD',		'Amount',						7),
	('HD_SCIENCE_AND_EDUCATION_PRODUCTION',		'YieldType',				'YIELD_PRODUCTION'),
	('HD_SCIENCE_AND_EDUCATION_PRODUCTION',		'Amount',						7),
	('HD_GRASSROOTS_GOVERNANCE_FOOD_GOLD',					'YieldType',				'YIELD_FOOD,YIELD_GOLD'),
	('HD_GRASSROOTS_GOVERNANCE_FOOD_GOLD',					'Amount',						'7,7'),
	('HD_GRASSROOTS_GOVERNANCE_PRODUCTION_FAITH',		'YieldType',				'YIELD_PRODUCTION,YIELD_FAITH'),
	('HD_GRASSROOTS_GOVERNANCE_PRODUCTION_FAITH',		'Amount',						'7,7'),
	('HD_PUBLIC_SECURITY_AMENITY',						'Amount',						2),
	('HD_PUBLIC_SECURITY_IDENTITY',						'Amount',						10),
	('HD_PUBLIC_SECURITY_PRODUCTION',					'ModifierId',				'HD_PUBLIC_SECURITY_PRODUCTION_MODIFIER'),
	('HD_PUBLIC_SECURITY_PRODUCTION_MODIFIER','Amount',						2),
	('HD_PUBLIC_SECURITY_PRODUCTION_MODIFIER','YieldType',				'YIELD_PRODUCTION'),
	('HD_WATERSIDE_PAVILIONS_AMENITY',					'ModifierId',				'HD_WATERSIDE_PAVILIONS_AMENITY_MODIFIER'),
	('HD_WATERSIDE_PAVILIONS_CULTURE',					'ModifierId',				'HD_WATERSIDE_PAVILIONS_CULTURE_MODIFIER'),
	('HD_WATERSIDE_PAVILIONS_AMENITY_MODIFIER',	'Amount',				1),
	('HD_WATERSIDE_PAVILIONS_CULTURE_MODIFIER',	'Amount',				2),
	('HD_WATERSIDE_PAVILIONS_CULTURE_MODIFIER',	'YieldType',		'YIELD_CULTURE'),
	('HD_AIR_CONDITIONING_SYSTEM_AMENITY',					'ModifierId',		'HD_AIR_CONDITIONING_SYSTEM_AMENITY_MODIFIER'),
	('HD_AIR_CONDITIONING_SYSTEM_GOLD',							'ModifierId',		'HD_AIR_CONDITIONING_SYSTEM_GOLD_MODIFIER'),
	('HD_AIR_CONDITIONING_SYSTEM_AMENITY_MODIFIER',	'Amount',				2),
	('HD_AIR_CONDITIONING_SYSTEM_GOLD_MODIFIER',		'Amount',				12),
	('HD_AIR_CONDITIONING_SYSTEM_GOLD_MODIFIER',		'YieldType',		'YIELD_GOLD'),
	('HD_SOCIAL_WELFARE_AMENITY_1',						'Amount',				1),
	('HD_SOCIAL_WELFARE_POP_GOLD_DEBUFF_1',		'Amount',				-1),
	('HD_SOCIAL_WELFARE_POP_GOLD_DEBUFF_1',		'YieldType',		'YIELD_GOLD'),
	('HD_SOCIAL_WELFARE_AMENITY_2',						'Amount',				1),
	('HD_SOCIAL_WELFARE_POP_GOLD_DEBUFF_2',		'Amount',				-1),
	('HD_SOCIAL_WELFARE_POP_GOLD_DEBUFF_2',		'YieldType',		'YIELD_GOLD'),
	('HD_SOCIAL_WELFARE_AMENITY_3',						'Amount',				1),
	('HD_SOCIAL_WELFARE_POP_GOLD_DEBUFF_3',		'Amount',				-1),
	('HD_SOCIAL_WELFARE_POP_GOLD_DEBUFF_3',		'YieldType',		'YIELD_GOLD'),
	('HD_SOCIAL_WELFARE_AMENITY_4',						'Amount',				1),
	('HD_SOCIAL_WELFARE_POP_GOLD_DEBUFF_4',		'Amount',				-1),
	('HD_SOCIAL_WELFARE_POP_GOLD_DEBUFF_4',		'YieldType',		'YIELD_GOLD'),
	('HD_SOCIAL_WELFARE_AMENITY_5',						'Amount',				1),
	('HD_SOCIAL_WELFARE_POP_GOLD_DEBUFF_5',		'Amount',				-1),
	('HD_SOCIAL_WELFARE_POP_GOLD_DEBUFF_5',		'YieldType',		'YIELD_GOLD'),
	('HD_SOCIAL_WELFARE_AMENITY_6',						'Amount',				1),
	('HD_SOCIAL_WELFARE_POP_GOLD_DEBUFF_6',		'Amount',				-1),
	('HD_SOCIAL_WELFARE_POP_GOLD_DEBUFF_6',		'YieldType',		'YIELD_GOLD'),
	('HD_URBAN_DIGITIZATION_ALL_YIELD_1',		'Amount',				5),
	('HD_URBAN_DIGITIZATION_HOUSE_1',				'Amount',				2),
	('HD_URBAN_DIGITIZATION_ALL_YIELD_2',		'Amount',				5),
	('HD_URBAN_DIGITIZATION_HOUSE_2',				'Amount',				2),
	('HD_URBAN_AGGLOMERATION_ALL_YIELD_1',		'Amount',				3),
	('HD_URBAN_AGGLOMERATION_HOUSE_1',				'Amount',				2),
	('HD_URBAN_AGGLOMERATION_ALL_YIELD_2',		'Amount',				3),
	('HD_URBAN_AGGLOMERATION_HOUSE_2',				'Amount',				2),
	('HD_INSULAE_HOUSE',				'Amount',				1),
	('HD_INSULAE_PRODUCTION',		'YieldType',		'YIELD_PRODUCTION'),
	('HD_INSULAE_PRODUCTION',		'Amount',				2),
	('HD_MEDINA_QUARTER_HOUSE_1',				'Amount',				2),
	('HD_MEDINA_QUARTER_PRODUCTION_1',		'YieldType',		'YIELD_PRODUCTION'),
	('HD_MEDINA_QUARTER_PRODUCTION_1',		'Amount',				2),
	('HD_CIVIL_LAW_FOOD_1',		'YieldType',		'YIELD_FOOD'),
	('HD_CIVIL_LAW_FOOD_1',		'Amount',				2),
	('HD_CIVIL_LAW_PRODUCTION_1',		'YieldType',		'YIELD_PRODUCTION'),
	('HD_CIVIL_LAW_PRODUCTION_1',		'Amount',				2),
	('HD_CIVIL_LAW_GOLD_1',		'YieldType',		'YIELD_GOLD'),
	('HD_CIVIL_LAW_GOLD_1',		'Amount',				2),
	('HD_CIVIL_LAW_HOUSE_1',		'Amount',			2),
	('HD_CIVIL_LAW_FOOD_2',		'YieldType',		'YIELD_FOOD'),
	('HD_CIVIL_LAW_FOOD_2',		'Amount',				2),
	('HD_CIVIL_LAW_PRODUCTION_2',		'YieldType',		'YIELD_PRODUCTION'),
	('HD_CIVIL_LAW_PRODUCTION_2',		'Amount',				2),
	('HD_CIVIL_LAW_GOLD_2',		'YieldType',		'YIELD_GOLD'),
	('HD_CIVIL_LAW_GOLD_2',		'Amount',				2),
	('HD_CIVIL_LAW_HOUSE_2',		'Amount',			2),
	('HD_MILITARY_SUPPLIER_PRODUCTION',		'YieldType',		'YIELD_PRODUCTION'),
	('HD_MILITARY_SUPPLIER_PRODUCTION',		'Amount',				4),
	('HD_FAMILY_CREST_PRODUCTION_1',		'YieldType',		'YIELD_PRODUCTION'),
	('HD_FAMILY_CREST_PRODUCTION_1',		'Amount',				2),
	('HD_FAMILY_CREST_PRODUCTION_2',		'YieldType',		'YIELD_PRODUCTION'),
	('HD_FAMILY_CREST_PRODUCTION_2',		'Amount',				2),
	('HD_FAMILY_CREST_PRODUCTION_3',		'YieldType',		'YIELD_PRODUCTION'),
	('HD_FAMILY_CREST_PRODUCTION_3',		'Amount',				2),
	('HD_FAMILY_CREST_CULTURE_1',		'YieldType',		'YIELD_CULTURE'),
	('HD_FAMILY_CREST_CULTURE_1',		'Amount',				2),
	('HD_FAMILY_CREST_CULTURE_2',		'YieldType',		'YIELD_CULTURE'),
	('HD_FAMILY_CREST_CULTURE_2',		'Amount',				2),
	('HD_FAMILY_CREST_CULTURE_3',		'YieldType',		'YIELD_CULTURE'),
	('HD_FAMILY_CREST_CULTURE_3',		'Amount',				2),
	('MONARCHY_WALLS_FOOD',											'YieldType',				'YIELD_FOOD'),
	('MONARCHY_WALLS_FOOD',											'Amount',						2),
	('MONARCHY_WALLS_FOOD',											'BuildingType',			'BUILDING_WALLS'),
	('MONARCHY_CASTLE_FOOD',											'YieldType',				'YIELD_FOOD'),
	('MONARCHY_CASTLE_FOOD',											'Amount',						2),
	('MONARCHY_CASTLE_FOOD',											'BuildingType',			'BUILDING_CASTLE'),
	('MONARCHY_STARFORT_FOOD',											'YieldType',				'YIELD_FOOD'),
	('MONARCHY_STARFORT_FOOD',											'Amount',						2),
	('MONARCHY_STARFORT_FOOD',											'BuildingType',			'BUILDING_STAR_FORT'),
	('WALLS_EARLY_FOOD',											'YieldType',				'YIELD_FOOD'),
	('WALLS_EARLY_FOOD',											'Amount',						2),
	('WALLS_EARLY_FOOD',											'BuildingType',			'BUILDING_WALLS_EARLY'),
	('MONARCHY_WALLS_PRODUCTION',											'YieldType',				'YIELD_PRODUCTION'),
	('MONARCHY_WALLS_PRODUCTION',											'Amount',						2),
	('MONARCHY_WALLS_PRODUCTION',											'BuildingType',			'BUILDING_WALLS'),
	('MONARCHY_CASTLE_PRODUCTION',											'YieldType',				'YIELD_PRODUCTION'),
	('MONARCHY_CASTLE_PRODUCTION',											'Amount',						2),
	('MONARCHY_CASTLE_PRODUCTION',											'BuildingType',			'BUILDING_CASTLE'),
	('MONARCHY_STARFORT_PRODUCTION',											'YieldType',				'YIELD_PRODUCTION'),
	('MONARCHY_STARFORT_PRODUCTION',											'Amount',						2),
	('MONARCHY_STARFORT_PRODUCTION',											'BuildingType',			'BUILDING_STAR_FORT'),
	('WALLS_EARLY_PRODUCTION',											'YieldType',				'YIELD_PRODUCTION'),
	('WALLS_EARLY_PRODUCTION',											'Amount',						2),
	('WALLS_EARLY_PRODUCTION',											'BuildingType',			'BUILDING_WALLS_EARLY'),
	('HD_DA_SI_TU_CAMPUS_FOOD',												'YieldType',				'YIELD_FOOD'),
	('HD_DA_SI_TU_CAMPUS_FOOD',												'Amount',						2),
	('HD_DA_SI_TU_AQUEDUCT_FOOD',											'YieldType',				'YIELD_FOOD'),
	('HD_DA_SI_TU_AQUEDUCT_FOOD',											'Amount',						2),
	('HD_DA_SI_TU_CAMPUS_GOLD',												'YieldType',				'YIELD_GOLD'),
	('HD_DA_SI_TU_CAMPUS_GOLD',												'Amount',						3),
	('HD_DA_SI_TU_AQUEDUCT_GOLD',											'YieldType',				'YIELD_GOLD'),
	('HD_DA_SI_TU_AQUEDUCT_GOLD',											'Amount',						3),
	('HD_DA_SI_MA_PRODUCTION',											'YieldType',				'YIELD_PRODUCTION'),
	('HD_DA_SI_MA_PRODUCTION',											'Amount',						2),
	('HD_DA_SI_MA_GREAT_GENERAL_POINTS',											'ModifierId',				'HD_DA_SI_MA_GREAT_GENERAL_POINTS_MODIFIER'),
	('HD_DA_SI_MA_GREAT_GENERAL_POINTS_MODIFIER',											'GreatPersonClassType',				'GREAT_PERSON_CLASS_GENERAL'),
	('HD_DA_SI_MA_GREAT_GENERAL_POINTS_MODIFIER',											'Amount',						2),
	('HD_GOLDEN_ELIXIR_PRODUCTION',											'YieldType',				'YIELD_PRODUCTION'),
	('HD_GOLDEN_ELIXIR_PRODUCTION',											'Amount',						2),
	('HD_GOLDEN_ELIXIR_GREAT_SCIENTIST_POINTS',					'GreatPersonClassType',				'GREAT_PERSON_CLASS_SCIENTIST'),
	('HD_GOLDEN_ELIXIR_GREAT_SCIENTIST_POINTS',					'Amount',						2),
	('HD_DEFENSE_DEPLOYMENT_SPEED',															'Amount',						2),
	('HD_DEFENSE_DEPLOYMENT_ENCAMPMENT_PRODUCTION',							'DistrictType',			'DISTRICT_ENCAMPMENT'),
	('HD_DEFENSE_DEPLOYMENT_ENCAMPMENT_PRODUCTION',							'Amount',						50),
	('HD_DEFENSE_DEPLOYMENT_ENCAMPMENT_BUILDINGS_PRODUCTION',		'DistrictType',			'DISTRICT_ENCAMPMENT'),
	('HD_DEFENSE_DEPLOYMENT_ENCAMPMENT_BUILDINGS_PRODUCTION',		'Amount',						50),
	('HD_DEFENSE_DEPLOYMENT_HARBOR_PRODUCTION',									'DistrictType',			'DISTRICT_HARBOR'),
	('HD_DEFENSE_DEPLOYMENT_HARBOR_PRODUCTION',									'Amount',						50),
	('HD_DEFENSE_DEPLOYMENT_HARBOR_BUILDINGS_PRODUCTION',				'DistrictType',			'DISTRICT_HARBOR'),
	('HD_DEFENSE_DEPLOYMENT_HARBOR_BUILDINGS_PRODUCTION',				'Amount',						50),
	('HD_WATER_CONSERVANCY_PROJECT_DAM_PRODUCTION',							'DistrictType',			'DISTRICT_DAM'),
	('HD_WATER_CONSERVANCY_PROJECT_DAM_PRODUCTION',							'Amount',						50),
	('HD_WATER_CONSERVANCY_PROJECT_CANAL_PRODUCTION',						'DistrictType',			'DISTRICT_CANAL'),
	('HD_WATER_CONSERVANCY_PROJECT_CANAL_PRODUCTION',						'Amount',						50),
	('HD_UNEMPLOYMENT_ASSIST_GOLD_DEBUFF',		'YieldType',			'YIELD_GOLD'),
	('HD_UNEMPLOYMENT_ASSIST_GOLD_DEBUFF',		'Amount',					-100),
	('HD_UNEMPLOYMENT_ASSIST_DISTRICT_1',			'Amount',					50),
	('HD_UNEMPLOYMENT_ASSIST_BUILDING_1',			'IsWonder', 			0),
	('HD_UNEMPLOYMENT_ASSIST_BUILDING_1',			'Amount',					50),
	('HD_UNEMPLOYMENT_ASSIST_DISTRICT_2',			'Amount',					50),
	('HD_UNEMPLOYMENT_ASSIST_BUILDING_2',			'IsWonder', 			0),
	('HD_UNEMPLOYMENT_ASSIST_BUILDING_2',			'Amount',					50),
	('HD_STANDARDIZED_PRODUCTION_BONUS',											'YieldType',				'YIELD_PRODUCTION'),
	('HD_STANDARDIZED_PRODUCTION_BONUS',											'Amount',						10),
	('HD_EFFECTIVE_ACCELERATIONISM_BONUS',											'Amount',						10),
	('HD_GREAT_AWAKENING_SCIENCE',											'YieldType',				'YIELD_SCIENCE'),
	('HD_GREAT_AWAKENING_SCIENCE',											'Amount',						2),
	('HD_GREAT_AWAKENING_CULTURE',											'YieldType',				'YIELD_CULTURE'),
	('HD_GREAT_AWAKENING_CULTURE',											'Amount',						2),
	('HD_RELIGIOUS_BROADCASTING_SCIENCE',											'YieldType',				'YIELD_SCIENCE'),
	('HD_RELIGIOUS_BROADCASTING_SCIENCE',											'Amount',						3),
	('HD_RELIGIOUS_BROADCASTING_CULTURE',											'YieldType',				'YIELD_CULTURE'),
	('HD_RELIGIOUS_BROADCASTING_CULTURE',											'Amount',						3),
	('HD_PETROLEUM_ECONOMICS_PRODUCTION',					'ModifierId',		'HD_PETROLEUM_ECONOMICS_PRODUCTION_MODIFIER'),
	('HD_PETROLEUM_ECONOMICS_GOLD',								'ModifierId',		'HD_PETROLEUM_ECONOMICS_GOLD_MODIFIER'),
	('HD_PETROLEUM_ECONOMICS_APPEAL_DEBUFF',			'ModifierId',		'HD_PETROLEUM_ECONOMICS_APPEAL_DEBUFF_MODIFIER'),
	('HD_PETROLEUM_ECONOMICS_PRODUCTION_MODIFIER',								'YieldType',				'YIELD_PRODUCTION'),
	('HD_PETROLEUM_ECONOMICS_PRODUCTION_MODIFIER',								'Amount',						10),
	('HD_PETROLEUM_ECONOMICS_GOLD_MODIFIER',											'YieldType',				'YIELD_GOLD'),
	('HD_PETROLEUM_ECONOMICS_GOLD_MODIFIER',											'Amount',						10),
	('HD_PETROLEUM_ECONOMICS_APPEAL_DEBUFF_MODIFIER',							'Amount',						-1),
	('HD_INTELLIGENT_TRAINING_UNIT_PRODUCTION',							'BonusType',				'GOVERNMENTBONUS_UNIT_PRODUCTION'),
	('HD_INTELLIGENT_TRAINING_UNIT_PRODUCTION',							'Amount',						100),
	('HD_CRYPTOCURRENCY_TRADE_CULTURE',											'YieldType',				'YIELD_CULTURE'),
	('HD_CRYPTOCURRENCY_TRADE_CULTURE',											'Amount',						6),
	('HD_CRYPTOCURRENCY_TRADE_SCIENCE',											'YieldType',				'YIELD_SCIENCE'),
	('HD_CRYPTOCURRENCY_TRADE_SCIENCE',											'Amount',						6),
	('HD_CRYPTOCURRENCY_COMMERCIAL_BONUS',									'YieldType',				'YIELD_GOLD'),
	('HD_CRYPTOCURRENCY_COMMERCIAL_BONUS',									'Amount',						100),
	('HD_CRYPTOCURRENCY_HARBOR_BONUS',											'YieldType',				'YIELD_GOLD'),
	('HD_CRYPTOCURRENCY_HARBOR_BONUS',											'Amount',						100),
	('HD_DIGITAL_TWIN_CAMPUS_BONUS',											  'YieldType',				'YIELD_SCIENCE'),
	('HD_DIGITAL_TWIN_CAMPUS_BONUS',											  'Amount',						100),
	('HD_DIGITAL_TWIN_THEATER_BONUS',											  'YieldType',				'YIELD_CULTURE'),
	('HD_DIGITAL_TWIN_THEATER_BONUS',											  'Amount',						100),
	('HD_INTELLIGENT_INDUSTRY_ENCAMPMENT_BONUS',												'YieldType',				'YIELD_PRODUCTION'),
	('HD_INTELLIGENT_INDUSTRY_ENCAMPMENT_BONUS',												'Amount',						100),
	('HD_INTELLIGENT_INDUSTRY_INDUSTRIAL_BONUS',											  'YieldType',				'YIELD_PRODUCTION'),
	('HD_INTELLIGENT_INDUSTRY_INDUSTRIAL_BONUS',											  'Amount',						100),
	('HD_INTELLIGENT_INDUSTRY_WONMDER_BONUS',											  		'Amount',						25),
	('HD_INTELLIGENT_INDUSTRY_WONMDER_BONUS',											  		'IsWonder',					1),
	('HD_INTELLIGENT_INDUSTRY_WONMDER_BONUS',											  		'StartEra',					'ERA_ANCIENT'),
	('HD_INTELLIGENT_INDUSTRY_WONMDER_BONUS',											  		'EndEra',						'ERA_FUTURE'),
	('HD_INTELLIGENT_CITY_TRADE_FOOD',												'YieldType',				'YIELD_FOOD'),
	('HD_INTELLIGENT_CITY_TRADE_FOOD',												'Amount',						6),
	('HD_INTELLIGENT_CITY_TRADE_PRODUCTION',											  'YieldType',				'YIELD_PRODUCTION'),
	('HD_INTELLIGENT_CITY_TRADE_PRODUCTION',											  'Amount',						6),
	('HD_INTELLIGENT_CITY_DISTRICT',											  		'Amount',						50),
	('HD_INTELLIGENT_CITY_BUILDING',											  		'IsWonder',					0),
	('HD_INTELLIGENT_CITY_BUILDING',											  		'Amount',						50),
	('HD_INTELLIGENT_CITY_PLOT_PURCHASE',											  'Amount',						-50),
	('HD_INTELLIGENT_CITY_BUILDER',											  			'Amount',						4),
	('HD_MANKIND_FUTURE_ALLIANCE_POINTS',					'Amount',							24),
	('HD_MANKIND_FUTURE_FOODTOALLY',								'YieldType',					'YIELD_FOOD'),
	('HD_MANKIND_FUTURE_FOODFROMALLY',							'YieldType',					'YIELD_FOOD'),
	('HD_MANKIND_FUTURE_FOODTOSUZERAIN',						'YieldType',					'YIELD_FOOD'),
	('HD_MANKIND_FUTURE_FOODFROMSUZERAIN',					'YieldType',					'YIELD_FOOD'),
	('HD_MANKIND_FUTURE_PRODUCTIONTOALLY',					'YieldType',					'YIELD_PRODUCTION'),
	('HD_MANKIND_FUTURE_PRODUCTIONFROMALLY',				'YieldType',					'YIELD_PRODUCTION'),
	('HD_MANKIND_FUTURE_PRODUCTIONTOSUZERAIN',			'YieldType',					'YIELD_PRODUCTION'),
	('HD_MANKIND_FUTURE_PRODUCTIONFROMSUZERAIN',		'YieldType',					'YIELD_PRODUCTION'),
	('HD_MANKIND_FUTURE_CULTURETOALLY',								'YieldType',					'YIELD_CULTURE'),
	('HD_MANKIND_FUTURE_CULTUREFROMALLY',							'YieldType',					'YIELD_CULTURE'),
	('HD_MANKIND_FUTURE_CULTURETOSUZERAIN',						'YieldType',					'YIELD_CULTURE'),
	('HD_MANKIND_FUTURE_CULTUREFROMSUZERAIN',					'YieldType',					'YIELD_CULTURE'),
	('HD_MANKIND_FUTURE_SCIENCETOALLY',					'YieldType',					'YIELD_SCIENCE'),
	('HD_MANKIND_FUTURE_SCIENCEFROMALLY',				'YieldType',					'YIELD_SCIENCE'),
	('HD_MANKIND_FUTURE_SCIENCETOSUZERAIN',			'YieldType',					'YIELD_SCIENCE'),
	('HD_MANKIND_FUTURE_SCIENCEFROMSUZERAIN',		'YieldType',					'YIELD_SCIENCE'),
	('HD_MANKIND_FUTURE_GOLDTOALLY',								'YieldType',					'YIELD_GOLD'),
	('HD_MANKIND_FUTURE_GOLDFROMALLY',							'YieldType',					'YIELD_GOLD'),
	('HD_MANKIND_FUTURE_GOLDTOSUZERAIN',						'YieldType',					'YIELD_GOLD'),
	('HD_MANKIND_FUTURE_GOLDFROMSUZERAIN',					'YieldType',					'YIELD_GOLD'),
	('HD_MANKIND_FUTURE_FAITHTOALLY',					'YieldType',					'YIELD_FAITH'),
	('HD_MANKIND_FUTURE_FAITHFROMALLY',				'YieldType',					'YIELD_FAITH'),
	('HD_MANKIND_FUTURE_FAITHTOSUZERAIN',			'YieldType',					'YIELD_FAITH'),
	('HD_MANKIND_FUTURE_FAITHFROMSUZERAIN',		'YieldType',					'YIELD_FAITH'),
	('HD_MANKIND_FUTURE_FOODTOALLY',								'Amount',							6),
	('HD_MANKIND_FUTURE_FOODFROMALLY',							'Amount',							6),
	('HD_MANKIND_FUTURE_FOODTOSUZERAIN',						'Amount',							6),
	('HD_MANKIND_FUTURE_FOODFROMSUZERAIN',					'Amount',							6),
	('HD_MANKIND_FUTURE_PRODUCTIONTOALLY',					'Amount',							6),
	('HD_MANKIND_FUTURE_PRODUCTIONFROMALLY',				'Amount',							6),
	('HD_MANKIND_FUTURE_PRODUCTIONTOSUZERAIN',			'Amount',							6),
	('HD_MANKIND_FUTURE_PRODUCTIONFROMSUZERAIN',		'Amount',							6),
	('HD_MANKIND_FUTURE_CULTURETOALLY',								'Amount',						6),
	('HD_MANKIND_FUTURE_CULTUREFROMALLY',							'Amount',						6),
	('HD_MANKIND_FUTURE_CULTURETOSUZERAIN',						'Amount',						6),
	('HD_MANKIND_FUTURE_CULTUREFROMSUZERAIN',					'Amount',						6),
	('HD_MANKIND_FUTURE_SCIENCETOALLY',					'Amount',							6),
	('HD_MANKIND_FUTURE_SCIENCEFROMALLY',				'Amount',							6),
	('HD_MANKIND_FUTURE_SCIENCETOSUZERAIN',			'Amount',							6),
	('HD_MANKIND_FUTURE_SCIENCEFROMSUZERAIN',		'Amount',							6),
	('HD_MANKIND_FUTURE_GOLDTOALLY',								'Amount',							6),
	('HD_MANKIND_FUTURE_GOLDFROMALLY',							'Amount',							6),
	('HD_MANKIND_FUTURE_GOLDTOSUZERAIN',						'Amount',							6),
	('HD_MANKIND_FUTURE_GOLDFROMSUZERAIN',					'Amount',							6),
	('HD_MANKIND_FUTURE_FAITHTOALLY',					'Amount',							6),
	('HD_MANKIND_FUTURE_FAITHFROMALLY',				'Amount',							6),
	('HD_MANKIND_FUTURE_FAITHTOSUZERAIN',			'Amount',							6),
	('HD_MANKIND_FUTURE_FAITHFROMSUZERAIN',		'Amount',							6),
	('HD_DRY_STONE_PRODUCTION',											'YieldType',					'YIELD_PRODUCTION'),
	('HD_DRY_STONE_PRODUCTION',											'Amount',							1),
	('HD_DRY_STONE_GREAT_ENGINEER_POINTS_ATTACH',		'ModifierId',					'HD_DRY_STONE_GREAT_ENGINEER_POINTS'),
	('HD_DRY_STONE_GREAT_ENGINEER_POINTS',					'Amount',								2),
	('HD_DRY_STONE_GREAT_ENGINEER_POINTS',					'GreatPersonClassType',	'GREAT_PERSON_CLASS_ENGINEER'),
	('HD_CHARCOAL_KILN_PRODUCTION',					'YieldType',	'YIELD_PRODUCTION'),
	('HD_CHARCOAL_KILN_PRODUCTION',					'Amount',			2),
	('HD_CHARCOAL_KILN_AMENITY',						'Amount',			1),
	('HD_AGRICULTURAL_MECHANIZATION_ATTACH',		'ModifierId',	'HD_AGRICULTURAL_MECHANIZATION_MODIFIER'),
	('HD_AGRICULTURAL_MECHANIZATION_MODIFIER',	'YieldType',	'YIELD_FOOD,YIELD_PRODUCTION'),
	('HD_AGRICULTURAL_MECHANIZATION_MODIFIER',	'Amount',			'2,2'),
	('HD_UNMANNED_FACTORY_EXTRA_GOLD_CONSUME_1',	'YieldType',	'YIELD_GOLD'),
	('HD_UNMANNED_FACTORY_EXTRA_GOLD_CONSUME_1',	'Amount',			-5),
	('HD_UNMANNED_FACTORY_EXTRA_GOLD_CONSUME_2',	'YieldType',	'YIELD_GOLD'),
	('HD_UNMANNED_FACTORY_EXTRA_GOLD_CONSUME_2',	'Amount',			-5),
	('HD_UNMANNED_FACTORY_PLOT_YIELD_ATTACH_1',		'ModifierId',	'HD_UNMANNED_FACTORY_PLOT_YIELD_1'),
	('HD_UNMANNED_FACTORY_PLOT_YIELD_ATTACH_2',		'ModifierId',	'HD_UNMANNED_FACTORY_PLOT_YIELD_2'),
	('HD_UNMANNED_FACTORY_PLOT_YIELD_1',					'YieldType',	'YIELD_PRODUCTION'),
	('HD_UNMANNED_FACTORY_PLOT_YIELD_1',					'Amount',			5),
	('HD_UNMANNED_FACTORY_PLOT_YIELD_2',					'YieldType',	'YIELD_PRODUCTION'),
	('HD_UNMANNED_FACTORY_PLOT_YIELD_2',					'Amount',			5),
	('HD_ROBOT_PRODUCTION_SELF_YIELD',							'YieldType',	'YIELD_FOOD,YIELD_PRODUCTION'),
	('HD_ROBOT_PRODUCTION_SELF_YIELD',							'Amount',			'2,2'),
	('HD_ROBOT_PRODUCTION_ADJACENT_YIELD_ATTACH',		'ModifierId',	'HD_ROBOT_PRODUCTION_ADJACENT_YIELD_MODIFIER'),
	('HD_ROBOT_PRODUCTION_ADJACENT_YIELD_MODIFIER',	'YieldType',	'YIELD_FOOD,YIELD_PRODUCTION'),
	('HD_ROBOT_PRODUCTION_ADJACENT_YIELD_MODIFIER',	'Amount',			'2,2'),
	('HD_FUTURE_COUNTER_SCIENCE_OFFENSIVE_SPY_BETTER',	'Offense',			1),
	('HD_FUTURE_COUNTER_SCIENCE_OFFENSIVE_SPY_BETTER',	'Amount',				2),
	('HD_FUTURE_COUNTER_SCIENCE_OFFENSIVE_SPY_SCIENCE',	'YieldType',		'YIELD_SCIENCE'),
	('HD_FUTURE_COUNTER_SCIENCE_OFFENSIVE_SPY_SCIENCE',	'Percent',			500),
	('HD_FUTURE_COUNTER_SCIENCE_OFFENSIVE_SPY_CULTURE',	'YieldType',		'YIELD_CULTURE'),
	('HD_FUTURE_COUNTER_SCIENCE_OFFENSIVE_SPY_CULTURE',	'Percent',			500),
	('HD_FUTURE_COUNTER_SCIENCE_OFFENSIVE_SPY_FAITH',		'YieldType',		'YIELD_FAITH'),
	('HD_FUTURE_COUNTER_SCIENCE_OFFENSIVE_SPY_FAITH',		'Percent',			500);

insert or replace into ModifierStrings
	(ModifierId,							Context,	Text)
values
	('LIGHTNING_WARFARE_CAVALRY_STRENGTH',	'Preview',	'+{1_Amount} {LOC_LIGHTNING_WARFARE_CAVALRY_STRENGTH_PREVIEW_TEXT}');

insert or replace into GlobalParameters
	(Name,                                              Value)
values
	('HD_GOSPEL_LOCALISATION_RELIGIOUS_PRESSURE',       200),
	('HD_GREAT_AWAKENING_RELIGIOUS_PRESSURE',       		300),
	('HD_RELIGIOUS_BROADCASTING_RELIGIOUS_PRESSURE',    500),
	('HD_PRIEST_CLASS_FAITH_PERCENTAGE',    						10),
	('HD_PRIEST_CLASS_CULTURE_PERCENTAGE',    					5);
-------------------------------------------------------------------------------------------------------------------
-- Military production cards
-- land
-- POLICY_AGOGE, Ancient & classic
-- POLICY_FEUDAL_CONTRACT, + medival, renaissance
-- POLICY_GRANDE_ARMEE,	+ industrial, morden
-- POLICY_MILITARY_FIRST, all
-- naval
-- POLICY_MARITIME_INDUSTRIES, Ancient & classic
-- POLICY_PRESS_GANGS, until industrial
-- POLICY_INTERNATIONAL_WATERS, all

delete from PolicyModifiers where
	PolicyType = 'POLICY_AGOGE' or
	PolicyType = 'POLICY_FEUDAL_CONTRACT' or
	PolicyType = 'POLICY_GRANDE_ARMEE' or
	PolicyType = 'POLICY_MILITARY_FIRST' or
	PolicyType = 'POLICY_MARITIME_INDUSTRIES' or
	PolicyType = 'POLICY_PRESS_GANGS' or
	PolicyType = 'POLICY_INTERNATIONAL_WATERS';

create table 'PolicyUnitProductionValidEras'(
	'PolicyType' TEXT NOT null,
	'EraType' TEXT NOT null,
	'SpeedUpAmount' INTEGER NOT null DEFAULT 0,
	'SpeedUpPerTier' INTEGER NOT null DEFAULT 0,
	PRIMARY KEY('PolicyType', 'EraType'),
	FOREIGN KEY('PolicyType') REFERENCES Policies('PolicyType') ON DELETE CASCADE ON UPDATE CASCADE,
	FOREIGN KEY('EraType') REFERENCES Eras('EraType') ON DELETE CASCADE ON UPDATE CASCADE);

create table 'PolicyUnitProductionValidClasses'(
	'PolicyType' TEXT NOT null,
	'PromotionClassType' TEXT NOT null,
	'UnitDomain' TEXT,
	PRIMARY KEY('PolicyType', 'PromotionClassType'),
	FOREIGN KEY('PolicyType') REFERENCES Policies('PolicyType') ON DELETE CASCADE ON UPDATE CASCADE,
	FOREIGN KEY('PromotionClassType') REFERENCES UnitPromotionClasses('PromotionClassType') ON DELETE CASCADE ON UPDATE CASCADE);

insert or replace into PolicyUnitProductionValidEras
	(PolicyType,					EraType)
values
	('POLICY_HD_SCOUT_TRAINING',				'ERA_ANCIENT'),
	('POLICY_HD_SCOUT_TRAINING',				'ERA_CLASSICAL'),
	('POLICY_AGOGE',				'ERA_ANCIENT'),
	('POLICY_AGOGE',				'ERA_CLASSICAL'),
	('POLICY_FEUDAL_CONTRACT',		'ERA_ANCIENT'),
	('POLICY_FEUDAL_CONTRACT',		'ERA_CLASSICAL'),
	('POLICY_FEUDAL_CONTRACT',		'ERA_MEDIEVAL'),
	('POLICY_FEUDAL_CONTRACT',		'ERA_RENAISSANCE'),
	('POLICY_GRANDE_ARMEE',			'ERA_ANCIENT'),
	('POLICY_GRANDE_ARMEE',			'ERA_CLASSICAL'),
	('POLICY_GRANDE_ARMEE',			'ERA_MEDIEVAL'),
	('POLICY_GRANDE_ARMEE',			'ERA_RENAISSANCE'),
	('POLICY_GRANDE_ARMEE',			'ERA_INDUSTRIAL'),
	('POLICY_GRANDE_ARMEE',			'ERA_MODERN'),
	('POLICY_MILITARY_FIRST',		'ERA_ANCIENT'),
	('POLICY_MILITARY_FIRST',		'ERA_CLASSICAL'),
	('POLICY_MILITARY_FIRST',		'ERA_MEDIEVAL'),
	('POLICY_MILITARY_FIRST',		'ERA_RENAISSANCE'),
	('POLICY_MILITARY_FIRST',		'ERA_INDUSTRIAL'),
	('POLICY_MILITARY_FIRST',		'ERA_MODERN'),
	('POLICY_MILITARY_FIRST',		'ERA_ATOMIC'),
	('POLICY_MILITARY_FIRST',		'ERA_INFORMATION'),
	('POLICY_MARITIME_INDUSTRIES',	'ERA_ANCIENT'),
	('POLICY_MARITIME_INDUSTRIES',	'ERA_CLASSICAL'),
	('POLICY_PRESS_GANGS',			'ERA_ANCIENT'),
	('POLICY_PRESS_GANGS',			'ERA_CLASSICAL'),
	('POLICY_PRESS_GANGS',			'ERA_MEDIEVAL'),
	('POLICY_PRESS_GANGS',			'ERA_RENAISSANCE'),
	('POLICY_PRESS_GANGS',			'ERA_INDUSTRIAL'),
	('POLICY_INTERNATIONAL_WATERS',	'ERA_ANCIENT'),
	('POLICY_INTERNATIONAL_WATERS',	'ERA_CLASSICAL'),
	('POLICY_INTERNATIONAL_WATERS',	'ERA_MEDIEVAL'),
	('POLICY_INTERNATIONAL_WATERS',	'ERA_RENAISSANCE'),
	('POLICY_INTERNATIONAL_WATERS',	'ERA_INDUSTRIAL'),
	('POLICY_INTERNATIONAL_WATERS',	'ERA_MODERN'),
	('POLICY_INTERNATIONAL_WATERS',	'ERA_ATOMIC'),
	('POLICY_INTERNATIONAL_WATERS',	'ERA_INFORMATION');

-- Land
update PolicyUnitProductionValidEras set SpeedUpAmount = 30, SpeedUpPerTier = 10 where
	PolicyType = 'POLICY_AGOGE' or PolicyType = 'POLICY_FEUDAL_CONTRACT' or PolicyType = 'POLICY_GRANDE_ARMEE' or PolicyType = 'POLICY_MILITARY_FIRST';

-- Sea
update PolicyUnitProductionValidEras set SpeedUpAmount = 50, SpeedUpPerTier = 10 where
	PolicyType = 'POLICY_MARITIME_INDUSTRIES' or PolicyType = 'POLICY_PRESS_GANGS' or PolicyType = 'POLICY_INTERNATIONAL_WATERS';

-- Scout
update PolicyUnitProductionValidEras set SpeedUpAmount = 50, SpeedUpPerTier = 0 where
	PolicyType = 'POLICY_HD_SCOUT_TRAINING';

insert or replace into PolicyUnitProductionValidClasses	(PolicyType,	PromotionClassType,	UnitDomain)
select a.PolicyType, b.PromotionClassType,	'Land' from Policies a CROSS JOIN UnitPromotionClasses b where (
	a.PolicyType = 'POLICY_AGOGE' or
	a.PolicyType = 'POLICY_FEUDAL_CONTRACT' or
	a.PolicyType = 'POLICY_GRANDE_ARMEE' or
	a.PolicyType = 'POLICY_MILITARY_FIRST' ) and (
	b.PromotionClassType = 'PROMOTION_CLASS_RECON' or
	b.PromotionClassType = 'PROMOTION_CLASS_MELEE' or
	b.PromotionClassType = 'PROMOTION_CLASS_RANGED' or
	b.PromotionClassType = 'PROMOTION_CLASS_SIEGE' or
	b.PromotionClassType = 'PROMOTION_CLASS_ANTI_CAVALRY' or
	b.PromotionClassType = 'PROMOTION_CLASS_LIGHT_CAVALRY' or
	b.PromotionClassType = 'PROMOTION_CLASS_HEAVY_CAVALRY');

insert or replace into PolicyUnitProductionValidClasses (PolicyType,	PromotionClassType,	UnitDomain)
select a.PolicyType, b.PromotionClassType,	'Sea' from Policies a CROSS JOIN UnitPromotionClasses b where (
	a.PolicyType = 'POLICY_MARITIME_INDUSTRIES' or
	a.PolicyType = 'POLICY_PRESS_GANGS' or
	a.PolicyType = 'POLICY_INTERNATIONAL_WATERS' ) and (
	b.PromotionClassType = 'PROMOTION_CLASS_NAVAL_MELEE' or
	b.PromotionClassType = 'PROMOTION_CLASS_NAVAL_RANGED' or
	b.PromotionClassType = 'PROMOTION_CLASS_NAVAL_RAIDER');

insert or replace into PolicyUnitProductionValidClasses (PolicyType,	PromotionClassType,	UnitDomain) values
	('POLICY_HD_SCOUT_TRAINING',	'PROMOTION_CLASS_RECON',	'Land'),
	('POLICY_HD_SCOUT_TRAINING',	'PROMOTION_CLASS_NAVAL_RAIDER',	'Sea');

-------------------------------------------------------------------------------------------------------------------
-- 辐射范围
insert or replace into HD_PolicyRegionalRange (PolicyType, DistrictType, RegionalRange) values
	('POLICY_HD_LITERARY_NEWS_AGENCY',	'DISTRICT_CAMPUS',											3),
	('POLICY_HD_LITERARY_NEWS_AGENCY',	'DISTRICT_THEATER',											3),
	('POLICY_MERCHANT_CONFEDERATION',		'DISTRICT_COMMERCIAL_HUB',							3),
	('POLICY_MERCHANT_CONFEDERATION',		'DISTRICT_INDUSTRIAL_ZONE',							3),
	('POLICY_OVERALL_PLANNING',					'DISTRICT_NEIGHBORHOOD',								3),
	('POLICY_OVERALL_PLANNING',					'DISTRICT_ENTERTAINMENT_COMPLEX',				3),
	('POLICY_OVERALL_PLANNING',					'DISTRICT_WATER_ENTERTAINMENT_COMPLEX',	3),
	('POLICY_HD_BLOCK_MANAGEMENT',			'DISTRICT_CAMPUS',											3),
	('POLICY_HD_BLOCK_MANAGEMENT',			'DISTRICT_THEATER',											3),
	('POLICY_HD_BLOCK_MANAGEMENT',			'DISTRICT_COMMERCIAL_HUB',							3),
	('POLICY_HD_BLOCK_MANAGEMENT',			'DISTRICT_INDUSTRIAL_ZONE',							3),
	('POLICY_HD_BLOCK_MANAGEMENT',			'DISTRICT_NEIGHBORHOOD',								3),
	('POLICY_HD_BLOCK_MANAGEMENT',			'DISTRICT_ENTERTAINMENT_COMPLEX',				3),
	('POLICY_HD_BLOCK_MANAGEMENT',			'DISTRICT_WATER_ENTERTAINMENT_COMPLEX',	3),
	('POLICY_HD_BLOCK_MANAGEMENT',			'DISTRICT_HOLY_SITE',										3);

insert or replace into PolicyModifiers (PolicyType, ModifierId) select
	PolicyType, 'HD_ADD_PLAYER_' || DistrictType || '_' || RegionalRange || '_REGIONAL_RANGE'
from HD_PolicyRegionalRange;

insert or replace into Modifiers (ModifierId, ModifierType) select
	'HD_ADD_PLAYER_' || DistrictType || '_' || RegionalRange || '_REGIONAL_RANGE', 'MODIFIER_PLAYER_CITIES_ADJUST_PROPERTY'
from HD_PolicyRegionalRange;

insert or replace into ModifierArguments (ModifierId, Name, Value) select
	'HD_ADD_PLAYER_' || DistrictType || '_' || RegionalRange || '_REGIONAL_RANGE', 'Key', 'HD_SINGLE_DISTRICT_EXTRA_REGIONAL_RANGE_' || DistrictType
from HD_PolicyRegionalRange;

insert or replace into ModifierArguments (ModifierId, Name, Value) select
	'HD_ADD_PLAYER_' || DistrictType || '_' || RegionalRange || '_REGIONAL_RANGE', 'Amount', RegionalRange
from HD_PolicyRegionalRange;

-------------------------------------------------------------------------------------------------------------------
-- 隐修会
-- update ModifierArguments set Value = 50 where ModifierId = 'MONASTICISM_HOLYSITE_SCIENCE' and Name = 'Amount';
-- 敛财大亨
-- update ModifierArguments set Value = 25 where ModifierId = 'ROBBERBARONS_STOCKEXCHANGE_GOLD' and Name = 'Amount';
-- update ModifierArguments set Value = 15 where ModifierId = 'ROBBERBARONS_FACTORY_PRODUCTION' and Name = 'Amount';
update Modifiers set SubjectRequirementSetId = "CITY_HAS_DISTRICT_INDUSTRIAL_ZONE_TIER_3_BUILDING_REQUIREMENTS" where ModifierId = 'ROBBERBARONS_FACTORY_PRODUCTION';
update Modifiers set SubjectRequirementSetId = "CITY_HAS_DISTRICT_COMMERCIAL_HUB_TIER_4_BUILDING_REQUIREMENTS" where ModifierId = 'ROBBERBARONS_STOCKEXCHANGE_GOLD';
-- 殖民地税收
update ModifierArguments set Value = 15 where ModifierId = 'COLONIALTAXES_FOREIGNGOLD' and Name = 'Amount';
-- update ModifierArguments set Value = 5 where ModifierId = 'COLONIALTAXES_FOREIGNPRODUCTION' and Name = 'Amount';
-- 统治
-- update ModifierArguments set Value = 1 where ModifierId = 'RAJ_SCIENCEPERTRIBUTARY' and Name = 'Amount';
-- update ModifierArguments set Value = 1 where ModifierId = 'RAJ_CULTUREPERTRIBUTARY' and Name = 'Amount';

-- 遏制直接给冷战
delete from Types where Type = 'POLICY_CONTAINMENT';

update ModifierArguments set Value = 2 where ModifierId = 'TRIANGULARTRADE_TRADEROUTEFAITH' and Name = 'Amount';

-- Third Alternative
delete from PolicyModifiers where PolicyType = 'POLICY_THIRD_ALTERNATIVE';
create temporary table HD_ThirdAlternativeBuffedBuildings (
	BuildingType text not null,
	YieldType text not null default 'YIELD_CULTURE',
	Amount int not null default 2,
	ModifierId text,
	primary key (BuildingType, YieldType)
);
insert or replace into HD_ThirdAlternativeBuffedBuildings (BuildingType) select BuildingType from HD_BuildingTiers
	where PrereqDistrict = 'DISTRICT_CAMPUS' and Tier = 4 and ReplacesOther = 0;
insert or replace into HD_ThirdAlternativeBuffedBuildings (BuildingType) select BuildingType from HD_BuildingTiers
	where PrereqDistrict = 'DISTRICT_CAMPUS' and Tier = 3 and not exists (select BuildingType from HD_BuildingTiers where PrereqDistrict = 'DISTRICT_CAMPUS' and Tier = 4) and ReplacesOther = 0;
insert or replace into HD_ThirdAlternativeBuffedBuildings (BuildingType) select BuildingType from HD_BuildingTiers
	where PrereqDistrict = 'DISTRICT_ENCAMPMENT' and Tier = 3 and ReplacesOther = 0;
insert or replace into HD_ThirdAlternativeBuffedBuildings (BuildingType) select BuildingType from HD_BuildingTiers
	where PrereqDistrict = 'DISTRICT_INDUSTRIAL_ZONE' and Tier = 4 and ReplacesOther = 0;
insert or replace into HD_ThirdAlternativeBuffedBuildings (BuildingType) select BuildingType from HD_BuildingTiers
	where PrereqDistrict = 'DISTRICT_INDUSTRIAL_ZONE' and Tier = 3 and not exists (select BuildingType from HD_BuildingTiers where PrereqDistrict = 'DISTRICT_INDUSTRIAL_ZONE' and Tier = 4) and ReplacesOther = 0;
insert or replace into HD_ThirdAlternativeBuffedBuildings
	(BuildingType,	YieldType,		Amount)
select
	BuildingType,	'YIELD_GOLD',	4
from HD_ThirdAlternativeBuffedBuildings;
update HD_ThirdAlternativeBuffedBuildings set ModifierId = 'THIRD_ALTERNATIVE_' || BuildingType || '_' || YieldType;
insert or replace into PolicyModifiers
	(PolicyType,					ModifierId)
select
	'POLICY_THIRD_ALTERNATIVE',		ModifierId
from HD_ThirdAlternativeBuffedBuildings;
insert or replace into Modifiers
	(ModifierId,	ModifierType)
select
	ModifierId,		'MODIFIER_PLAYER_CITIES_ADJUST_BUILDING_YIELD_CHANGE'
from HD_ThirdAlternativeBuffedBuildings;
insert or replace into ModifierArguments
	(ModifierId,	Name,			Value)
select
	ModifierId,		'BuildingType',	BuildingType
from HD_ThirdAlternativeBuffedBuildings;
insert or replace into ModifierArguments
	(ModifierId,	Name,			Value)
select
	ModifierId,		'YieldType',	YieldType
from HD_ThirdAlternativeBuffedBuildings;
insert or replace into ModifierArguments
	(ModifierId,	Name,			Value)
select
	ModifierId,		'Amount',		Amount
from HD_ThirdAlternativeBuffedBuildings;

--间谍政策
insert or replace into Types
	(Type,									Kind)
values
	--城墙破坏者
	('POLICY_WALLBREAKER',					'KIND_POLICY'),
	--学者精神
	('POLICY_SCHOLAR_SPIRIT',				'KIND_POLICY'),
	--外交密探
	('POLICY_DIPLOMATIC_SPY',				'KIND_POLICY'),
	--英豪强化
	('POLICY_SPY_HEROES',				    'KIND_POLICY'),
	--审讯专家强化
	('POLICY_SPY_INQUISITOR',				'KIND_POLICY');
insert or replace into Policies
	(PolicyType,							Name,											Description,											PrereqCivic,								PrereqTech,					GovernmentSlotType)
values
	('POLICY_WALLBREAKER',					'LOC_POLICY_WALLBREAKER_NAME',					'LOC_POLICY_WALLBREAKER_DESCRIPTION',					NULL,						'TECH_BALLISTICS',						'SLOT_MILITARY'),
	('POLICY_SCHOLAR_SPIRIT',				'LOC_POLICY_SCHOLAR_SPIRIT_NAME',				'LOC_POLICY_SCHOLAR_SPIRIT_DESCRIPTION',				NULL,										'TECH_EDUCATION',			'SLOT_DIPLOMATIC'),
	('POLICY_DIPLOMATIC_SPY',				'LOC_POLICY_DIPLOMATIC_SPY_NAME',				'LOC_POLICY_DIPLOMATIC_SPY_DESCRIPTION',				'CIVIC_DIPLOMATIC_SERVICE',					NULL,						'SLOT_DIPLOMATIC'),
	('POLICY_SPY_HEROES',					'LOC_POLICY_SPY_HEROES_NAME',					'LOC_POLICY_SPY_HEROES_DESCRIPTION',					NULL,										'TECH_MILITARY_TACTICS',	'SLOT_MILITARY'),
	('POLICY_SPY_INQUISITOR',				'LOC_POLICY_SPY_INQUISITOR_NAME',				'LOC_POLICY_SPY_INQUISITOR_DESCRIPTION',				'CIVIC_LAW_HD',						NULL,						'SLOT_MILITARY');

insert or replace into Types
	(Type,											Kind)
values
	('ABILITY_DIPLOMATIC_SPY_INFLUENCE',			'KIND_ABILITY'),
	('ABILITY_DIPLOMATIC_SPY_INFLUENCE_DOUBLE',		'KIND_ABILITY'),
	('ABILITY_SPY_FOOD_PRODUCTION',					'KIND_ABILITY');

insert or replace into TypeTags
    (Type,                                              Tag)
values
    ('ABILITY_DIPLOMATIC_SPY_INFLUENCE',              	'CLASS_SPY'),
    ('ABILITY_DIPLOMATIC_SPY_INFLUENCE_DOUBLE',         'CLASS_SPY'),
	('ABILITY_SPY_FOOD_PRODUCTION',              		'CLASS_SPY'); 

insert or replace into UnitAbilities
    (UnitAbilityType,                        		Name,                                   				Description,                                   					inactive,   Permanent)
values
    ('ABILITY_DIPLOMATIC_SPY_INFLUENCE',     		'LOC_ABILITY_DIPLOMATIC_SPY_INFLUENCE_NAME',      		'LOC_ABILITY_DIPLOMATIC_SPY_INFLUENCE_DESCRIPTION',     		1,          0),
    ('ABILITY_DIPLOMATIC_SPY_INFLUENCE_DOUBLE',     'LOC_ABILITY_DIPLOMATIC_SPY_INFLUENCE_DOUBLE_NAME',     'LOC_ABILITY_DIPLOMATIC_SPY_INFLUENCE_DOUBLE_DESCRIPTION',      1,          0),
	('ABILITY_SPY_FOOD_PRODUCTION',     			'LOC_ABILITY_SPY_FOOD_PRODUCTION_NAME',      			'LOC_ABILITY_SPY_FOOD_PRODUCTION_DESCRIPTION',     				1,          0);

insert or ignore into UnitAbilityModifiers
    (UnitAbilityType,                                   ModifierId)
values
    ('ABILITY_DIPLOMATIC_SPY_INFLUENCE',              	'DIPLOMATIC_SPY_INFLUENCE'),
    ('ABILITY_DIPLOMATIC_SPY_INFLUENCE_DOUBLE',      	'DIPLOMATIC_SPY_INFLUENCE_DOUBLE'),
	('ABILITY_SPY_FOOD_PRODUCTION',              		'SPY_RECEIVE_FOOD'),
    ('ABILITY_SPY_FOOD_PRODUCTION',      				'SPY_RECEIVE_PRODUCTION');

insert or replace into Modifiers
    (ModifierId,                                    ModifierType,                                                   SubjectStackLimit,      SubjectRequirementSetId)
values
    ('DIPLOMATIC_SPY_INFLUENCE',           			'MODIFIER_PLAYER_ADJUST_INFLUENCE_POINTS_PER_TURN',          	NULL,              		NULL),
    ('DIPLOMATIC_SPY_INFLUENCE_DOUBLE',  			'MODIFIER_PLAYER_ADJUST_INFLUENCE_POINTS_PER_TURN',           	NULL,              		NULL),
	('SPY_RECEIVE_FOOD',           					'MODIFIER_PLAYER_CITIES_ADJUST_CITY_YIELD_MODIFIER',          	1,              		'WITHIN_6_TILES_FROM_OWNER'),
    ('SPY_RECEIVE_PRODUCTION',  					'MODIFIER_PLAYER_CITIES_ADJUST_CITY_YIELD_MODIFIER',           	1,              		'WITHIN_6_TILES_FROM_OWNER');

insert or replace into ModifierArguments
    (ModifierId,                                 Name,                      Value)
values
    ('DIPLOMATIC_SPY_INFLUENCE',         		'Amount',                  2),
	('DIPLOMATIC_SPY_INFLUENCE_DOUBLE',  		'Amount',                  4),
	('SPY_RECEIVE_FOOD',         				'YieldType',               'YIELD_FOOD'),
	('SPY_RECEIVE_FOOD',  						'Amount',                  5),
	('SPY_RECEIVE_PRODUCTION',         			'YieldType',               'YIELD_PRODUCTION'),
	('SPY_RECEIVE_PRODUCTION',  				'Amount',                  5);

insert or ignore into RequirementSets
	(RequirementSetId,					RequirementSetType)
values 
	('WITHIN_6_TILES_FROM_OWNER',		'REQUIREMENTSET_TEST_ALL');

insert or ignore into RequirementSetRequirements
	(RequirementSetId,					RequirementId)
values 
	('WITHIN_6_TILES_FROM_OWNER',		'REQUIRES_WITHIN_6_TILES_FROM_OWNER');

insert or ignore into Requirements
	(RequirementId,								RequirementType)
values
	('REQUIRES_WITHIN_6_TILES_FROM_OWNER',		'REQUIREMENT_PLOT_ADJACENT_TO_OWNER');

insert or ignore into RequirementArguments
	(RequirementId,							Name,			Value)
values 
	('REQUIRES_WITHIN_6_TILES_FROM_OWNER',	'MinDistance',	0),
	('REQUIRES_WITHIN_6_TILES_FROM_OWNER',	'MaxDistance',	6);

-- 数字文旅
insert or replace into PolicyModifiers
	(PolicyType,											ModifierId)
select
	'POLICY_HD_DIGITAL_TOURISM',			'HD_DIGITAL_TOURISM_' || GreatWorkObjectType || '_TOURISM_MODIFIER'
from GreatWorkObjectTypes where GreatWorkObjectType != 'GREATWORKOBJECT_PRODUCT';

insert or replace into Modifiers
	(ModifierId,																														ModifierType)
select
	'HD_DIGITAL_TOURISM_' || GreatWorkObjectType || '_TOURISM_MODIFIER',		'MODIFIER_PLAYER_CITIES_ADJUST_TOURISM'
from GreatWorkObjectTypes where GreatWorkObjectType != 'GREATWORKOBJECT_PRODUCT';

insert or replace into ModifierArguments
	(ModifierId,																														Name,										Value)
select
	'HD_DIGITAL_TOURISM_' || GreatWorkObjectType || '_TOURISM_MODIFIER',		'ScalingFactor',				400
from GreatWorkObjectTypes where GreatWorkObjectType != 'GREATWORKOBJECT_PRODUCT';

insert or replace into ModifierArguments
	(ModifierId,																														Name,										Value)
select
	'HD_DIGITAL_TOURISM_' || GreatWorkObjectType || '_TOURISM_MODIFIER',		'GreatWorkObjectType',	GreatWorkObjectType
from GreatWorkObjectTypes where GreatWorkObjectType != 'GREATWORKOBJECT_PRODUCT';

-- 博物馆门票
insert or replace into PolicyModifiers
	(PolicyType,											ModifierId)
select
	'POLICY_HD_MUSEUM_TICKET',			 'HD_MUSEUM_TICKET_' || GreatWorkObjectType || '_TOURISM_MODIFIER'
from GreatWorkObjectTypes where GreatWorkObjectType in ('GREATWORKOBJECT_SCULPTURE', 'GREATWORKOBJECT_PORTRAIT', 'GREATWORKOBJECT_LANDSCAPE', 'GREATWORKOBJECT_RELIGIOUS', 'GREATWORKOBJECT_ARTIFACT');

insert or replace into Modifiers
	(ModifierId,																														ModifierType,															SubjectRequirementSetId)
select
	'HD_MUSEUM_TICKET_' || GreatWorkObjectType || '_TOURISM_MODIFIER',			'MODIFIER_PLAYER_CITIES_ADJUST_TOURISM',	'BUILDING_IS_MUSEUM'
from GreatWorkObjectTypes where GreatWorkObjectType in ('GREATWORKOBJECT_SCULPTURE', 'GREATWORKOBJECT_PORTRAIT', 'GREATWORKOBJECT_LANDSCAPE', 'GREATWORKOBJECT_RELIGIOUS', 'GREATWORKOBJECT_ARTIFACT');

insert or replace into ModifierArguments
	(ModifierId,																														Name,										Value)
select
	'HD_MUSEUM_TICKET_' || GreatWorkObjectType || '_TOURISM_MODIFIER',			'ScalingFactor',				200
from GreatWorkObjectTypes where GreatWorkObjectType in ('GREATWORKOBJECT_SCULPTURE', 'GREATWORKOBJECT_PORTRAIT', 'GREATWORKOBJECT_LANDSCAPE', 'GREATWORKOBJECT_RELIGIOUS', 'GREATWORKOBJECT_ARTIFACT');

insert or replace into ModifierArguments
	(ModifierId,																														Name,										Value)
select
	'HD_MUSEUM_TICKET_' || GreatWorkObjectType || '_TOURISM_MODIFIER',			'GreatWorkObjectType',	GreatWorkObjectType
from GreatWorkObjectTypes where GreatWorkObjectType in ('GREATWORKOBJECT_SCULPTURE', 'GREATWORKOBJECT_PORTRAIT', 'GREATWORKOBJECT_LANDSCAPE', 'GREATWORKOBJECT_RELIGIOUS', 'GREATWORKOBJECT_ARTIFACT');

insert or replace into PolicyModifiers
	(PolicyType,											ModifierId)
select
	'POLICY_HD_MUSEUM_TICKET',			 'HD_MUSEUM_TICKET_' || GreatWorkObjectType || '_GOLD'
from GreatWorkObjectTypes where GreatWorkObjectType in ('GREATWORKOBJECT_SCULPTURE', 'GREATWORKOBJECT_PORTRAIT', 'GREATWORKOBJECT_LANDSCAPE', 'GREATWORKOBJECT_RELIGIOUS', 'GREATWORKOBJECT_ARTIFACT');

insert or replace into Modifiers
	(ModifierId,																														ModifierType,																			SubjectRequirementSetId)
select
	'HD_MUSEUM_TICKET_' || GreatWorkObjectType || '_GOLD',									'MODIFIER_PLAYER_CITIES_ADJUST_GREATWORK_YIELD',	'BUILDING_IS_MUSEUM'
from GreatWorkObjectTypes where GreatWorkObjectType in ('GREATWORKOBJECT_SCULPTURE', 'GREATWORKOBJECT_PORTRAIT', 'GREATWORKOBJECT_LANDSCAPE', 'GREATWORKOBJECT_RELIGIOUS', 'GREATWORKOBJECT_ARTIFACT');

insert or replace into ModifierArguments
	(ModifierId,																														Name,										Value)
select
	'HD_MUSEUM_TICKET_' || GreatWorkObjectType || '_GOLD',									'YieldType',						'YIELD_GOLD'
from GreatWorkObjectTypes where GreatWorkObjectType in ('GREATWORKOBJECT_SCULPTURE', 'GREATWORKOBJECT_PORTRAIT', 'GREATWORKOBJECT_LANDSCAPE', 'GREATWORKOBJECT_RELIGIOUS', 'GREATWORKOBJECT_ARTIFACT');

insert or replace into ModifierArguments
	(ModifierId,																														Name,										Value)
select
	'HD_MUSEUM_TICKET_' || GreatWorkObjectType || '_GOLD',									'YieldChange',					9
from GreatWorkObjectTypes where GreatWorkObjectType in ('GREATWORKOBJECT_SCULPTURE', 'GREATWORKOBJECT_PORTRAIT', 'GREATWORKOBJECT_LANDSCAPE', 'GREATWORKOBJECT_RELIGIOUS', 'GREATWORKOBJECT_ARTIFACT');

insert or replace into ModifierArguments
	(ModifierId,																														Name,										Value)
select
	'HD_MUSEUM_TICKET_' || GreatWorkObjectType || '_GOLD',									'GreatWorkObjectType',	GreatWorkObjectType
from GreatWorkObjectTypes where GreatWorkObjectType in ('GREATWORKOBJECT_SCULPTURE', 'GREATWORKOBJECT_PORTRAIT', 'GREATWORKOBJECT_LANDSCAPE', 'GREATWORKOBJECT_RELIGIOUS', 'GREATWORKOBJECT_ARTIFACT');

-- 公共空间设计
insert or replace into PolicyModifiers
	(PolicyType,											ModifierId)
select
	'POLICY_HD_PUBLIC_SPACE_DESIGN',	'HD_PUBLIC_SPACE_DESIGN_' || DistrictType || '_ATTACH'
from DistrictCorrespondingYieldType_HD where HasAdjacency = 1;

insert or replace into Modifiers
	(ModifierId,																							ModifierType,																	SubjectRequirementSetId)
select
	'HD_PUBLIC_SPACE_DESIGN_' || DistrictType || '_ATTACH',		'MODIFIER_PLAYER_DISTRICTS_ATTACH_MODIFIER',	'DISTRICT_IS_BREATHTAKING_NEIGHBORHOOD'
from DistrictCorrespondingYieldType_HD where HasAdjacency = 1;

insert or replace into ModifierArguments
	(ModifierId,																							Name,						Value)
select
	'HD_PUBLIC_SPACE_DESIGN_' || DistrictType || '_ATTACH',		'ModifierId',		'HD_PUBLIC_SPACE_DESIGN_' || DistrictType || '_BONUS'
from DistrictCorrespondingYieldType_HD where HasAdjacency = 1;

insert or replace into Modifiers
	(ModifierId,																							ModifierType,																				SubjectRequirementSetId,													SubjectStackLimit)
select
	'HD_PUBLIC_SPACE_DESIGN_' || DistrictType || '_BONUS',		'MODIFIER_PLAYER_DISTRICTS_ADJUST_YIELD_MODIFIER',	'HD_DISTRICT_IS_' || DistrictType || '_ADJACENT',	1
from DistrictCorrespondingYieldType_HD where HasAdjacency = 1;

insert or replace into ModifierArguments
	(ModifierId,																							Name,						Value)
select
	'HD_PUBLIC_SPACE_DESIGN_' || DistrictType || '_BONUS',		'YieldType',		YieldType
from DistrictCorrespondingYieldType_HD where HasAdjacency = 1;

insert or replace into ModifierArguments
	(ModifierId,																							Name,						Value)
select
	'HD_PUBLIC_SPACE_DESIGN_' || DistrictType || '_BONUS',		'Amount',				100
from DistrictCorrespondingYieldType_HD where HasAdjacency = 1;

-- 法制现代化 POLICY_HD_MODERNIZATION_LAW
insert or replace into PolicyModifiers (PolicyType, ModifierId) select
	'POLICY_HD_MODERNIZATION_LAW',	'HD_MODERNIZATION_LAW_' || a.BuildingType || '_' || b.YieldType || '_BONUS'
from HD_HighestTierBuildings a, Yields b where b.YieldType in ('YIELD_SCIENCE', 'YIELD_CULTURE')
	and a.PrereqDistrict in ('DISTRICT_NEIGHBORHOOD', 'DISTRICT_GOVERNMENT', 'DISTRICT_DIPLOMATIC_QUARTER');

insert or replace into Modifiers (ModifierId, ModifierType, SubjectRequirementSetId) select
	'HD_MODERNIZATION_LAW_' || a.BuildingType || '_' || b.YieldType || '_BONUS',		'MODIFIER_PLAYER_CITIES_ADJUST_CITY_YIELD_CHANGE',	'PLAYER_HAS_' || a.BuildingType || '_REQUIREMENTS'
from HD_HighestTierBuildings a, Yields b where b.YieldType in ('YIELD_SCIENCE', 'YIELD_CULTURE')
	and a.PrereqDistrict in ('DISTRICT_NEIGHBORHOOD', 'DISTRICT_GOVERNMENT', 'DISTRICT_DIPLOMATIC_QUARTER');

insert or replace into ModifierArguments (ModifierId, Name, Value) select
	'HD_MODERNIZATION_LAW_' || a.BuildingType || '_' || b.YieldType || '_BONUS',		'YieldType',		b.YieldType
from HD_HighestTierBuildings a, Yields b where b.YieldType in ('YIELD_SCIENCE', 'YIELD_CULTURE')
	and a.PrereqDistrict in ('DISTRICT_NEIGHBORHOOD', 'DISTRICT_GOVERNMENT', 'DISTRICT_DIPLOMATIC_QUARTER');

insert or replace into ModifierArguments (ModifierId, Name, Value) select
	'HD_MODERNIZATION_LAW_' || a.BuildingType || '_' || b.YieldType || '_BONUS',		'Amount',				1
from HD_HighestTierBuildings a, Yields b where b.YieldType in ('YIELD_SCIENCE', 'YIELD_CULTURE')
	and a.PrereqDistrict in ('DISTRICT_NEIGHBORHOOD', 'DISTRICT_GOVERNMENT', 'DISTRICT_DIPLOMATIC_QUARTER');

-- 超级大国 POLICY_SUPERPOWER
insert or replace into PolicyModifiers (PolicyType, ModifierId) select
	'POLICY_SUPERPOWER',	'HD_SUPERPOWER_' || a.BuildingType || '_' || b.YieldType || '_BONUS'
from HD_HighestTierBuildings a, Yields b where b.YieldType in ('YIELD_SCIENCE', 'YIELD_CULTURE');

insert or replace into Modifiers (ModifierId, ModifierType, SubjectRequirementSetId) select
	'HD_SUPERPOWER_' || a.BuildingType || '_' || b.YieldType || '_BONUS',		'MODIFIER_PLAYER_CITIES_ADJUST_CITY_YIELD_CHANGE',	'PLAYER_HAS_' || a.BuildingType || '_REQUIREMENTS'
from HD_HighestTierBuildings a, Yields b where b.YieldType in ('YIELD_SCIENCE', 'YIELD_CULTURE');

insert or replace into ModifierArguments (ModifierId, Name, Value) select
	'HD_SUPERPOWER_' || a.BuildingType || '_' || b.YieldType || '_BONUS',		'YieldType',		b.YieldType
from HD_HighestTierBuildings a, Yields b where b.YieldType in ('YIELD_SCIENCE', 'YIELD_CULTURE');

insert or replace into ModifierArguments (ModifierId, Name, Value) select
	'HD_SUPERPOWER_' || a.BuildingType || '_' || b.YieldType || '_BONUS',		'Amount',				1
from HD_HighestTierBuildings a, Yields b where b.YieldType in ('YIELD_SCIENCE', 'YIELD_CULTURE');

-- 远程教育
insert or replace into PolicyModifiers
	(PolicyType,										ModifierId)
select
	'POLICY_HD_DISTANCE_EDUCATION',	'HD_DISTANCE_EDUCATION_' || a.DistrictType || '_POPULATION_' || b.YieldType
from DistrictCorrespondingYieldType_HD a, Yields b
	where a.RequiresPopulation = 1 and b.YieldType in ('YIELD_SCIENCE', 'YIELD_CULTURE');

insert or ignore into Modifiers
	(ModifierId,																																	ModifierType,																								SubjectRequirementSetId)
select
	'HD_DISTANCE_EDUCATION_' || a.DistrictType || '_POPULATION_' || b.YieldType,	'MODIFIER_PLAYER_CITIES_ADJUST_CITY_YIELD_PER_POPULATION',	'REQUIRES_CITY_HAS_' || a.DistrictType || '_UDMET'
from DistrictCorrespondingYieldType_HD a, Yields b
	where a.RequiresPopulation = 1 and b.YieldType in ('YIELD_SCIENCE', 'YIELD_CULTURE');

insert or replace into ModifierArguments
	(ModifierId,																																	Name,						Value)
select
	'HD_DISTANCE_EDUCATION_' || a.DistrictType || '_POPULATION_' || b.YieldType,	'YieldType',		b.YieldType
from DistrictCorrespondingYieldType_HD a, Yields b
	where a.RequiresPopulation = 1 and b.YieldType in ('YIELD_SCIENCE', 'YIELD_CULTURE');

insert or replace into ModifierArguments
	(ModifierId,																																	Name,						Value)
select
	'HD_DISTANCE_EDUCATION_' || a.DistrictType || '_POPULATION_' || b.YieldType,	'Amount',				0.2
from DistrictCorrespondingYieldType_HD a, Yields b
	where a.RequiresPopulation = 1 and b.YieldType in ('YIELD_SCIENCE', 'YIELD_CULTURE');

-- 数字孪生
insert or replace into PolicyModifiers
	(PolicyType,							ModifierId)
select
	'POLICY_HD_DIGITAL_TWIN',	'HD_DISTANCE_EDUCATION_' || a.DistrictType || '_POPULATION_' || b.YieldType
from DistrictCorrespondingYieldType_HD a, Yields b
	where a.RequiresPopulation = 1 and b.YieldType in ('YIELD_SCIENCE', 'YIELD_CULTURE');

-- 拍卖行
insert or replace into PolicyModifiers
	(PolicyType,											ModifierId)
select
	'POLICY_HD_AUCTION',			 				'HD_AUCTION_' || GreatWorkObjectType || '_TOURISM_MODIFIER'
from GreatWorkObjectTypes where GreatWorkObjectType in ('GREATWORKOBJECT_SCULPTURE', 'GREATWORKOBJECT_PORTRAIT', 'GREATWORKOBJECT_LANDSCAPE', 'GREATWORKOBJECT_RELIGIOUS');

insert or replace into Modifiers
	(ModifierId,																											ModifierType,															SubjectRequirementSetId)
select
	'HD_AUCTION_' || GreatWorkObjectType || '_TOURISM_MODIFIER',			'MODIFIER_PLAYER_CITIES_ADJUST_TOURISM',	'CITY_HAS_DISTRICT_COMMERCIAL_HUB_TIER_3_BUILDING_REQUIREMENTS'
from GreatWorkObjectTypes where GreatWorkObjectType in ('GREATWORKOBJECT_SCULPTURE', 'GREATWORKOBJECT_PORTRAIT', 'GREATWORKOBJECT_LANDSCAPE', 'GREATWORKOBJECT_RELIGIOUS');

insert or replace into ModifierArguments
	(ModifierId,																											Name,										Value)
select
	'HD_AUCTION_' || GreatWorkObjectType || '_TOURISM_MODIFIER',			'ScalingFactor',				150
from GreatWorkObjectTypes where GreatWorkObjectType in ('GREATWORKOBJECT_SCULPTURE', 'GREATWORKOBJECT_PORTRAIT', 'GREATWORKOBJECT_LANDSCAPE', 'GREATWORKOBJECT_RELIGIOUS');

insert or replace into ModifierArguments
	(ModifierId,																											Name,										Value)
select
	'HD_AUCTION_' || GreatWorkObjectType || '_TOURISM_MODIFIER',			'GreatWorkObjectType',	GreatWorkObjectType
from GreatWorkObjectTypes where GreatWorkObjectType in ('GREATWORKOBJECT_SCULPTURE', 'GREATWORKOBJECT_PORTRAIT', 'GREATWORKOBJECT_LANDSCAPE', 'GREATWORKOBJECT_RELIGIOUS');

insert or replace into PolicyModifiers
	(PolicyType,							 ModifierId)
select
	'POLICY_HD_AUCTION',			 'HD_AUCTION_' || GreatWorkObjectType || '_GOLD'
from GreatWorkObjectTypes where GreatWorkObjectType in ('GREATWORKOBJECT_SCULPTURE', 'GREATWORKOBJECT_PORTRAIT', 'GREATWORKOBJECT_LANDSCAPE', 'GREATWORKOBJECT_RELIGIOUS');

insert or replace into Modifiers
	(ModifierId,																											ModifierType,																			SubjectRequirementSetId)
select
	'HD_AUCTION_' || GreatWorkObjectType || '_GOLD',									'MODIFIER_PLAYER_CITIES_ADJUST_GREATWORK_YIELD',	'CITY_HAS_DISTRICT_COMMERCIAL_HUB_TIER_3_BUILDING_REQUIREMENTS'
from GreatWorkObjectTypes where GreatWorkObjectType in ('GREATWORKOBJECT_SCULPTURE', 'GREATWORKOBJECT_PORTRAIT', 'GREATWORKOBJECT_LANDSCAPE', 'GREATWORKOBJECT_RELIGIOUS');

insert or replace into ModifierArguments
	(ModifierId,																											Name,										Value)
select
	'HD_AUCTION_' || GreatWorkObjectType || '_GOLD',									'YieldType',						'YIELD_GOLD'
from GreatWorkObjectTypes where GreatWorkObjectType in ('GREATWORKOBJECT_SCULPTURE', 'GREATWORKOBJECT_PORTRAIT', 'GREATWORKOBJECT_LANDSCAPE', 'GREATWORKOBJECT_RELIGIOUS');

insert or replace into ModifierArguments
	(ModifierId,																											Name,										Value)
select
	'HD_AUCTION_' || GreatWorkObjectType || '_GOLD',									'YieldChange',					6
from GreatWorkObjectTypes where GreatWorkObjectType in ('GREATWORKOBJECT_SCULPTURE', 'GREATWORKOBJECT_PORTRAIT', 'GREATWORKOBJECT_LANDSCAPE', 'GREATWORKOBJECT_RELIGIOUS');

insert or replace into ModifierArguments
	(ModifierId,																											Name,										Value)
select
	'HD_AUCTION_' || GreatWorkObjectType || '_GOLD',									'GreatWorkObjectType',	GreatWorkObjectType
from GreatWorkObjectTypes where GreatWorkObjectType in ('GREATWORKOBJECT_SCULPTURE', 'GREATWORKOBJECT_PORTRAIT', 'GREATWORKOBJECT_LANDSCAPE', 'GREATWORKOBJECT_RELIGIOUS');

-- 去工业化
update Policies set Description = 'LOC_POLICY_HD_DEINDUSTRIALIZATION_CORP_DESCRIPTION'
	where PolicyType = 'POLICY_HD_DEINDUSTRIALIZATION' and exists (select ImprovementType from Improvements where ImprovementType = 'IMPROVEMENT_CORPORATION');
update Modifiers set ModifierType = 'MODIFIER_PLAYER_IMPROVEMENTS_ATTACH_MODIFIER', SubjectRequirementSetId = 'PLOT_HAS_IMPROVEMENT_CORPORATION_REQUIREMENTS'
	where ModifierId = 'HD_DEINDUSTRIALIZATION_GOLD_ATTACH' and exists (select ImprovementType from Improvements where ImprovementType = 'IMPROVEMENT_CORPORATION');

insert or replace into PolicyModifiers
	(PolicyType,							 						 ModifierId)
select
	'POLICY_HD_DEINDUSTRIALIZATION',			 'HD_DEINDUSTRIALIZATION_PRODUCT_TOURISM_ATTACH'
where exists (select ImprovementType from Improvements where ImprovementType = 'IMPROVEMENT_CORPORATION');

insert or replace into Modifiers
	(ModifierId,																			ModifierType,																			SubjectRequirementSetId)
select
	'HD_DEINDUSTRIALIZATION_PRODUCT_TOURISM_ATTACH',	'MODIFIER_PLAYER_IMPROVEMENTS_ATTACH_MODIFIER',		'PLOT_HAS_IMPROVEMENT_CORPORATION_REQUIREMENTS'
where exists (select ImprovementType from Improvements where ImprovementType = 'IMPROVEMENT_CORPORATION');

insert or replace into Modifiers
	(ModifierId,																			ModifierType,																			SubjectRequirementSetId)
select
	'HD_DEINDUSTRIALIZATION_PRODUCT_TOURISM',					'MODIFIER_PLAYER_CITIES_ADJUST_TOURISM',					NULL
where exists (select ImprovementType from Improvements where ImprovementType = 'IMPROVEMENT_CORPORATION');

insert or replace into ModifierArguments
	(ModifierId,																			Name,											Value)
select
	'HD_DEINDUSTRIALIZATION_PRODUCT_TOURISM_ATTACH',	'ModifierId',							'HD_DEINDUSTRIALIZATION_PRODUCT_TOURISM'
where exists (select ImprovementType from Improvements where ImprovementType = 'IMPROVEMENT_CORPORATION');

insert or replace into ModifierArguments
	(ModifierId,																	Name,										Value)
select
	'HD_DEINDUSTRIALIZATION_PRODUCT_TOURISM',			'ScalingFactor',				125
where exists (select ImprovementType from Improvements where ImprovementType = 'IMPROVEMENT_CORPORATION');

insert or replace into ModifierArguments
	(ModifierId,																	Name,										Value)
select
	'HD_DEINDUSTRIALIZATION_PRODUCT_TOURISM',			'GreatWorkObjectType',	'GREATWORKOBJECT_PRODUCT'
where exists (select ImprovementType from Improvements where ImprovementType = 'IMPROVEMENT_CORPORATION');

-- 贸易保护主义 POLICY_HD_TRADE_PROTECTIONISM
update Policies set Description = 'LOC_POLICY_HD_TRADE_PROTECTIONISM_CORP_DESCRIPTION'
	where PolicyType = 'POLICY_HD_TRADE_PROTECTIONISM' and exists (select ImprovementType from Improvements where ImprovementType = 'IMPROVEMENT_CORPORATION');

insert or replace into PolicyModifiers
	(PolicyType,							 						 ModifierId)
select
	'POLICY_HD_TRADE_PROTECTIONISM',			 'HD_TRADE_PROTECTIONISM_PRODUCT_TOURISM'
where exists (select ImprovementType from Improvements where ImprovementType = 'IMPROVEMENT_CORPORATION');

insert or replace into Modifiers
	(ModifierId,																			ModifierType,																			SubjectRequirementSetId)
select
	'HD_TRADE_PROTECTIONISM_PRODUCT_TOURISM',					'MODIFIER_PLAYER_CITIES_ADJUST_TOURISM',					NULL
where exists (select ImprovementType from Improvements where ImprovementType = 'IMPROVEMENT_CORPORATION');

insert or replace into ModifierArguments
	(ModifierId,																	Name,										Value)
select
	'HD_TRADE_PROTECTIONISM_PRODUCT_TOURISM',			'ScalingFactor',				200
where exists (select ImprovementType from Improvements where ImprovementType = 'IMPROVEMENT_CORPORATION');

insert or replace into ModifierArguments
	(ModifierId,																	Name,										Value)
select
	'HD_TRADE_PROTECTIONISM_PRODUCT_TOURISM',			'GreatWorkObjectType',	'GREATWORKOBJECT_PRODUCT'
where exists (select ImprovementType from Improvements where ImprovementType = 'IMPROVEMENT_CORPORATION');

-- 达达主义
insert or replace into PolicyModifiers
	(PolicyType,							 ModifierId)
select
	'POLICY_HD_DADAISM',			 'HD_DADAISM_' || GreatWorkObjectType || '_TOURISM_MODIFIER'
from GreatWorkObjectTypes where GreatWorkObjectType in ('GREATWORKOBJECT_SCULPTURE', 'GREATWORKOBJECT_PORTRAIT', 'GREATWORKOBJECT_LANDSCAPE', 'GREATWORKOBJECT_RELIGIOUS');

insert or replace into Modifiers
	(ModifierId,																											ModifierType)
select
	'HD_DADAISM_' || GreatWorkObjectType || '_TOURISM_MODIFIER',			'MODIFIER_PLAYER_CITIES_ADJUST_TOURISM'
from GreatWorkObjectTypes where GreatWorkObjectType in ('GREATWORKOBJECT_SCULPTURE', 'GREATWORKOBJECT_PORTRAIT', 'GREATWORKOBJECT_LANDSCAPE', 'GREATWORKOBJECT_RELIGIOUS');

insert or replace into ModifierArguments
	(ModifierId,																											Name,										Value)
select
	'HD_DADAISM_' || GreatWorkObjectType || '_TOURISM_MODIFIER',			'ScalingFactor',				300
from GreatWorkObjectTypes where GreatWorkObjectType in ('GREATWORKOBJECT_SCULPTURE', 'GREATWORKOBJECT_PORTRAIT', 'GREATWORKOBJECT_LANDSCAPE', 'GREATWORKOBJECT_RELIGIOUS');

insert or replace into ModifierArguments
	(ModifierId,																											Name,										Value)
select
	'HD_DADAISM_' || GreatWorkObjectType || '_TOURISM_MODIFIER',			'GreatWorkObjectType',	GreatWorkObjectType
from GreatWorkObjectTypes where GreatWorkObjectType in ('GREATWORKOBJECT_SCULPTURE', 'GREATWORKOBJECT_PORTRAIT', 'GREATWORKOBJECT_LANDSCAPE', 'GREATWORKOBJECT_RELIGIOUS');

-- 三权分立
	-- 瓶琴金
insert or replace into PolicyModifiers
	(PolicyType,							 					ModifierId)
select
	'POLICY_HD_SEPARATION_OF_POWERS',		'HD_SEPARATION_OF_POWERS_' || a.Tier || '_DISTRICT_' || b.YieldType || '_ATTACH'
from HD_BuildingTiers a, Yields b
	where a.BuildingType in ('BUILDING_GOV_TALL', 'BUILDING_GOV_CITYSTATES', 'BUILDING_GOV_MILITARY')
	and b.YieldType in ('YIELD_SCIENCE', 'YIELD_CULTURE', 'YIELD_GOLD');

insert or replace into Modifiers
	(ModifierId, ModifierType, SubjectRequirementSetId)
select
	'HD_SEPARATION_OF_POWERS_' || a.Tier || '_DISTRICT_' || b.YieldType || '_ATTACH',
	'MODIFIER_PLAYER_CITIES_ATTACH_MODIFIER',
	'CITY_HAS_DISTRICT_GOVERNMENT_TIER_' || a.Tier || '_BUILDING_REQUIREMENTS'
from HD_BuildingTiers a, Yields b
	where a.BuildingType in ('BUILDING_GOV_TALL', 'BUILDING_GOV_CITYSTATES', 'BUILDING_GOV_MILITARY')
	and b.YieldType in ('YIELD_SCIENCE', 'YIELD_CULTURE', 'YIELD_GOLD');

insert or replace into Modifiers
	(ModifierId, ModifierType, SubjectRequirementSetId)
select
	'HD_SEPARATION_OF_POWERS_' || a.Tier || '_DISTRICT_' || b.YieldType || '_BONUS',
	'MODIFIER_CITY_DISTRICTS_ADJUST_YIELD_CHANGE',
	'HD_DISTRICTS_IS_NOT_WONDERS_REQUIREMENTS'
from HD_BuildingTiers a, Yields b
	where a.BuildingType in ('BUILDING_GOV_TALL', 'BUILDING_GOV_CITYSTATES', 'BUILDING_GOV_MILITARY')
	and b.YieldType in ('YIELD_SCIENCE', 'YIELD_CULTURE', 'YIELD_GOLD');

insert or replace into ModifierArguments
	(ModifierId, Name, Value)
select
	'HD_SEPARATION_OF_POWERS_' || a.Tier || '_DISTRICT_' || b.YieldType || '_ATTACH',
	'ModifierId',
	'HD_SEPARATION_OF_POWERS_' || a.Tier || '_DISTRICT_' || b.YieldType || '_BONUS'
from HD_BuildingTiers a, Yields b
	where a.BuildingType in ('BUILDING_GOV_TALL', 'BUILDING_GOV_CITYSTATES', 'BUILDING_GOV_MILITARY')
	and b.YieldType in ('YIELD_SCIENCE', 'YIELD_CULTURE', 'YIELD_GOLD');

insert or replace into ModifierArguments
	(ModifierId, Name, Value)
select
	'HD_SEPARATION_OF_POWERS_' || a.Tier || '_DISTRICT_' || b.YieldType || '_BONUS', 'YieldType', YieldType
from HD_BuildingTiers a, Yields b
	where a.BuildingType in ('BUILDING_GOV_TALL', 'BUILDING_GOV_CITYSTATES', 'BUILDING_GOV_MILITARY')
	and b.YieldType in ('YIELD_SCIENCE', 'YIELD_CULTURE', 'YIELD_GOLD');

insert or replace into ModifierArguments
	(ModifierId, Name, Value)
select
	'HD_SEPARATION_OF_POWERS_' || a.Tier || '_DISTRICT_' || b.YieldType || '_BONUS', 'Amount', 3
from HD_BuildingTiers a, Yields b
	where a.BuildingType in ('BUILDING_GOV_TALL', 'BUILDING_GOV_CITYSTATES', 'BUILDING_GOV_MILITARY')
	and b.YieldType in ('YIELD_SCIENCE', 'YIELD_CULTURE', 'YIELD_GOLD');

	-- 外交支持
insert or replace into PolicyModifiers
	(PolicyType,							 					ModifierId)
select
	'POLICY_HD_SEPARATION_OF_POWERS',		'HD_SEPARATION_OF_POWERS_' || Tier || '_DISTRICT_FAVOR_ATTACH'
from HD_BuildingTiers
	where BuildingType in ('BUILDING_GOV_TALL', 'BUILDING_GOV_CITYSTATES', 'BUILDING_GOV_MILITARY');

insert or replace into Modifiers
	(ModifierId, ModifierType, SubjectRequirementSetId)
select
	'HD_SEPARATION_OF_POWERS_' || Tier || '_DISTRICT_FAVOR_ATTACH',
	'MODIFIER_PLAYER_CITIES_ATTACH_MODIFIER',
	'CITY_HAS_DISTRICT_GOVERNMENT_TIER_' || Tier || '_BUILDING_REQUIREMENTS'
from HD_BuildingTiers
	where BuildingType in ('BUILDING_GOV_TALL', 'BUILDING_GOV_CITYSTATES', 'BUILDING_GOV_MILITARY');

insert or replace into Modifiers
	(ModifierId, ModifierType)
select
	'HD_SEPARATION_OF_POWERS_' || Tier || '_DISTRICT_FAVOR_BONUS',
	'MODIFIER_PLAYER_ADJUST_EXTRA_FAVOR_PER_TURN'
from HD_BuildingTiers
	where BuildingType in ('BUILDING_GOV_TALL', 'BUILDING_GOV_CITYSTATES', 'BUILDING_GOV_MILITARY');

insert or replace into ModifierArguments
	(ModifierId, Name, Value)
select
	'HD_SEPARATION_OF_POWERS_' || Tier || '_DISTRICT_FAVOR_ATTACH',
	'ModifierId',
	'HD_SEPARATION_OF_POWERS_' || Tier || '_DISTRICT_FAVOR_BONUS'
from HD_BuildingTiers
	where BuildingType in ('BUILDING_GOV_TALL', 'BUILDING_GOV_CITYSTATES', 'BUILDING_GOV_MILITARY');

insert or replace into ModifierArguments
	(ModifierId, Name, Value)
select
	'HD_SEPARATION_OF_POWERS_' || Tier || '_DISTRICT_FAVOR_BONUS', 'Amount', 3
from HD_BuildingTiers
	where BuildingType in ('BUILDING_GOV_TALL', 'BUILDING_GOV_CITYSTATES', 'BUILDING_GOV_MILITARY');

-- 五年计划
insert or replace into PolicyModifiers
	(PolicyType,							 		ModifierId)
select
	'POLICY_HD_FIVE_YEAR_PLAN',		'HD_FIVE_YEAR_PLAN_' || DistrictType || '_TRADE_BONUS'
from DistrictCorrespondingYieldType_HD where HasAdjacency = 1;

insert or replace into Modifiers
	(ModifierId, ModifierType, SubjectRequirementSetId)
select
	'HD_FIVE_YEAR_PLAN_' || DistrictType || '_TRADE_BONUS',
	'MODIFIER_PLAYER_CITIES_ADJUST_TRADE_ROUTE_YIELD_TO_OTHERS',
	'HD_CITY_' || DistrictType ||'_HAS_5_ADJACENCY_REQUIREMENTS'
from DistrictCorrespondingYieldType_HD where HasAdjacency = 1;

insert or replace into ModifierArguments
	(ModifierId, Name, Value)
select
	'HD_FIVE_YEAR_PLAN_' || DistrictType || '_TRADE_BONUS', 'YieldType', YieldType
from DistrictCorrespondingYieldType_HD where HasAdjacency = 1;

insert or replace into ModifierArguments
	(ModifierId, Name, Value)
select
	'HD_FIVE_YEAR_PLAN_' || DistrictType || '_TRADE_BONUS', 'Amount', 5
from DistrictCorrespondingYieldType_HD where HasAdjacency = 1;

insert or replace into ModifierArguments
	(ModifierId, Name, Value)
select
	'HD_FIVE_YEAR_PLAN_' || DistrictType || '_TRADE_BONUS', 'Domestic', 1
from DistrictCorrespondingYieldType_HD where HasAdjacency = 1;

-- 战舞仪式
insert or replace into PolicyModifiers
	(PolicyType,							 ModifierId)
select distinct
	'POLICY_HD_WAR_DANCE',		'HD_WAR_DANCE_' || PromotionClass || '_FAITH'
from Units where FormationClass not in ('FORMATION_CLASS_CIVILIAN', 'FORMATION_CLASS_SUPPORT');

insert or replace into Modifiers
	(ModifierId, ModifierType, SubjectRequirementSetId)
select
	'HD_WAR_DANCE_' || PromotionClass || '_FAITH',
	'MODIFIER_PLAYER_UNITS_ATTACH_MODIFIER',
	'UNIT_PROMOTION_IS_' || PromotionClass || '_REQUIREMENTS'
from Units where FormationClass not in ('FORMATION_CLASS_CIVILIAN', 'FORMATION_CLASS_SUPPORT');

insert or replace into Modifiers
	(ModifierId, ModifierType, SubjectStackLimit)
select
	'HD_WAR_DANCE_' || PromotionClass || '_FAITH_MODIFIER',
	'MODIFIER_PLAYER_CAPITAL_CITY_ADJUST_CITY_YIELD_CHANGE',
	1
from Units where FormationClass not in ('FORMATION_CLASS_CIVILIAN', 'FORMATION_CLASS_SUPPORT');

insert or replace into ModifierArguments
	(ModifierId, Name, Value)
select
	'HD_WAR_DANCE_' || PromotionClass || '_FAITH', 'ModifierId', 'HD_WAR_DANCE_' || PromotionClass || '_FAITH_MODIFIER'
from Units where FormationClass not in ('FORMATION_CLASS_CIVILIAN', 'FORMATION_CLASS_SUPPORT');

insert or replace into ModifierArguments
	(ModifierId, Name, Value)
select
	'HD_WAR_DANCE_' || PromotionClass || '_FAITH_MODIFIER', 'YieldType', 'YIELD_FAITH'
from Units where FormationClass not in ('FORMATION_CLASS_CIVILIAN', 'FORMATION_CLASS_SUPPORT');

insert or replace into ModifierArguments
	(ModifierId, Name, Value)
select
	'HD_WAR_DANCE_' || PromotionClass || '_FAITH_MODIFIER', 'Amount', 1
from Units where FormationClass not in ('FORMATION_CLASS_CIVILIAN', 'FORMATION_CLASS_SUPPORT');

-- 纹饰
insert or replace into PolicyModifiers
	(PolicyType,						ModifierId)
select distinct
	'POLICY_HD_PATTERN',		'HD_PATTERN_' || ResourceType || '_FAITH'
from Improvement_ValidResources where ImprovementType in ('IMPROVEMENT_MINE', 'IMPROVEMENT_QUARRY');

insert or replace into Modifiers
	(ModifierId, ModifierType, SubjectRequirementSetId)
select distinct
	'HD_PATTERN_' || ResourceType || '_FAITH',
	'MODIFIER_PLAYER_CITIES_ADJUST_CITY_YIELD_CHANGE',
	'HD_CITY_HAS_IMPROVED_' || ResourceType || '_REQUIRMENTS'
from Improvement_ValidResources where ImprovementType in ('IMPROVEMENT_MINE', 'IMPROVEMENT_QUARRY');

insert or replace into ModifierArguments
	(ModifierId, Name, Value)
select distinct
	'HD_PATTERN_' || ResourceType || '_FAITH', 'YieldType', 'YIELD_FAITH'
from Improvement_ValidResources where ImprovementType in ('IMPROVEMENT_MINE', 'IMPROVEMENT_QUARRY');

insert or replace into ModifierArguments
	(ModifierId, Name, Value)
select distinct
	'HD_PATTERN_' || ResourceType || '_FAITH', 'Amount', 1
from Improvement_ValidResources where ImprovementType in ('IMPROVEMENT_MINE', 'IMPROVEMENT_QUARRY');

insert or replace into PolicyModifiers
	(PolicyType,						ModifierId)
select distinct
	'POLICY_HD_PATTERN',		'HD_PATTERN_' || ResourceType || '_GOLD'
from Improvement_ValidResources where ImprovementType in ('IMPROVEMENT_MINE', 'IMPROVEMENT_QUARRY');

insert or replace into Modifiers
	(ModifierId, ModifierType, SubjectRequirementSetId)
select distinct
	'HD_PATTERN_' || ResourceType || '_GOLD',
	'MODIFIER_PLAYER_CITIES_ADJUST_CITY_YIELD_CHANGE',
	'HD_CITY_HAS_IMPROVED_' || ResourceType || '_REQUIRMENTS'
from Improvement_ValidResources where ImprovementType in ('IMPROVEMENT_MINE', 'IMPROVEMENT_QUARRY');

insert or replace into ModifierArguments
	(ModifierId, Name, Value)
select distinct
	'HD_PATTERN_' || ResourceType || '_GOLD', 'YieldType', 'YIELD_GOLD'
from Improvement_ValidResources where ImprovementType in ('IMPROVEMENT_MINE', 'IMPROVEMENT_QUARRY');

insert or replace into ModifierArguments
	(ModifierId, Name, Value)
select distinct
	'HD_PATTERN_' || ResourceType || '_GOLD', 'Amount', 2
from Improvement_ValidResources where ImprovementType in ('IMPROVEMENT_MINE', 'IMPROVEMENT_QUARRY');

-- 生物分类学 POLICY_HD_BIOSYSTEMATICS
insert or replace into PolicyModifiers (PolicyType, ModifierId) select
	'POLICY_HD_BIOSYSTEMATICS',		'HD_BIOSYSTEMATICS_' || BuildingType || '_SCIENCE'
from Buildings where BuildingType in (
	'BUILDING_ZOO',
	'BUILDING_JNR_BOTANICAL_GARDEN',
	'BUILDING_AQUARIUM',
	'BUILDING_SANCTUARY'
);

insert or replace into Modifiers (ModifierId, ModifierType, SubjectRequirementSetId) select
	'HD_BIOSYSTEMATICS_' || BuildingType || '_SCIENCE',
	'MODIFIER_PLAYER_CITIES_ADJUST_CITY_YIELD_MODIFIER',
	'CITY_HAS_' || BuildingType || '_REQUIREMENTS'
from Buildings where BuildingType in (
	'BUILDING_ZOO',
	'BUILDING_JNR_BOTANICAL_GARDEN',
	'BUILDING_AQUARIUM',
	'BUILDING_SANCTUARY'
);

insert or replace into ModifierArguments (ModifierId, Name, Value) select
	'HD_BIOSYSTEMATICS_' || BuildingType || '_SCIENCE', 'YieldType', 'YIELD_SCIENCE'
from Buildings where BuildingType in (
	'BUILDING_ZOO',
	'BUILDING_JNR_BOTANICAL_GARDEN',
	'BUILDING_AQUARIUM',
	'BUILDING_SANCTUARY'
);

insert or replace into ModifierArguments (ModifierId, Name, Value) select
	'HD_BIOSYSTEMATICS_' || BuildingType || '_SCIENCE', 'Amount', 3
from Buildings where BuildingType in (
	'BUILDING_ZOO',
	'BUILDING_JNR_BOTANICAL_GARDEN',
	'BUILDING_AQUARIUM',
	'BUILDING_SANCTUARY'
);

insert or replace into PolicyModifiers (PolicyType, ModifierId) select
	'POLICY_HD_BIOSYSTEMATICS',		'HD_BIOSYSTEMATICS_' || BuildingType || '_CULTURE'
from Buildings where BuildingType in (
	'BUILDING_ZOO',
	'BUILDING_JNR_BOTANICAL_GARDEN',
	'BUILDING_AQUARIUM',
	'BUILDING_SANCTUARY'
);

insert or replace into Modifiers (ModifierId, ModifierType, SubjectRequirementSetId) select
	'HD_BIOSYSTEMATICS_' || BuildingType || '_CULTURE',
	'MODIFIER_PLAYER_CITIES_ADJUST_CITY_YIELD_MODIFIER',
	'CITY_HAS_' || BuildingType || '_REQUIREMENTS'
from Buildings where BuildingType in (
	'BUILDING_ZOO',
	'BUILDING_JNR_BOTANICAL_GARDEN',
	'BUILDING_AQUARIUM',
	'BUILDING_SANCTUARY'
);

insert or replace into ModifierArguments (ModifierId, Name, Value) select
	'HD_BIOSYSTEMATICS_' || BuildingType || '_CULTURE', 'YieldType', 'YIELD_CULTURE'
from Buildings where BuildingType in (
	'BUILDING_ZOO',
	'BUILDING_JNR_BOTANICAL_GARDEN',
	'BUILDING_AQUARIUM',
	'BUILDING_SANCTUARY'
);

insert or replace into ModifierArguments (ModifierId, Name, Value) select
	'HD_BIOSYSTEMATICS_' || BuildingType || '_CULTURE', 'Amount', 3
from Buildings where BuildingType in (
	'BUILDING_ZOO',
	'BUILDING_JNR_BOTANICAL_GARDEN',
	'BUILDING_AQUARIUM',
	'BUILDING_SANCTUARY'
);