-- Types
insert or ignore into Types
	(Type,						                    Kind)
values
	('UNIT_ANCIENT_SEADOG',		            'KIND_UNIT'),
	('UNIT_ENKIDU_HD',		                'KIND_UNIT'),
	('UNIT_QIN_ELITE_SOLDIER_HD',		      'KIND_UNIT'),
  ('UNIT_CITADEL_OF_GOD',					      'KIND_UNIT'),
  ('UNIT_ANCIENT_SIEGE',                'KIND_UNIT'),
  ('UNIT_HD_BARBARIAN_GALLEY',          'KIND_UNIT'),
  ('UNIT_HD_BARBARIAN_QUADRIREME',      'KIND_UNIT'),
  ('UNIT_HD_CANOE',                     'KIND_UNIT'),

	('GREAT_PERSON_CLASS_ENKIDU_HD',		  'KIND_GREAT_PERSON_CLASS'),

	('GREAT_PERSON_INDIVIDUAL_ENKIDU_HD', 'KIND_GREAT_PERSON_INDIVIDUAL'),

	('TRAIT_ENKIDU_HD',	                  'KIND_TRAIT'),
	('TRAIT_QIN_ELITE_SOLDIER_HD',	      'KIND_TRAIT'),

	('PROMOTION_CLASS_ENKIDU_HD',	        'KIND_PROMOTION_CLASS'),

	('PROMOTION_ADVENTURE_CHAPTER_HD',	  'KIND_PROMOTION'),
	('PROMOTION_HEROES_CHERISH_HD',	      'KIND_PROMOTION'),
	('PROMOTION_HEROES_RETURN_HD',	      'KIND_PROMOTION'),
	('PROMOTION_IMMORTAL_SEARCH_HD',	    'KIND_PROMOTION'),
	('PROMOTION_BATTLE_CHEER_HD',	        'KIND_PROMOTION'),
	('PROMOTION_FIR_EXPEDITION_HD',	      'KIND_PROMOTION'),
	('PROMOTION_LONGOX_TRIAL_HD',	        'KIND_PROMOTION'),
	('PROMOTION_EPIC_EPILOGUE_HD',	      'KIND_PROMOTION');

-- Units
insert or ignore into Units
  (UnitType, Name, Description, TraitType, PrereqTech, MandatoryObsoleteTech,
  BaseSightRange, BaseMoves, Combat, RangedCombat, Range, Cost, Maintenance, ZoneOfControl, PurchaseYield, Domain,
  FormationClass, PromotionClass, PseudoYieldType, AdvisorType, StrategicResource)
values
  -- 海狗
  ('UNIT_ANCIENT_SEADOG', 'LOC_UNIT_ANCIENT_SEADOG_NAME', 'LOC_UNIT_ANCIENT_SEADOG_DESCRIPTION', NULL, NULL, 'TECH_SQUARE_SAIL_HD',
  2, 3, 15, 10, 1, 30, 0, 1, 'YIELD_GOLD', 'DOMAIN_SEA', 'FORMATION_CLASS_NAVAL', 'PROMOTION_CLASS_NAVAL_RAIDER', 'PSEUDOYIELD_UNIT_NAVAL_COMBAT', 'ADVISOR_CONQUEST', NULL),
  -- 恩奇都
  ('UNIT_ENKIDU_HD', 'LOC_UNIT_ENKIDU_HD_NAME', 'LOC_UNIT_ENKIDU_HD_DESCRIPTION', 'TRAIT_ENKIDU_HD', NULL, NULL,
  2, 3, 25, 0, 0, 0, 0, 1, NULL, 'DOMAIN_LAND', 'FORMATION_CLASS_LAND_COMBAT', 'PROMOTION_CLASS_ENKIDU_HD', NULL, 'ADVISOR_CONQUEST', NULL),
  -- 秦锐士
  ('UNIT_QIN_ELITE_SOLDIER_HD', 'LOC_UNIT_QIN_ELITE_SOLDIER_HD_NAME', 'LOC_UNIT_QIN_ELITE_SOLDIER_HD_DESCRIPTION', 'TRAIT_QIN_ELITE_SOLDIER_HD', 'TECH_IRON_WORKING', 'TECH_REPLACEABLE_PARTS',
  2, 3, 36, 25, 2, 65, 1, 1, 'YIELD_GOLD', 'DOMAIN_LAND', 'FORMATION_CLASS_LAND_COMBAT', 'PROMOTION_CLASS_MELEE', NULL, 'ADVISOR_CONQUEST', 'RESOURCE_IRON'),
  -- 神圣建筑师
  ('UNIT_CITADEL_OF_GOD', 'LOC_CITADEL_OF_GOD_NAME', 'LOC_CITADEL_OF_GOD_DESCRIPTION', NULL, NULL, NULL,
  2, 3, 0, 0, 0, 40, 0,	0, NULL, 'DOMAIN_LAND', 'FORMATION_CLASS_CIVILIAN', NULL, NULL, 'ADVISOR_GENERIC', NULL),
  -- 投石机
  ('UNIT_ANCIENT_SIEGE', 'LOC_UNIT_ANCIENT_SIEGE_NAME', 'LOC_UNIT_ANCIENT_SIEGE_DESCRIPTION', NULL, 'TECH_THE_WHEEL', 'TECH_CONSTRUCTION',
  2, 2, 15, 0, 2, 55, 0,	0, 'YIELD_GOLD', 'DOMAIN_LAND', 'FORMATION_CLASS_LAND_COMBAT', 'PROMOTION_CLASS_SIEGE', NULL, 'ADVISOR_CONQUEST', NULL),
  -- 蛮族远古海军
  ('UNIT_HD_BARBARIAN_GALLEY', 'LOC_UNIT_HD_BARBARIAN_GALLEY_NAME', 'LOC_UNIT_HD_BARBARIAN_GALLEY_DESCRIPTION', 'TRAIT_BARBARIAN_BUT_SHOWS_UP_IN_PEDIA', NULL, NULL,
  2, 3, 15, 10, 1, 30, 0, 1, 'YIELD_GOLD', 'DOMAIN_SEA', 'FORMATION_CLASS_NAVAL', 'PROMOTION_CLASS_NAVAL_RAIDER', 'PSEUDOYIELD_UNIT_NAVAL_COMBAT', 'ADVISOR_CONQUEST', NULL),
  ('UNIT_HD_BARBARIAN_QUADRIREME', 'LOC_UNIT_HD_BARBARIAN_QUADRIREME_NAME', 'LOC_UNIT_HD_BARBARIAN_QUADRIREME_DESCRIPTION', 'TRAIT_BARBARIAN_BUT_SHOWS_UP_IN_PEDIA', NULL, NULL,
  2, 2, 15, 25, 1, 50, 0, 1, 'YIELD_GOLD', 'DOMAIN_SEA', 'FORMATION_CLASS_NAVAL', 'PROMOTION_CLASS_NAVAL_RANGED', 'PSEUDOYIELD_UNIT_NAVAL_COMBAT', 'ADVISOR_CONQUEST', NULL),
  -- 独木舟
  ('UNIT_HD_CANOE', 'LOC_UNIT_HD_CANOE_NAME', 'LOC_UNIT_HD_CANOE_DESCRIPTION', NULL, 'TECH_SAILING', 'TECH_CARTOGRAPHY',
  2, 3, 20, 0, 0, 35, 0, 1, 'YIELD_GOLD', 'DOMAIN_SEA', 'FORMATION_CLASS_NAVAL', 'PROMOTION_CLASS_NAVAL_MELEE', 'PSEUDOYIELD_UNIT_NAVAL_COMBAT', 'ADVISOR_CONQUEST', NULL);

update Units set Bombard = 25 where UnitType = 'UNIT_ANCIENT_SIEGE';
update Units set CanTrain = 0, InitialLevel = 2 where UnitType = 'UNIT_ENKIDU_HD';
update Units set Stackable = 1, MustPurchase = 1, CostProgressionParam1 = 10, CostProgressionModel = 'NO_COST_PROGRESSION', CanRetreatWhenCaptured = 1 where UnitType = 'UNIT_CITADEL_OF_GOD';

-- Units_XP2
insert or replace into Units_XP2 (UnitType, ResourceCost, ResourceMaintenanceType, ResourceMaintenanceAmount) values
  ('UNIT_QIN_ELITE_SOLDIER_HD', 5, 'RESOURCE_IRON', 1);

-- UnitReplaces
insert or replace into UnitReplaces (CivUniqueUnitType, ReplacesUnitType) values
  ('UNIT_QIN_ELITE_SOLDIER_HD',       'UNIT_SWORDSMAN'),
  ('UNIT_HD_BARBARIAN_GALLEY',        'UNIT_ANCIENT_SEADOG');

-- UnitUpgrades
insert or replace into UnitUpgrades (Unit, UpgradeUnit) values
  ('UNIT_QIN_ELITE_SOLDIER_HD',       'UNIT_MUSKETMAN'),
  ('UNIT_ANCIENT_SIEGE',	            'UNIT_CATAPULT'),
  ('UNIT_HD_BARBARIAN_QUADRIREME',    'UNIT_QUADRIREME'),
  ('UNIT_HD_BARBARIAN_GALLEY',        'UNIT_PRIVATEER'),
  ('UNIT_ANCIENT_SEADOG',             'UNIT_DL_MEDIEVAL_PIRATE'),
  ('UNIT_ANCIENT_SEADOG',             'UNIT_PRIVATEER'),
	('UNIT_BARBARIAN_HORSE_ARCHER',		  'UNIT_CROSSBOWMAN'),
	('UNIT_BARBARIAN_HORSEMAN',			    'UNIT_HORSEMAN'),
	('UNIT_HD_CANOE',			              'UNIT_GALLEY');

update UnitUpgrades set UpgradeUnit = 'UNIT_DL_MEDIEVAL_PIRATE' where Unit = 'UNIT_HD_BARBARIAN_GALLEY'
  and exists (select UnitType from Units where UnitType = 'UNIT_DL_MEDIEVAL_PIRATE');

-- UnitAiInfos
insert or replace into UnitAiInfos (UnitType, AiType) values
	('UNIT_ENKIDU_HD',      'UNITAI_COMBAT'),
	('UNIT_ENKIDU_HD',      'UNITTYPE_LAND_COMBAT'),
  ('UNIT_CITADEL_OF_GOD',	'UNITTYPE_CIVILIAN'),
  ('UNIT_ANCIENT_SIEGE',	'UNITAI_COMBAT'),
	('UNIT_ANCIENT_SIEGE',	'UNITTYPE_RANGED'),
	('UNIT_ANCIENT_SIEGE',	'UNITTYPE_SIEGE'),
	('UNIT_ANCIENT_SIEGE',	'UNITTYPE_SIEGE_ALL'),
	('UNIT_ANCIENT_SIEGE',	'UNITTYPE_LAND_COMBAT'),
  ('UNIT_HD_BARBARIAN_GALLEY',        'UNITAI_COMBAT'),
  ('UNIT_HD_BARBARIAN_GALLEY',        'UNITAI_EXPLORE'),
  ('UNIT_HD_BARBARIAN_GALLEY',        'UNITTYPE_MELEE'),
  ('UNIT_HD_BARBARIAN_GALLEY',        'UNITTYPE_NAVAL'),
  ('UNIT_HD_BARBARIAN_QUADRIREME',    'UNITAI_COMBAT'),
  ('UNIT_HD_BARBARIAN_QUADRIREME',    'UNITTYPE_RANGED'),
  ('UNIT_HD_BARBARIAN_QUADRIREME',    'UNITTYPE_NAVAL'),
  ('UNIT_ANCIENT_SEADOG',             'UNITAI_COMBAT'),
  ('UNIT_ANCIENT_SEADOG',             'UNITTYPE_RANGED'),
  ('UNIT_ANCIENT_SEADOG',             'UNITTYPE_NAVAL');

insert or replace into UnitAiInfos (UnitType, AiType)
  select 'UNIT_QIN_ELITE_SOLDIER_HD', AiType
from UnitAiInfos where UnitType = 'UNIT_SWORDSMAN';

insert or replace into UnitAiInfos (UnitType, AiType)
  select 'UNIT_HD_CANOE', AiType
from UnitAiInfos where UnitType = 'UNIT_GALLEY';

-- GreatPersonClasses
insert or replace into GreatPersonClasses
	(GreatPersonClassType, Name, UnitType, DistrictType, AvailableInTimeline, GenerateDuplicateIndividuals, PseudoYieldType, IconString, ActionIcon)
values
	('GREAT_PERSON_CLASS_ENKIDU_HD', 'LOC_GREAT_PERSON_CLASS_ENKIDU_HD_NAME', 'UNIT_ENKIDU_HD', 'DISTRICT_CITY_CENTER', 0, 1, 'PSEUDOYIELD_GPP_GENERAL', '[ICON_GreatGeneral]', 'ICON_UNITOPERATION_GENERAL_ACTION');

insert or replace into GreatPersonIndividuals
	(GreatPersonIndividualType, GreatPersonClassType, Name, Gender, EraType, ActionCharges, ActionEffectTileHighlighting, AreaHighlightRadius)
values
	('GREAT_PERSON_INDIVIDUAL_ENKIDU_HD', 'GREAT_PERSON_CLASS_ENKIDU_HD', 'LOC_UNIT_ENKIDU_HD_NAME', 'M', 'ERA_ANCIENT', 0, 0, 3);

-- Traits
insert or ignore into Traits (TraitType, Name) values
	('TRAIT_ENKIDU_HD',	            'LOC_TRAIT_ENKIDU_HD_NAME'),
	('TRAIT_QIN_ELITE_SOLDIER_HD',	'LOC_TRAIT_QIN_ELITE_SOLDIER_HD_NAME');

-- UnitPromotionClasses
insert or ignore into UnitPromotionClasses (PromotionClassType, Name) values
  ('PROMOTION_CLASS_ENKIDU_HD',	    'LOC_PROMOTION_CLASS_ENKIDU_HD_NAME');

-- UnitPromotions
insert or ignore into UnitPromotions
  (UnitPromotionType,                 Name,                                       Description,                                      Level,PromotionClass,               Column)
values
  ('PROMOTION_ADVENTURE_CHAPTER_HD',  'LOC_PROMOTION_ADVENTURE_CHAPTER_HD_NAME',  'LOC_PROMOTION_ADVENTURE_CHAPTER_HD_DESCRIPTION', 1,    'PROMOTION_CLASS_ENKIDU_HD',  1),
  ('PROMOTION_HEROES_CHERISH_HD',     'LOC_PROMOTION_HEROES_CHERISH_HD_NAME',     'LOC_PROMOTION_HEROES_CHERISH_HD_DESCRIPTION',    2,    'PROMOTION_CLASS_ENKIDU_HD',  1),
  ('PROMOTION_HEROES_RETURN_HD',      'LOC_PROMOTION_HEROES_RETURN_HD_NAME',      'LOC_PROMOTION_HEROES_RETURN_HD_DESCRIPTION',     3,    'PROMOTION_CLASS_ENKIDU_HD',  1),
  ('PROMOTION_IMMORTAL_SEARCH_HD',    'LOC_PROMOTION_IMMORTAL_SEARCH_HD_NAME',    'LOC_PROMOTION_IMMORTAL_SEARCH_HD_DESCRIPTION',   4,    'PROMOTION_CLASS_ENKIDU_HD',  1),
  ('PROMOTION_BATTLE_CHEER_HD',       'LOC_PROMOTION_BATTLE_CHEER_HD_NAME',       'LOC_PROMOTION_BATTLE_CHEER_HD_DESCRIPTION',      1,    'PROMOTION_CLASS_ENKIDU_HD',  3),
  ('PROMOTION_FIR_EXPEDITION_HD',     'LOC_PROMOTION_FIR_EXPEDITION_HD_NAME',     'LOC_PROMOTION_FIR_EXPEDITION_HD_DESCRIPTION',    2,    'PROMOTION_CLASS_ENKIDU_HD',  3),
  ('PROMOTION_LONGOX_TRIAL_HD',       'LOC_PROMOTION_LONGOX_TRIAL_HD_NAME',       'LOC_PROMOTION_LONGOX_TRIAL_HD_DESCRIPTION',      3,    'PROMOTION_CLASS_ENKIDU_HD',  3),
  ('PROMOTION_EPIC_EPILOGUE_HD',      'LOC_PROMOTION_EPIC_EPILOGUE_HD_NAME',      'LOC_PROMOTION_EPIC_EPILOGUE_HD_DESCRIPTION',     4,    'PROMOTION_CLASS_ENKIDU_HD',  3);

insert or ignore into UnitPromotionPrereqs (UnitPromotion, PrereqUnitPromotion) values
  ('PROMOTION_HEROES_CHERISH_HD',     'PROMOTION_ADVENTURE_CHAPTER_HD'),
  ('PROMOTION_HEROES_RETURN_HD',      'PROMOTION_HEROES_CHERISH_HD'),
  ('PROMOTION_IMMORTAL_SEARCH_HD',    'PROMOTION_HEROES_RETURN_HD'),
  ('PROMOTION_IMMORTAL_SEARCH_HD',    'PROMOTION_LONGOX_TRIAL_HD'),
  ('PROMOTION_FIR_EXPEDITION_HD',     'PROMOTION_BATTLE_CHEER_HD'),
  ('PROMOTION_LONGOX_TRIAL_HD',       'PROMOTION_FIR_EXPEDITION_HD'),
  ('PROMOTION_EPIC_EPILOGUE_HD',      'PROMOTION_HEROES_RETURN_HD'),
  ('PROMOTION_EPIC_EPILOGUE_HD',      'PROMOTION_LONGOX_TRIAL_HD');

-- TypeTags
insert or replace into Tags
	(Tag,									          Vocabulary)
values
	('CLASS_ENKIDU_HD',	            'ABILITY_CLASS'),
	('CLASS_QIN_ELITE_SOLDIER_HD',	'ABILITY_CLASS'),
  ('CLASS_UNIT_CITADEL_OF_GOD',		'ABILITY_CLASS'),
  ('CLASS_SEADOG',				        'ABILITY_CLASS'),
  ('CLASS_LAND_MILITARY',		      'ABILITY_CLASS');

insert or ignore into TypeTags
  (Type,                          Tag)
values
  ('UNIT_ANCIENT_SEADOG',         'CLASS_NAVAL_RAIDER'),
  ('UNIT_ANCIENT_SEADOG',         'CLASS_NAVAL_RANGED'),
  ('UNIT_ANCIENT_SEADOG',         'CLASS_STEALTH'),
  ('UNIT_ANCIENT_SEADOG',         'CLASS_REVEAL_STEALTH'),
  ('UNIT_ANCIENT_SEADOG',         'CLASS_SEADOG'),
  ('UNIT_ENKIDU_HD',              'CLASS_ENKIDU_HD'),
  ('UNIT_QIN_ELITE_SOLDIER_HD',   'CLASS_MELEE'),
  ('UNIT_QIN_ELITE_SOLDIER_HD',   'CLASS_RANGED'),
  ('UNIT_QIN_ELITE_SOLDIER_HD',   'CLASS_QIN_ELITE_SOLDIER_HD'),
  ('UNIT_CITADEL_OF_GOD',					'CLASS_LANDCIVILIAN'),
	('UNIT_CITADEL_OF_GOD',					'CLASS_UNIT_CITADEL_OF_GOD'),
	('UNIT_CITADEL_OF_GOD',					'CLASS_ALL_ERAS'),
  ('UNIT_ANCIENT_SIEGE',	        'CLASS_SIEGE'),
	('UNIT_ANCIENT_SIEGE',	        'CLASS_SIEGE_SETUP'),
	('UNIT_ANCIENT_SIEGE',	        'CLASS_FORWARD_OBSERVER'),
	('UNIT_ANCIENT_SIEGE',	        'CLASS_LAND_COMBAT'),
	('UNIT_ANCIENT_SIEGE',	        'CLASS_LAND_MILITARY'),
	('UNIT_ANCIENT_SIEGE',	        'CLASS_LAND_UNITS'),
	('UNIT_ANCIENT_SIEGE',	        'CLASS_MILITARY'),
  ('UNIT_HD_BARBARIAN_GALLEY',    'CLASS_NAVAL_RAIDER'),
  ('UNIT_HD_BARBARIAN_GALLEY',    'CLASS_REVEAL_STEALTH'),
  ('UNIT_HD_BARBARIAN_QUADRIREME','CLASS_NAVAL_RANGED'),
  ('UNIT_HD_CANOE',               'CLASS_NAVAL_MELEE');

insert or replace into MomentIllustrations
	(MomentIllustrationType, 								MomentDataType,					GameDataType,				            Texture)
values
	('MOMENT_ILLUSTRATION_UNIQUE_UNIT', 		'MOMENT_DATA_UNIT',			'UNIT_ENKIDU_HD',	              'UNIT_ENKIDU_HD_MONMENT.dds'),
	('MOMENT_ILLUSTRATION_UNIQUE_UNIT', 		'MOMENT_DATA_UNIT',			'UNIT_QIN_ELITE_SOLDIER_HD',	  'UNIT_QIN_ELITE_SOLDIER_HD_MONMENT.dds');