-------------------------------------
--   Units Abilities Adjustments   --
-------------------------------------

insert or replace into Types
	(Type,														Kind)
values
	('ABILITY_LEVY_DEBUFF_IN_ENEMY_TERRITORY',					'KIND_ABILITY'),
	('ABILITY_SALADIN_ALT_EXTRA_MOVEMENT',						'KIND_ABILITY'),
	('ABILITY_NAVAL_MELEE_ESCORT_MOBILITY_SHARED_MOVEMENT',		'KIND_ABILITY'),
	('ABILITY_SPY_BONUS_SIGHT',									'KIND_ABILITY'),
	('ABILITY_CIVILIAN_AND_RECON_BONUS_SIGHT',					'KIND_ABILITY'),
	('ABILITY_EAGLE_WARRIOR',									'KIND_ABILITY'),
	('ABILITY_HD_BATTLECRY',									'KIND_ABILITY'),
	('ABILITY_HD_GAIN_SCIENCE_WHEN_KILLS',						'KIND_ABILITY'),
	('ABILITY_HD_CAN_MOVE_AFTER_ATTACK',						'KIND_ABILITY'),
	('ABILITY_INCA_IGNORE_HILLS',								'KIND_ABILITY'),
	('ABILITY_KONGO_IGNORE_WOODS',								'KIND_ABILITY'),
	('ABILITY_AMANI_FERR_PROMOTION',							'KIND_ABILITY'),
	('ABILITY_MILLITARY_ENGINEER_IGNORE_TERRAIN',				'KIND_ABILITY'),
	('ABILITY_GUILDMASTER_TRAINED_BUILDER_MOVEMENT',			'KIND_ABILITY'),
	('ABILITY_BISHOP_EXTRA_MOVEMENT',							'KIND_ABILITY'),
	('ABILITY_BISHOP_TRAINED_UNIT_STRENGTH',					'KIND_ABILITY'),
	('ABILITY_BISHOP_TRAINED_UNIT_EXP',							'KIND_ABILITY'),
	('ABILITY_VICTOR_TRAINED_UNIT_EXP',							'KIND_ABILITY'),
	('ABILITY_GOV_FAITH_COMBAT_STRENGTH',						'KIND_ABILITY'),
	('ABILITY_GOV_MILITARY_MOVEMENT',							'KIND_ABILITY'),
 	('ABILITY_GOV_MILITARY_COMBAT_STRENGTH',					'KIND_ABILITY'),
	('ABILITY_VICTOR_COMMANDER_STRENGTH',                       'KIND_ABILITY'),
	('ABILITY_VICTOR_TRAINED_UNIT_STRENGTH',					'KIND_ABILITY'),
	('ABILITY_KOTOKU_IN_TRAINED_FREE_PROMOTION',				'KIND_ABILITY'),
	('ABILITY_TRAINED_LIGHT_CAVALRY_EXTRA_PILLAGE_YIELD',		'KIND_ABILITY'),
	('ABILITY_TRAINED_LIGHT_CAVALRY_PILLAGE_LESS_MOVEMENT',		'KIND_ABILITY'),
	('ABILITY_LIGHT_CAVALRY_WEAKER_ATTACKING_DISTRICT',			'KIND_ABILITY'),
	('ABILITY_HEAVY_CAVALRY_WEAKER_ATTACKING_DISTRICT',			'KIND_ABILITY'),
	('ABILITY_BARRACKS_TRAINED_UNIT_STRENGTH',					'KIND_ABILITY'),
	('ABILITY_BASILIKOI_TRAINED_UNIT_STRENGTH',					'KIND_ABILITY'),
	('ABILITY_STABLE_TRAINED_UNIT_STRENGTH',					'KIND_ABILITY'),
	('ABILITY_ORDU_TRAINED_UNIT_STRENGTH',						'KIND_ABILITY'),
	('ABILITY_MOSQUE_TRAINED_UNIT_STRENGTH',					'KIND_ABILITY'),
	('ABILITY_MILITARY_ACADEMY_TRAINED_UNIT_STRENGTH',			'KIND_ABILITY'),
	('ABILITY_SEAPORT_TRAINED_UNIT_STRENGTH',					'KIND_ABILITY'),
	('ABILITY_SCHOLASTICISM_BUFF',								'KIND_ABILITY'),
	('ABILITY_IKANDA_ANTI_CAVALRY_MOVEMENT_BONUS',				'KIND_ABILITY'),
	('ABILITY_TERRITORY_COMBAT',								'KIND_ABILITY'),
	('ABILITY_NAVAL_RAIDER_BONUS',								'KIND_ABILITY'),
	('ABILITY_ARCHAEOLOGIST_IGNORE_HILLS',						'KIND_ABILITY'),
	('ABILITY_ARCHAEOLOGIST_IGNORE_FOREST',						'KIND_ABILITY'),
	('ABILITY_STARLIGHT_NAVIGATER',								'KIND_ABILITY'),
	('ABILITY_LONGSHIP_COASTAL_RAID',							'KIND_ABILITY'),
	('ABILITY_ARTHASHASTRA_EXTRA_MOVEMENT',						'KIND_ABILITY'),
	('ABILITY_COUNTER_ANTI_CAVALRY',							'KIND_ABILITY'),
	('ABILITY_COMMEMORATION_RELIGIOUS_UNIT_SPEED_SIGHT',							'KIND_ABILITY'),
	('ABILITY_COMMEMORATION_RELIGIOUS_UNIT_STRENGTH',							'KIND_ABILITY'),
	('ABILITY_COMMEMORATION_HD_DOMESTIC_ASSART_CIVILIAN_SPEED',							'KIND_ABILITY'),
	('ABILITY_COMMEMORATION_HD_RELIGIOUS_WAR_MILITARY_SPEED',							'KIND_ABILITY'),
	('ABILITY_COMMEMORATION_HD_RELIGIOUS_WAR_RELIGIOUS_SPEED',							'KIND_ABILITY'),
	('ABILITY_COMMEMORATION_EXPLORATION_CIVILIAN_SPEED',							'KIND_ABILITY'),
	('ABILITY_COMMEMORATION_MILITARY_STRENGTH',							'KIND_ABILITY'),
	('ABILITY_NAVAL_RAIDER_IGNORE_SEA_FEATURE',							'KIND_ABILITY'),
	('ABILITY_CITY_HAS_LUXURY_TRAIN_UNIT_MOVEMENT',							'KIND_ABILITY'),
	('ABILITY_HD_MAHABODHI_TEMPLE_IGNORE_FOREST',							'KIND_ABILITY'),
	('ABILITY_HD_MONT_ST_MICHEL_IGNORE_RIVER',							'KIND_ABILITY'),
	('ABILITY_HD_CHINA_WUJUN_CAMP',							'KIND_ABILITY'),
	('ABILITY_HD_CHINA_SANQIAN_CAMP',							'KIND_ABILITY'),
	('ABILITY_HD_CHINA_SHENJI_CAMP',							'KIND_ABILITY'),
	('ABILITY_HD_ENKIDU_BIRTH_EFFECT',							'KIND_ABILITY'),
	('ABILITY_HD_ENKIDU_EXP_BONUS',							'KIND_ABILITY'),
	('ABILITY_HD_BATTLE_CHEER',							'KIND_ABILITY'),
	('ABILITY_HD_FIR_EXPEDITION',							'KIND_ABILITY'),
	('ABILITY_HD_LONGOX_TRIAL',							'KIND_ABILITY'),
	('ABILITY_SEADOG_LESS_STRENGTH',	    'KIND_ABILITY'),
	('ABILITY_QIN_ELITE_SOLDIER_MOVEMENT',	    'KIND_ABILITY'),
	('ABILITY_HD_QIN_ELITE_SOLDIER_STRENGTH',	    'KIND_ABILITY'),
	('ABILITY_COMMEMORATION_HD_MILITARY_INDUSTRIAL_COMPLEX',	    'KIND_ABILITY');

insert or ignore into Types (Type, Kind) select
	'ABILITY_HD_BOROBUDUR_MILITARY_ENGINEER_NEGA_CHARGE_' || Count, 'KIND_ABILITY' from HDCounter where Count < 11;
insert or ignore into Types (Type, Kind) select
	'ABILITY_HD_BUILDER_NEGA_CHARGE_' || Count, 'KIND_ABILITY' from HDCounter where Count < 16;

insert or replace into TypeTags
	(Type,																Tag)
values
	('ABILITY_LEVY_DEBUFF_IN_ENEMY_TERRITORY',							'CLASS_MILITARY'),
	('ABILITY_SALADIN_ALT_EXTRA_MOVEMENT',								'CLASS_ALL_UNITS'),
	('ABILITY_NAVAL_MELEE_ESCORT_MOBILITY_SHARED_MOVEMENT',				'CLASS_NAVAL_MELEE'),
	('ABILITY_CIVILIAN_AND_RECON_BONUS_SIGHT',							'CLASS_LANDCIVILIAN'),
	('ABILITY_CIVILIAN_AND_RECON_BONUS_SIGHT',							'CLASS_RECON'),
	('ABILITY_SPY_BONUS_SIGHT',											'CLASS_SPY'),
	('ABILITY_HD_GAIN_SCIENCE_WHEN_KILLS',								'CLASS_HD_GAIN_SCIENCE_WHEN_KILLS'),
	('ABILITY_HD_CAN_MOVE_AFTER_ATTACK',								'CLASS_HD_CAN_MOVE_AFTER_ATTACK'),
	('ABILITY_AMANI_FERR_PROMOTION',									'CLASS_SPY'),
	('ABILITY_MILLITARY_ENGINEER_IGNORE_TERRAIN',						'CLASS_MILITARY_ENGINEER'),
	('ABILITY_GUILDMASTER_TRAINED_BUILDER_MOVEMENT',					'CLASS_BUILDER'),
	('ABILITY_BISHOP_EXTRA_MOVEMENT',									'CLASS_WARRIOR_MONK'),
	('ABILITY_BISHOP_EXTRA_MOVEMENT',									'CLASS_RELIGIOUS_ALL'),
	('ABILITY_BISHOP_TRAINED_UNIT_EXP',									'CLASS_WARRIOR_MONK'),
	('ABILITY_BISHOP_TRAINED_UNIT_STRENGTH',							'CLASS_WARRIOR_MONK'),
	('ABILITY_VICTOR_TRAINED_UNIT_EXP',									'CLASS_MILITARY'),
	('ABILITY_GOV_FAITH_COMBAT_STRENGTH',								'CLASS_RELIGIOUS_ALL'),
	('ABILITY_GOV_MILITARY_MOVEMENT',									'CLASS_MILITARY'),
	('ABILITY_GOV_MILITARY_COMBAT_STRENGTH',							'CLASS_MILITARY'),
	('ABILITY_VICTOR_COMMANDER_STRENGTH',								'CLASS_MILITARY'),
	('ABILITY_VICTOR_TRAINED_UNIT_STRENGTH',							'CLASS_MILITARY'),							
	('ABILITY_KOTOKU_IN_TRAINED_FREE_PROMOTION',						'CLASS_WARRIOR_MONK'),
	('ABILITY_TRAINED_LIGHT_CAVALRY_EXTRA_PILLAGE_YIELD',				'CLASS_DACAOGU'),
	('ABILITY_TRAINED_LIGHT_CAVALRY_PILLAGE_LESS_MOVEMENT',				'CLASS_DACAOGU'),
	('ABILITY_LIGHT_CAVALRY_WEAKER_ATTACKING_DISTRICT',					'CLASS_LIGHT_CAVALRY'),
	('ABILITY_HEAVY_CAVALRY_WEAKER_ATTACKING_DISTRICT',					'CLASS_HEAVY_CAVALRY'),
	('ABILITY_BARRACKS_TRAINED_UNIT_STRENGTH',							'CLASS_MELEE'),
	('ABILITY_BARRACKS_TRAINED_UNIT_STRENGTH',							'CLASS_RANGED'),
	('ABILITY_BARRACKS_TRAINED_UNIT_STRENGTH',							'CLASS_ANTI_CAVALRY'),
	('ABILITY_BARRACKS_TRAINED_UNIT_STRENGTH',							'CLASS_RANGED_CAVALRY'),
	('ABILITY_BARRACKS_TRAINED_UNIT_XP',								'CLASS_RANGED_CAVALRY'),
	('ABILITY_STABLE_TRAINED_UNIT_STRENGTH',							'CLASS_LIGHT_CAVALRY'),
	('ABILITY_STABLE_TRAINED_UNIT_STRENGTH',							'CLASS_HEAVY_CAVALRY'),
	('ABILITY_STABLE_TRAINED_UNIT_STRENGTH',							'CLASS_SIEGE'),
	('ABILITY_STABLE_TRAINED_UNIT_STRENGTH',							'CLASS_RANGED_CAVALRY'),
	('ABILITY_STABLE_TRAINED_UNIT_XP',									'CLASS_RANGED_CAVALRY'),
	('ABILITY_MILITARY_ACADEMY_TRAINED_UNIT_STRENGTH',					'CLASS_MELEE'),
	('ABILITY_MILITARY_ACADEMY_TRAINED_UNIT_STRENGTH',					'CLASS_RANGED'),
	('ABILITY_MILITARY_ACADEMY_TRAINED_UNIT_STRENGTH',					'CLASS_ANTI_CAVALRY'),
	('ABILITY_MILITARY_ACADEMY_TRAINED_UNIT_STRENGTH',					'CLASS_SIEGE'),
	('ABILITY_MILITARY_ACADEMY_TRAINED_UNIT_STRENGTH',					'CLASS_LIGHT_CAVALRY'),
	('ABILITY_MILITARY_ACADEMY_TRAINED_UNIT_STRENGTH',					'CLASS_HEAVY_CAVALRY'),	
	('ABILITY_MILITARY_ACADEMY_TRAINED_UNIT_STRENGTH',					'CLASS_RANGED_CAVALRY'),				
	('ABILITY_SEAPORT_TRAINED_UNIT_STRENGTH',							'CLASS_NAVAL_RANGED'),
	('ABILITY_SEAPORT_TRAINED_UNIT_STRENGTH',							'CLASS_NAVAL_MELEE'),
	('ABILITY_SEAPORT_TRAINED_UNIT_STRENGTH',							'CLASS_NAVAL_RAIDER'),
	('ABILITY_ORDU_TRAINED_UNIT_STRENGTH',								'CLASS_LIGHT_CAVALRY'),
	('ABILITY_ORDU_TRAINED_UNIT_STRENGTH',								'CLASS_HEAVY_CAVALRY'),
	('ABILITY_ORDU_TRAINED_UNIT_STRENGTH',								'CLASS_SIEGE'),
	('ABILITY_ORDU_TRAINED_UNIT_STRENGTH',								'CLASS_MONGOLIAN_KESHIG'),
	('ABILITY_MOSQUE_TRAINED_UNIT_STRENGTH',							'CLASS_RELIGIOUS_ALL'),
	('ABILITY_SCHOLASTICISM_BUFF',										'CLASS_RELIGIOUS_ALL'),
	('ABILITY_IKANDA_ANTI_CAVALRY_MOVEMENT_BONUS',				        'CLASS_ANTI_CAVALRY'),
	('ABILITY_TERRITORY_COMBAT',										'CLASS_MILITARY'),
	('ABILITY_NAVAL_RAIDER_BONUS',										'CLASS_NAVAL_RAIDER'),
	('ABILITY_ARCHAEOLOGIST_IGNORE_HILLS',								'CLASS_ARCHAEOLOGIST'),
	('ABILITY_ARCHAEOLOGIST_IGNORE_FOREST',								'CLASS_ARCHAEOLOGIST'),
	('ABILITY_STARLIGHT_NAVIGATER',										'CLASS_NAVAL_RAIDER'),
	('ABILITY_ARTHASHASTRA_EXTRA_MOVEMENT',								'CLASS_ALL_UNITS'),
	('ABILITY_COUNTER_ANTI_CAVALRY',									'CLASS_WAR_CART'),
	('ABILITY_COMMEMORATION_RELIGIOUS_UNIT_SPEED_SIGHT',									'CLASS_RECON'),
	('ABILITY_COMMEMORATION_RELIGIOUS_UNIT_SPEED_SIGHT',									'CLASS_NAVAL_RAIDER'),
	('ABILITY_COMMEMORATION_RELIGIOUS_UNIT_STRENGTH',									'CLASS_MILITARY'),
	('ABILITY_COMMEMORATION_HD_DOMESTIC_ASSART_CIVILIAN_SPEED',									'CLASS_LANDCIVILIAN'),
	('ABILITY_COMMEMORATION_HD_RELIGIOUS_WAR_MILITARY_SPEED',									'CLASS_MILITARY'),
	('ABILITY_COMMEMORATION_HD_RELIGIOUS_WAR_RELIGIOUS_SPEED',									'CLASS_RELIGIOUS_ALL'),
	('ABILITY_COMMEMORATION_EXPLORATION_CIVILIAN_SPEED',									'CLASS_LANDCIVILIAN'),
	('ABILITY_COMMEMORATION_MILITARY_STRENGTH',									'CLASS_MILITARY'),
	('ABILITY_NAVAL_RAIDER_IGNORE_SEA_FEATURE',									'CLASS_NAVAL_RAIDER'),
	('ABILITY_CITY_HAS_LUXURY_TRAIN_UNIT_MOVEMENT',									'CLASS_ALL_UNITS'),
	('ABILITY_HD_MAHABODHI_TEMPLE_IGNORE_FOREST',									'CLASS_RELIGIOUS_ALL'),
	('ABILITY_HD_MONT_ST_MICHEL_IGNORE_RIVER',									'CLASS_RELIGIOUS_ALL'),
	('ABILITY_HD_CHINA_WUJUN_CAMP',									'CLASS_MELEE'),
	('ABILITY_HD_CHINA_SANQIAN_CAMP',									'CLASS_HEAVY_CAVALRY'),
	('ABILITY_HD_CHINA_SANQIAN_CAMP',									'CLASS_LIGHT_CAVALRY'),
	('ABILITY_HD_CHINA_SHENJI_CAMP',									'CLASS_RANGED'),
	('ABILITY_HD_ENKIDU_BIRTH_EFFECT',							'CLASS_ENKIDU_HD'),
	('ABILITY_HD_ENKIDU_EXP_BONUS',									'CLASS_MILITARY'),
	('ABILITY_HD_BATTLE_CHEER',									'CLASS_MILITARY'),
	('ABILITY_HD_FIR_EXPEDITION',							'CLASS_MILITARY'),
	('ABILITY_HD_LONGOX_TRIAL',									'CLASS_MILITARY'),
  ('ABILITY_SEADOG_LESS_STRENGTH',						'CLASS_SEADOG'),
  ('ABILITY_QIN_ELITE_SOLDIER_MOVEMENT',			'CLASS_QIN_ELITE_SOLDIER_HD'),
  ('ABILITY_HD_QIN_ELITE_SOLDIER_STRENGTH',			'CLASS_QIN_ELITE_SOLDIER_HD'),
  ('ABILITY_COMMEMORATION_HD_MILITARY_INDUSTRIAL_COMPLEX',			'CLASS_MILITARY');

insert or ignore into TypeTags (Type, Tag) select
	'ABILITY_HD_BOROBUDUR_MILITARY_ENGINEER_NEGA_CHARGE_' || Count, 'CLASS_MILITARY_ENGINEER' from HDCounter where Count < 11;
insert or ignore into TypeTags (Type, Tag) select
	'ABILITY_HD_BUILDER_NEGA_CHARGE_' || Count, 'CLASS_BUILDER' from HDCounter where Count < 16;

insert or replace into TypeTags	
	(Type,							Tag)
values
 	('ABILITY_INCA_IGNORE_HILLS',	'CLASS_LAND_UNITS'),
 	('ABILITY_KONGO_IGNORE_WOODS',	'CLASS_LAND_UNITS');

insert or replace into UnitAbilities (UnitAbilityType, Name, Description, Inactive) 
values
	('ABILITY_LEVY_DEBUFF_IN_ENEMY_TERRITORY',
	'LOC_ABILITY_LEVY_DEBUFF_IN_ENEMY_TERRITORY_NAME',
	'LOC_ABILITY_LEVY_DEBUFF_IN_ENEMY_TERRITORY_DESCRIPTION',
	1),
	('ABILITY_SALADIN_ALT_EXTRA_MOVEMENT',
	NULL,
	NULL,
	1),
	('ABILITY_NAVAL_MELEE_ESCORT_MOBILITY_SHARED_MOVEMENT',
	'LOC_ABILITY_MONGOLIAN_KESHIG_NAME',
	'LOC_ABILITY_MONGOLIAN_KESHIG_DESCRIPTION',
	1),
	('ABILITY_SPY_BONUS_SIGHT',
	'LOC_ABILITY_SPY_BONUS_SIGHT_NAME',
	'LOC_ABILITY_SPY_BONUS_SIGHT_DESCRIPTION',
	1),
	('ABILITY_CIVILIAN_AND_RECON_BONUS_SIGHT',
	'LOC_ABILITY_CIVILIAN_AND_RECON_BONUS_SIGHT_NAME',
	'LOC_ABILITY_CIVILIAN_AND_RECON_BONUS_SIGHT_DESCRIPTION',
	1),   
	('ABILITY_EAGLE_WARRIOR',
	'LOC_ABILITY_EAGLE_WARRIOR_NAME',
	'LOC_ABILITY_EAGLE_WARRIOR_DESCRIPTION',
	0),
	('ABILITY_HD_BATTLECRY',
	'LOC_ABILITY_HD_BATTLECRY_NAME',
 	'LOC_ABILITY_HD_BATTLECRY_DESCRIPTION',
 	0),
	('ABILITY_HD_GAIN_SCIENCE_WHEN_KILLS',
	'LOC_ABILITY_HD_GAIN_SCIENCE_WHEN_KILLS_NAME',
 	'LOC_ABILITY_HD_GAIN_SCIENCE_WHEN_KILLS_DESCRIPTION',
 	0),
	('ABILITY_HD_CAN_MOVE_AFTER_ATTACK',
	'LOC_ABILITY_HD_CAN_MOVE_AFTER_ATTACK_NAME',
 	'LOC_ABILITY_HD_CAN_MOVE_AFTER_ATTACK_DESCRIPTION',
 	0),
	('ABILITY_INCA_IGNORE_HILLS',
	'LOC_ABILITY_INCA_IGNORE_HILLS_NAME',
 	'LOC_ABILITY_INCA_IGNORE_HILLS_DESCRIPTION',
 	1),
	('ABILITY_KONGO_IGNORE_WOODS',
	'LOC_ABILITY_KONGO_IGNORE_WOODS_NAME',
 	'LOC_ABILITY_KONGO_IGNORE_WOODS_DESCRIPTION',
 	1),
	('ABILITY_AMANI_FERR_PROMOTION',
	'LOC_ABILITY_AMANI_FERR_PROMOTION_NAME',
 	'LOC_ABILITY_AMANI_FERR_PROMOTION_DESCRIPTION',
 	1),
	('ABILITY_MILLITARY_ENGINEER_IGNORE_TERRAIN',
	'LOC_ABILITY_MILLITARY_ENGINEER_IGNORE_TERRAIN_NAME',
 	'LOC_ABILITY_MILLITARY_ENGINEER_IGNORE_TERRAIN_DESCRIPTION',
 	0),
	('ABILITY_GUILDMASTER_TRAINED_BUILDER_MOVEMENT',
	'LOC_ABILITY_GUILDMASTER_TRAINED_BUILDER_MOVEMENT_NAME',
 	'LOC_ABILITY_GUILDMASTER_TRAINED_BUILDER_MOVEMENT_DESCRIPTION',
 	1),	
	('ABILITY_BISHOP_EXTRA_MOVEMENT',
	'LOC_ABILITY_BISHOP_EXTRA_MOVEMENT_NAME',
 	'LOC_ABILITY_BISHOP_EXTRA_MOVEMENT_DESCRIPTION',
 	1),	
	('ABILITY_BISHOP_TRAINED_UNIT_STRENGTH',
	'LOC_ABILITY_BISHOP_TRAINED_UNIT_STRENGTH_NAME',
 	'LOC_ABILITY_BISHOP_TRAINED_UNIT_STRENGTH_DESCRIPTION',
 	1),	
	('ABILITY_BISHOP_TRAINED_UNIT_EXP',
	'LOC_ABILITY_BISHOP_TRAINED_UNIT_EXP_NAME',
 	'LOC_ABILITY_BISHOP_TRAINED_UNIT_EXP_DESCRIPTION',
 	1),
	('ABILITY_VICTOR_TRAINED_UNIT_EXP',
	'LOC_ABILITY_VICTOR_TRAINED_UNIT_EXP_NAME',
 	'LOC_ABILITY_VICTOR_TRAINED_UNIT_EXP_DESCRIPTION',
 	1),
	('ABILITY_GOV_FAITH_COMBAT_STRENGTH',
	'LOC_ABILITY_GOV_FAITH_COMBAT_STRENGTH_NAME',
 	'LOC_ABILITY_GOV_FAITH_COMBAT_STRENGTH_DESCRIPTION',
 	1),
	('ABILITY_VICTOR_COMMANDER_STRENGTH',
	'LOC_ABILITY_VICTOR_COMMANDER_STRENGTH_NAME',
	'LOC_ABILITY_VICTOR_COMMANDER_STRENGTH_DESCRIPTION',
	1),
	('ABILITY_VICTOR_TRAINED_UNIT_STRENGTH',
	'LOC_ABILITY_VICTOR_TRAINED_UNIT_STRENGTH_NAME',
	'LOC_ABILITY_VICTOR_TRAINED_UNIT_STRENGTH_DESCRIPTION',
	1),
	('ABILITY_GOV_MILITARY_MOVEMENT',
	'LOC_ABILITY_GOV_MILITARY_MOVEMENT_NAME',
	'LOC_ABILITY_GOV_MILITARY_MOVEMENT_DESCRIPTION',
	1),
	('ABILITY_GOV_MILITARY_COMBAT_STRENGTH',
	'LOC_ABILITY_GOV_MILITARY_COMBAT_STRENGTH_NAME',
	'LOC_ABILITY_GOV_MILITARY_COMBAT_STRENGTH_DESCRIPTION',
	1),
	('ABILITY_KOTOKU_IN_TRAINED_FREE_PROMOTION',
	'LOC_ABILITY_KOTOKU_IN_TRAINED_FREE_PROMOTION_NAME',
	'LOC_ABILITY_KOTOKU_IN_TRAINED_FREE_PROMOTION_DESCRIPTION',
	1),
	('ABILITY_TRAINED_LIGHT_CAVALRY_EXTRA_PILLAGE_YIELD',
	'LOC_ABILITY_TRAINED_LIGHT_CAVALRY_EXTRA_PILLAGE_YIELD_NAME',
	'LOC_ABILITY_TRAINED_LIGHT_CAVALRY_EXTRA_PILLAGE_YIELD_DESCRIPTION',
	1),
	('ABILITY_TRAINED_LIGHT_CAVALRY_PILLAGE_LESS_MOVEMENT',
	'LOC_ABILITY_TRAINED_LIGHT_CAVALRY_PILLAGE_LESS_MOVEMENT_NAME',
	'LOC_ABILITY_TRAINED_LIGHT_CAVALRY_PILLAGE_LESS_MOVEMENT_DESCRIPTION',
	1),
	('ABILITY_LIGHT_CAVALRY_WEAKER_ATTACKING_DISTRICT',
	'LOC_ABILITY_LIGHT_CAVALRY_WEAKER_ATTACKING_DISTRICT_NAME',
	'LOC_ABILITY_LIGHT_CAVALRY_WEAKER_ATTACKING_DISTRICT_DESCRIPTION',
	0),
	('ABILITY_HEAVY_CAVALRY_WEAKER_ATTACKING_DISTRICT',
	'LOC_ABILITY_HEAVY_CAVALRY_WEAKER_ATTACKING_DISTRICT_NAME',
	'LOC_ABILITY_HEAVY_CAVALRY_WEAKER_ATTACKING_DISTRICT_DESCRIPTION',
	0),
	('ABILITY_BARRACKS_TRAINED_UNIT_STRENGTH',
	'LOC_ABILITY_BARRACKS_TRAINED_UNIT_STRENGTH_NAME',
	'LOC_ABILITY_BARRACKS_TRAINED_UNIT_STRENGTH_DESCRIPTION',
	1),
	('ABILITY_BASILIKOI_TRAINED_UNIT_STRENGTH',
	'LOC_ABILITY_BASILIKOI_TRAINED_UNIT_STRENGTH_NAME',
	'LOC_ABILITY_BASILIKOI_TRAINED_UNIT_STRENGTH_DESCRIPTION',
	1),
	('ABILITY_STABLE_TRAINED_UNIT_STRENGTH',
	'LOC_ABILITY_STABLE_TRAINED_UNIT_STRENGTH_NAME',
	'LOC_ABILITY_STABLE_TRAINED_UNIT_STRENGTH_DESCRIPTION',
	1),
	('ABILITY_ORDU_TRAINED_UNIT_STRENGTH',
	'LOC_ABILITY_ORDU_TRAINED_UNIT_STRENGTH_NAME',
	'LOC_ABILITY_ORDU_TRAINED_UNIT_STRENGTH_DESCRIPTION',
	1),
	('ABILITY_MILITARY_ACADEMY_TRAINED_UNIT_STRENGTH',
	'LOC_ABILITY_MILITARY_ACADEMY_TRAINED_UNIT_STRENGTH_NAME',
	'LOC_ABILITY_MILITARY_ACADEMY_TRAINED_UNIT_STRENGTH_DESCRIPTION',
	1),
	('ABILITY_SEAPORT_TRAINED_UNIT_STRENGTH',
	'LOC_ABILITY_SEAPORT_TRAINED_UNIT_STRENGTH_NAME',
	'LOC_ABILITY_SEAPORT_TRAINED_UNIT_STRENGTH_DESCRIPTION',
	1),
	('ABILITY_MOSQUE_TRAINED_UNIT_STRENGTH',
	'LOC_ABILITY_MOSQUE_TRAINED_UNIT_STRENGTH_NAME',
	'LOC_ABILITY_MOSQUE_TRAINED_UNIT_STRENGTH_DESCRIPTION',
	1),
	('ABILITY_SCHOLASTICISM_BUFF',
	'LOC_ABILITY_SCHOLASTICISM_BUFF_NAME',
	'LOC_ABILITY_SCHOLASTICISM_BUFF_DESCRIPTION',
	1),
	('ABILITY_IKANDA_ANTI_CAVALRY_MOVEMENT_BONUS',
	'LOC_ABILITY_IKANDA_ANTI_CAVALRY_MOVEMENT_BONUS_NAME',
	'LOC_ABILITY_IKANDA_ANTI_CAVALRY_MOVEMENT_BONUS_DESCRIPTION',
	1),
	('ABILITY_TERRITORY_COMBAT',
	'LOC_ABILITY_TERRITORY_COMBAT_HD_NAME',
	'LOC_ABILITY_TERRITORY_COMBAT_HD_DESCRIPTION',
	1),
	('ABILITY_NAVAL_RAIDER_BONUS',
	'LOC_ABILITY_NAVAL_RAIDER_BONUS_HD_NAME',
	'LOC_ABILITY_NAVAL_RAIDER_BONUS_HD_DESCRIPTION',
	1),
	('ABILITY_ARCHAEOLOGIST_IGNORE_HILLS',
	'LOC_ABILITY_ARCHAEOLOGIST_IGNORE_HILLS_HD_NAME',
	'LOC_ABILITY_ARCHAEOLOGIST_IGNORE_HILLS_HD_DESCRIPTION',
	1),
	('ABILITY_ARCHAEOLOGIST_IGNORE_FOREST',
	'LOC_ABILITY_ARCHAEOLOGIST_IGNORE_FOREST_HD_NAME',
	'LOC_ABILITY_ARCHAEOLOGIST_IGNORE_FOREST_HD_DESCRIPTION',
	1),
	('ABILITY_STARLIGHT_NAVIGATER',
	'LOC_ABILITY_STARLIGHT_NAVIGATER_NAME',
	'LOC_ABILITY_STARLIGHT_NAVIGATER_DESCRIPTION',
	1),
	('ABILITY_LONGSHIP_COASTAL_RAID',
	'LOC_ABILITY_MELEE_COASTAL_RAID_NAME',
	'LOC_ABILITY_MELEE_COASTAL_RAID_NAME_DESCRIPTION',
	0),
	('ABILITY_ARTHASHASTRA_EXTRA_MOVEMENT',
	'LOC_ABILITY_ARTHASHASTRA_EXTRA_MOVEMENT_NAME',
 	'LOC_ABILITY_ARTHASHASTRA_EXTRA_MOVEMENT_DESCRIPTION',
 	1),
	('ABILITY_COUNTER_ANTI_CAVALRY',
	'LOC_ABILITY_COUNTER_ANTI_CAVALRY_NAME',
	'LOC_ABILITY_COUNTER_ANTI_CAVALRY_DESCRIPTION',
	0),
	('ABILITY_COMMEMORATION_RELIGIOUS_UNIT_SPEED_SIGHT',
	'LOC_ABILITY_COMMEMORATION_RELIGIOUS_UNIT_SPEED_SIGHT_NAME',
	'LOC_ABILITY_COMMEMORATION_RELIGIOUS_UNIT_SPEED_SIGHT_DESCRIPTION',
	1),
	('ABILITY_COMMEMORATION_RELIGIOUS_UNIT_STRENGTH',
	'LOC_ABILITY_COMMEMORATION_RELIGIOUS_UNIT_STRENGTH_NAME',
	'LOC_ABILITY_COMMEMORATION_RELIGIOUS_UNIT_STRENGTH_DESCRIPTION',
	1),
	('ABILITY_COMMEMORATION_HD_DOMESTIC_ASSART_CIVILIAN_SPEED',
	'LOC_ABILITY_COMMEMORATION_HD_DOMESTIC_ASSART_CIVILIAN_SPEED_NAME',
	'LOC_ABILITY_COMMEMORATION_HD_DOMESTIC_ASSART_CIVILIAN_SPEED_DESCRIPTION',
	1),
	('ABILITY_COMMEMORATION_HD_RELIGIOUS_WAR_MILITARY_SPEED',
	'LOC_ABILITY_COMMEMORATION_HD_RELIGIOUS_WAR_MILITARY_SPEED_NAME',
	'LOC_ABILITY_COMMEMORATION_HD_RELIGIOUS_WAR_MILITARY_SPEED_DESCRIPTION',
	1),
	('ABILITY_COMMEMORATION_HD_RELIGIOUS_WAR_RELIGIOUS_SPEED',
	'LOC_ABILITY_COMMEMORATION_HD_RELIGIOUS_WAR_RELIGIOUS_SPEED_NAME',
	'LOC_ABILITY_COMMEMORATION_HD_RELIGIOUS_WAR_RELIGIOUS_SPEED_DESCRIPTION',
	1),
	('ABILITY_COMMEMORATION_EXPLORATION_CIVILIAN_SPEED',
	'LOC_ABILITY_COMMEMORATION_EXPLORATION_CIVILIAN_SPEED_NAME',
	'LOC_ABILITY_COMMEMORATION_EXPLORATION_CIVILIAN_SPEED_DESCRIPTION',
	1),
	('ABILITY_COMMEMORATION_MILITARY_STRENGTH',
	'LOC_ABILITY_COMMEMORATION_MILITARY_STRENGTH_NAME',
	'LOC_ABILITY_COMMEMORATION_MILITARY_STRENGTH_DESCRIPTION',
	1),
	('ABILITY_NAVAL_RAIDER_IGNORE_SEA_FEATURE',
	'LOC_ABILITY_NAVAL_RAIDER_IGNORE_SEA_FEATURE_NAME',
	'LOC_ABILITY_NAVAL_RAIDER_IGNORE_SEA_FEATURE_DESCRIPTION',
	0),
	('ABILITY_CITY_HAS_LUXURY_TRAIN_UNIT_MOVEMENT',
	'LOC_ABILITY_CITY_HAS_LUXURY_TRAIN_UNIT_MOVEMENT_NAME',
	'LOC_ABILITY_CITY_HAS_LUXURY_TRAIN_UNIT_MOVEMENT_DESCRIPTION',
	1),
	('ABILITY_HD_MAHABODHI_TEMPLE_IGNORE_FOREST',
	'LOC_ABILITY_HD_MAHABODHI_TEMPLE_IGNORE_FOREST_NAME',
	'LOC_ABILITY_HD_MAHABODHI_TEMPLE_IGNORE_FOREST_DESCRIPTION',
	1),
	('ABILITY_HD_MONT_ST_MICHEL_IGNORE_RIVER',
	'LOC_ABILITY_HD_MONT_ST_MICHEL_IGNORE_RIVER_NAME',
	'LOC_ABILITY_HD_MONT_ST_MICHEL_IGNORE_RIVER_DESCRIPTION',
	1),
	('ABILITY_HD_CHINA_WUJUN_CAMP',
	'LOC_ABILITY_HD_CHINA_WUJUN_CAMP_NAME',
	'LOC_ABILITY_HD_CHINA_WUJUN_CAMP_DESCRIPTION',
	1),
	('ABILITY_HD_CHINA_SANQIAN_CAMP',
	'LOC_ABILITY_HD_CHINA_SANQIAN_CAMP_NAME',
	'LOC_ABILITY_HD_CHINA_SANQIAN_CAMP_DESCRIPTION',
	1),
	('ABILITY_HD_CHINA_SHENJI_CAMP',
	'LOC_ABILITY_HD_CHINA_SHENJI_CAMP_NAME',
	'LOC_ABILITY_HD_CHINA_SHENJI_CAMP_DESCRIPTION',
	1),
	('ABILITY_HD_ENKIDU_BIRTH_EFFECT',
	'LOC_ABILITY_HD_ENKIDU_BIRTH_EFFECT_NAME',
	'LOC_ABILITY_HD_ENKIDU_BIRTH_EFFECT_DESCRIPTION',
	0),
	('ABILITY_HD_ENKIDU_EXP_BONUS',
	'LOC_ABILITY_HD_ENKIDU_EXP_BONUS_NAME',
	'LOC_ABILITY_HD_ENKIDU_EXP_BONUS_DESCRIPTION',
	1),
	('ABILITY_HD_BATTLE_CHEER',
	'LOC_ABILITY_HD_BATTLE_CHEER_NAME',
	'LOC_ABILITY_HD_BATTLE_CHEER_DESCRIPTION',
	1),
	('ABILITY_HD_FIR_EXPEDITION',
	'LOC_ABILITY_HD_FIR_EXPEDITION_NAME',
	'LOC_ABILITY_HD_FIR_EXPEDITION_DESCRIPTION',
	1),
	('ABILITY_HD_LONGOX_TRIAL',
	'LOC_ABILITY_HD_LONGOX_TRIAL_NAME',
	'LOC_ABILITY_HD_LONGOX_TRIAL_DESCRIPTION',
	1),
	('ABILITY_QIN_ELITE_SOLDIER_MOVEMENT',
	'LOC_ABILITY_QIN_ELITE_SOLDIER_MOVEMENT_NAME',
	'LOC_ABILITY_QIN_ELITE_SOLDIER_MOVEMENT_DESCRIPTION',
	0),
	('ABILITY_HD_QIN_ELITE_SOLDIER_STRENGTH',
	'LOC_ABILITY_HD_QIN_ELITE_SOLDIER_STRENGTH_NAME',
	'LOC_ABILITY_HD_QIN_ELITE_SOLDIER_STRENGTH_DESCRIPTION',
	1),
	('ABILITY_COMMEMORATION_HD_MILITARY_INDUSTRIAL_COMPLEX',
	'LOC_ABILITY_COMMEMORATION_HD_MILITARY_INDUSTRIAL_COMPLEX_NAME',
	'LOC_ABILITY_COMMEMORATION_HD_MILITARY_INDUSTRIAL_COMPLEX_DESCRIPTION',
	1);

insert or ignore into UnitAbilities (UnitAbilityType, Inactive) select
	'ABILITY_HD_BOROBUDUR_MILITARY_ENGINEER_NEGA_CHARGE_' || Count, 1 from HDCounter where Count < 11;
insert or ignore into UnitAbilities (UnitAbilityType, Inactive) select
	'ABILITY_HD_BUILDER_NEGA_CHARGE_' || Count, 1 from HDCounter where Count < 16;

-- Support Persia DLC
insert or ignore into Modifiers
	(ModifierId,				ModifierType)
values
	('HETAIROI_FREE_PROMOTION',	'MODIFIER_PLAYER_UNIT_ADJUST_GRANT_EXPERIENCE');

insert or ignore into ModifierArguments
	(ModifierId,				Name,		Value)
values
	('HETAIROI_FREE_PROMOTION',	'Amount',	-1);

insert or replace into UnitAbilityModifiers
	(UnitAbilityType,										ModifierId)
values
	('ABILITY_NAVAL_MELEE_ESCORT_MOBILITY_SHARED_MOVEMENT',	'ESCORT_MOBILITY_SHARED_MOVEMENT'),
	('ABILITY_SPY_BONUS_SIGHT',								'CATHERINE_BONUS_SIGHT_SPY'),
	('ABILITY_CIVILIAN_AND_RECON_BONUS_SIGHT',				'CATHERINE_BONUS_SIGHT_CIVILIAN_AND_RECON'),
	('ABILITY_HD_CAN_MOVE_AFTER_ATTACK',					'COSSACK_MOVE_AND_ATTACK'),
	('ABILITY_INCA_IGNORE_HILLS',							'INCA_IGNORE_HILLS'),
	('ABILITY_KONGO_IGNORE_WOODS',							'KONGO_IGNORE_WOODS'),
	('ABILITY_AMANI_FERR_PROMOTION',						'HETAIROI_FREE_PROMOTION'),
	('ABILITY_BYPASS_WALLS_PROMOTION_CLASS',				'BYPASS_WALLS_WARRIOR_MONK'),
	('ABILITY_ENABLE_WALL_ATTACK_PROMOTION_CLASS',			'ENABLE_WALL_ATTACK_WARRIOR_MONK'),
	('ABILITY_MILLITARY_ENGINEER_IGNORE_TERRAIN',			'MOD_IGNORE_TERRAIN_COST'),
	('ABILITY_MILLITARY_ENGINEER_IGNORE_TERRAIN',			'MOD_IGNORE_CROSSING_RIVERS_COST'),
	('ABILITY_GUILDMASTER_TRAINED_BUILDER_MOVEMENT',		'LIANG_EXTRA_MOVEMENT'),
	('ABILITY_BISHOP_EXTRA_MOVEMENT',						'BISHOP_EXTRA_MOVEMENT'),
	('ABILITY_BISHOP_TRAINED_UNIT_STRENGTH',				'BISHOP_TRAINED_UNIT_STRENGTH'),
	('ABILITY_BISHOP_TRAINED_UNIT_EXP',						'BISHOP_TRAINED_UNIT_EXP'),
	('ABILITY_VICTOR_TRAINED_UNIT_EXP',						'VICTOR_TRAINED_UNIT_EXP'),
	('ABILITY_GOV_FAITH_COMBAT_STRENGTH',					'ABILITY_GOV_FAITH_COMBAT_STRENGTH_MODIFIER'),
	('ABILITY_VICTOR_COMMANDER_STRENGTH',                   'VICTOR_COMMANDER_STRENGTH_BUFF'),
	('ABILITY_VICTOR_TRAINED_UNIT_STRENGTH',				'VICTOR_TRAINED_UNIT_STRENGTH'),
	('ABILITY_GOV_MILITARY_MOVEMENT',						'ABILITY_GOV_MILITARY_MOVEMENT_MODIFIER'),
	('ABILITY_GOV_MILITARY_COMBAT_STRENGTH',				'ABILITY_GOV_MILITARY_COMBAT_STRENGTH_MODIFIER'),
	('ABILITY_KOTOKU_IN_TRAINED_FREE_PROMOTION',			'HETAIROI_FREE_PROMOTION'),
	('ABILITY_TRAINED_LIGHT_CAVALRY_EXTRA_PILLAGE_YIELD',	'RAID_DOUBLEPILLAGEIMPROVE'),
	('ABILITY_TRAINED_LIGHT_CAVALRY_PILLAGE_LESS_MOVEMENT',	'MALON_RAIDER_LESS_MOVEMENT_PILLAGE'),
	('ABILITY_LIGHT_CAVALRY_WEAKER_ATTACKING_DISTRICT',		'LIGHT_CAVALRY_WEAKER_ATTACKING_DISTRICT'),
	('ABILITY_HEAVY_CAVALRY_WEAKER_ATTACKING_DISTRICT',		'HEAVY_CAVALRY_WEAKER_ATTACKING_DISTRICT'),
	('ABILITY_BARRACKS_TRAINED_UNIT_STRENGTH',				'BARRACKS_TRAINED_UNIT_STRENGTH'),
	('ABILITY_BASILIKOI_TRAINED_UNIT_STRENGTH',				'BASILIKOI_TRAINED_UNIT_STRENGTH'),
	('ABILITY_STABLE_TRAINED_UNIT_STRENGTH',				'STABLE_TRAINED_UNIT_STRENGTH'),
	('ABILITY_ORDU_TRAINED_UNIT_STRENGTH',					'ORDU_TRAINED_UNIT_STRENGTH'),
	('ABILITY_MILITARY_ACADEMY_TRAINED_UNIT_STRENGTH',		'MILITARY_ACADEMY_TRAINED_UNIT_STRENGTH'),
	('ABILITY_SEAPORT_TRAINED_UNIT_STRENGTH',				'SEAPORT_TRAINED_UNIT_STRENGTH'),
	('ABILITY_MOSQUE_TRAINED_UNIT_STRENGTH',				'MOSQUE_TRAINED_UNIT_STRENGTH'),
	('ABILITY_SCHOLASTICISM_BUFF',							'SCHOLASTICISM_COMBAT_STRENGTH_BUFF'),
	('ABILITY_IKANDA_ANTI_CAVALRY_MOVEMENT_BONUS',          'ORDU_ADJUST_MOVEMENT'),
	('ABILITY_TERRITORY_COMBAT',							'SCOTLAND_FRIENDLY_COMBAT'),
	('ABILITY_NAVAL_RAIDER_BONUS',							'FRANCIS_DRAKE_NAVAL_RAIDER_BONUS'),
	('ABILITY_ARCHAEOLOGIST_IGNORE_HILLS',					'TERRACOTTA_ARMY_IGNORE_HILLS'),
	('ABILITY_ARCHAEOLOGIST_IGNORE_FOREST',					'TERRACOTTA_ARMY_IGNORE_FOREST'),
	('ABILITY_STARLIGHT_NAVIGATER',							'ESCORT_MOBILITY_SHARED_MOVEMENT'),
	('ABILITY_STARLIGHT_NAVIGATER',							'STARLIGHT_NAVIGATER_MOVEMENT'),
	('ABILITY_STARLIGHT_NAVIGATER',							'STARLIGHT_NAVIGATER_COMBAT'),
	('ABILITY_LONGSHIP_COASTAL_RAID',						'UNIT_COASTAL_RAID'),
	('ABILITY_ARTHASHASTRA_EXTRA_MOVEMENT',					'ARTHASHASTRA_EXTRA_MOVEMENT'),
	('ABILITY_COUNTER_ANTI_CAVALRY',						'WAR_CART_COUNTER_ANTI_CAVALRY'),
	('ABILITY_COMMEMORATION_RELIGIOUS_UNIT_SPEED_SIGHT',						'COMMEMORATION_RELIGIOUS_UNIT_MOVEMENT'),
	('ABILITY_COMMEMORATION_RELIGIOUS_UNIT_SPEED_SIGHT',						'COMMEMORATION_RELIGIOUS_UNIT_SIGHT'),
	('ABILITY_COMMEMORATION_RELIGIOUS_UNIT_STRENGTH',						'COMMEMORATION_RELIGIOUS_UNIT_STRENGTH_MODIFIER'),
	('ABILITY_COMMEMORATION_HD_DOMESTIC_ASSART_CIVILIAN_SPEED',						'COMMEMORATION_HD_DOMESTIC_ASSART_CIVILIAN_MOVEMENT'),
	('ABILITY_COMMEMORATION_HD_RELIGIOUS_WAR_MILITARY_SPEED',						'COMMEMORATION_HD_RELIGIOUS_WAR_MILITARY_MOVEMENT'),
	('ABILITY_COMMEMORATION_HD_RELIGIOUS_WAR_MILITARY_SPEED',						'COMMEMORATION_HD_RELIGIOUS_WAR_MILITARY_STRENGTH'),
	('ABILITY_COMMEMORATION_HD_RELIGIOUS_WAR_RELIGIOUS_SPEED',						'COMMEMORATION_HD_RELIGIOUS_WAR_RELIGIOUS_MOVEMENT'),
	('ABILITY_COMMEMORATION_HD_RELIGIOUS_WAR_RELIGIOUS_SPEED',						'COMMEMORATION_HD_RELIGIOUS_WAR_RELIGIOUS_STRENGTH'),
	('ABILITY_COMMEMORATION_EXPLORATION_CIVILIAN_SPEED',						'COMMEMORATION_EXPLORATION_CIVILIAN_MOVEMENT'),
	('ABILITY_COMMEMORATION_MILITARY_STRENGTH',						'COMMEMORATION_MILITARY_STRENGTH_MODIFIER'),
	('ABILITY_COMMEMORATION_MILITARY_STRENGTH',						'COMMEMORATION_MILITARY_STRENGTH_MOVEMENT'),
	('ABILITY_NAVAL_RAIDER_IGNORE_SEA_FEATURE',						'HD_NAVAL_RAIDER_IGNORE_SEA_FEATURE_MODIFIER'),
	('ABILITY_CITY_HAS_LUXURY_TRAIN_UNIT_MOVEMENT',						'HD_CITY_HAS_LUXURY_TRAIN_UNIT_MOVEMENT'),
	('ABILITY_HD_MAHABODHI_TEMPLE_IGNORE_FOREST',						'HD_MAHABODHI_TEMPLE_IGNORE_FOREST_MODIFIER'),
	('ABILITY_HD_MONT_ST_MICHEL_IGNORE_RIVER',						'HD_MONT_ST_MICHEL_IGNORE_RIVER_MODIFIER'),
	('ABILITY_HD_MONT_ST_MICHEL_IGNORE_RIVER',						'HD_MONT_ST_MICHEL_IGNORE_SHORE_MODIFIER'),
	('ABILITY_HD_MONT_ST_MICHEL_IGNORE_RIVER',						'HD_MONT_ST_MICHEL_IGNORE_MOVEMENT_MODIFIER'),
	('ABILITY_HD_CHINA_WUJUN_CAMP',						'HD_CHINA_WUJUN_CAMP_STRENGTH'),
	('ABILITY_HD_CHINA_WUJUN_CAMP',						'HD_CHINA_THREE_CAMPS_STRENGTH_IGNORE_DAMAGE'),
	('ABILITY_HD_CHINA_SANQIAN_CAMP',						'HD_CHINA_SANQIAN_CAMP_STRENGTH'),
	('ABILITY_HD_CHINA_SANQIAN_CAMP',						'HD_CHINA_THREE_CAMPS_STRENGTH_IGNORE_DAMAGE'),
	('ABILITY_HD_CHINA_SHENJI_CAMP',						'HD_CHINA_SHENJI_CAMP_STRENGTH'),
	('ABILITY_HD_CHINA_SHENJI_CAMP',						'HD_CHINA_THREE_CAMPS_STRENGTH_IGNORE_DAMAGE'),
	('ABILITY_HD_ENKIDU_BIRTH_EFFECT',						'HD_ENKIDU_IGNORE_FOREST_MODIFIER'),
	('ABILITY_HD_ENKIDU_BIRTH_EFFECT',						'HD_ENKIDU_3_TILES_EXP_BONUS_MODIFIER'),
	('ABILITY_HD_ENKIDU_BIRTH_EFFECT',						'HD_ENKIDU_STRENGTH_FROM_KILL'),
	('ABILITY_HD_ENKIDU_BIRTH_EFFECT',						'HD_ENKIDU_STRENGTH_FROM_ERA'),
	('ABILITY_HD_ENKIDU_EXP_BONUS',						'HD_ENKIDU_EXP_BONUS_MODIFIER'),
	('ABILITY_HD_BATTLE_CHEER',							'HD_BATTLE_CHEER_STRENGTH'),
	('ABILITY_HD_FIR_EXPEDITION',						'HD_FIR_EXPEDITION_MOVEMENT'),
	('ABILITY_HD_FIR_EXPEDITION',						'HD_FIR_EXPEDITION_HEAL'),
	('ABILITY_HD_LONGOX_TRIAL',							'HD_LONGOX_TRIAL_IGNORE_DAMAGE'),
	('ABILITY_QIN_ELITE_SOLDIER_MOVEMENT',							'HD_QIN_ELITE_SOLDIER_MOVEMENT'),
	('ABILITY_HD_QIN_ELITE_SOLDIER_STRENGTH',						'HD_QIN_ELITE_SOLDIER_STRENGTH'),
	('ABILITY_COMMEMORATION_HD_MILITARY_INDUSTRIAL_COMPLEX',						'HD_COMMEMORATION_HD_MILITARY_INDUSTRIAL_COMPLEX_STRENGTH'),
	('ABILITY_COMMEMORATION_HD_MILITARY_INDUSTRIAL_COMPLEX',						'HD_COMMEMORATION_HD_MILITARY_INDUSTRIAL_COMPLEX_KILL_SCIENCE'),
	('ABILITY_COMMEMORATION_HD_MILITARY_INDUSTRIAL_COMPLEX',						'HD_COMMEMORATION_HD_MILITARY_INDUSTRIAL_COMPLEX_KILL_GOLD');

insert or replace into UnitAbilityModifiers (UnitAbilityType, ModifierId) select
	'ABILITY_HD_BOROBUDUR_MILITARY_ENGINEER_NEGA_CHARGE_' || Count, 'ABILITY_HD_BOROBUDUR_MILITARY_ENGINEER_NEGA_CHARGE_' || Count || '_MODIFIER' from HDCounter where Count < 11;
insert or replace into UnitAbilityModifiers (UnitAbilityType, ModifierId) select
	'ABILITY_HD_BUILDER_NEGA_CHARGE_' || Count, 'ABILITY_HD_BUILDER_NEGA_CHARGE_' || Count || '_MODIFIER' from HDCounter where Count < 16;

insert or replace into Modifiers
	(ModifierId,																					ModifierType,																SubjectRequirementSetId)
values
	('LIGHT_CAVALRY_WEAKER_ATTACKING_DISTRICT',						'MODIFIER_UNIT_ADJUST_COMBAT_STRENGTH',			'ATTACKING_DISTRICTS_REQUIREMENTS'),
	('HEAVY_CAVALRY_WEAKER_ATTACKING_DISTRICT',						'MODIFIER_UNIT_ADJUST_COMBAT_STRENGTH',			'ATTACKING_DISTRICTS_REQUIREMENTS'),
	('WAR_CART_COUNTER_ANTI_CAVALRY',											'MODIFIER_UNIT_ADJUST_COMBAT_STRENGTH',			'COUNTER_ANTI_CAVALRY_REQUIREMENTS'),
	('COMMEMORATION_HD_RELIGIOUS_WAR_MILITARY_STRENGTH',	'MODIFIER_UNIT_ADJUST_COMBAT_STRENGTH',			'REQUIREMENTS_OPPONENT_IS_OTHER_RELIGION'),
	('HD_MONT_ST_MICHEL_IGNORE_MOVEMENT_MODIFIER',				'MODIFIER_PLAYER_UNIT_ADJUST_MOVEMENT',			'HD_PLOT_IS_COAST_OR_OCEAN'),
	('HD_ENKIDU_3_TILES_EXP_BONUS_MODIFIER',							'MODIFIER_PLAYER_UNITS_GRANT_ABILITY',			'HD_OBJECT_WITHIN_3_TILES'),
	('HD_QIN_ELITE_SOLDIER_MOVEMENT',											'MODIFIER_PLAYER_UNIT_ADJUST_MOVEMENT',			'PLOT_HAS_IMPROVEMENT_GREAT_WALL_REQUIREMENTS');

insert or replace into Modifiers
	(ModifierId,									ModifierType,							Permanent)
values
	('CATHERINE_BONUS_SIGHT_SPY',					'MODIFIER_PLAYER_UNIT_ADJUST_SIGHT',		1),
	('CATHERINE_BONUS_SIGHT_CIVILIAN_AND_RECON',	'MODIFIER_PLAYER_UNIT_ADJUST_SIGHT',		1),
	('HD_SPY_OBSERVER_ADJUST_SIGHT',				'MODIFIER_PLAYER_UNIT_ADJUST_SIGHT',		1),
	('INCA_IGNORE_HILLS',							'MODIFIER_PLAYER_UNIT_ADJUST_IGNORE_TERRAIN_COST',	1),
	('KONGO_IGNORE_WOODS',							'MODIFIER_PLAYER_UNIT_ADJUST_IGNORE_TERRAIN_COST',	1),
	('BYPASS_WALLS_WARRIOR_MONK',					'MODIFIER_PLAYER_UNIT_ADJUST_BYPASS_WALLS_PROMOTION_CLASS',1),
	('ENABLE_WALL_ATTACK_WARRIOR_MONK',				'MODIFIER_PLAYER_UNIT_ADJUST_ENABLE_WALL_ATTACK_PROMOTION_CLASS',1),
	('LIANG_EXTRA_MOVEMENT',						'MODIFIER_PLAYER_UNIT_ADJUST_MOVEMENT',		1),
	('BISHOP_EXTRA_MOVEMENT',						'MODIFIER_PLAYER_UNIT_ADJUST_MOVEMENT',		1),
	('BISHOP_TRAINED_UNIT_STRENGTH',				'MODIFIER_UNIT_ADJUST_COMBAT_STRENGTH',		1),
	('BISHOP_TRAINED_UNIT_EXP',						'MODIFIER_PLAYER_UNIT_ADJUST_UNIT_EXPERIENCE_MODIFIER',1),
	('VICTOR_TRAINED_UNIT_EXP',						'MODIFIER_PLAYER_UNIT_ADJUST_UNIT_EXPERIENCE_MODIFIER',1),
	('ABILITY_GOV_FAITH_COMBAT_STRENGTH_MODIFIER',	'MODIFIER_UNIT_ADJUST_COMBAT_STRENGTH',		1),
	('VICTOR_COMMANDER_STRENGTH_BUFF',              'MODIFIER_UNIT_ADJUST_COMBAT_STRENGTH',     0),
	('VICTOR_TRAINED_UNIT_STRENGTH',				'MODIFIER_UNIT_ADJUST_COMBAT_STRENGTH',		1),
	('ABILITY_GOV_MILITARY_MOVEMENT_MODIFIER',	     'MODIFIER_PLAYER_UNIT_ADJUST_MOVEMENT',	1),
	('ABILITY_GOV_MILITARY_COMBAT_STRENGTH_MODIFIER','MODIFIER_UNIT_ADJUST_COMBAT_STRENGTH',	1),
	('BARRACKS_TRAINED_UNIT_STRENGTH',				'MODIFIER_UNIT_ADJUST_COMBAT_STRENGTH',		1),
	('BASILIKOI_TRAINED_UNIT_STRENGTH',				'MODIFIER_UNIT_ADJUST_COMBAT_STRENGTH',		1),
	('STABLE_TRAINED_UNIT_STRENGTH',				'MODIFIER_UNIT_ADJUST_COMBAT_STRENGTH',		1),
	('ORDU_TRAINED_UNIT_STRENGTH',					'MODIFIER_UNIT_ADJUST_COMBAT_STRENGTH',		1),
	('MOSQUE_TRAINED_UNIT_STRENGTH',				'MODIFIER_UNIT_ADJUST_COMBAT_STRENGTH',		1),
	('MILITARY_ACADEMY_TRAINED_UNIT_STRENGTH',		'MODIFIER_UNIT_ADJUST_COMBAT_STRENGTH',		1),
	('SEAPORT_TRAINED_UNIT_STRENGTH',				'MODIFIER_UNIT_ADJUST_COMBAT_STRENGTH',		1),
	('SCHOLASTICISM_COMBAT_STRENGTH_BUFF',			'MODIFIER_UNIT_ADJUST_COMBAT_STRENGTH',		1),
	('FRANCIS_DRAKE_NAVAL_RAIDER_BONUS',			'MODIFIER_UNIT_ADJUST_COMBAT_STRENGTH',		1),
	('TERRACOTTA_ARMY_IGNORE_HILLS',				'MODIFIER_PLAYER_UNIT_ADJUST_IGNORE_TERRAIN_COST',	1),
	('TERRACOTTA_ARMY_IGNORE_FOREST',				'MODIFIER_PLAYER_UNIT_ADJUST_IGNORE_TERRAIN_COST',	1),
	('STARLIGHT_NAVIGATER_MOVEMENT',				'MODIFIER_PLAYER_UNIT_ADJUST_MOVEMENT',	1),
	('STARLIGHT_NAVIGATER_COMBAT',					'MODIFIER_UNIT_ADJUST_COMBAT_STRENGTH',	1),
	('COMMEMORATION_RELIGIOUS_UNIT_MOVEMENT',					'MODIFIER_PLAYER_UNIT_ADJUST_MOVEMENT',	0),
	('COMMEMORATION_RELIGIOUS_UNIT_SIGHT',						'MODIFIER_PLAYER_UNIT_ADJUST_SIGHT',	0),
	('COMMEMORATION_RELIGIOUS_UNIT_STRENGTH_MODIFIER',						'MODIFIER_UNIT_ADJUST_COMBAT_STRENGTH',	0),
	('COMMEMORATION_HD_DOMESTIC_ASSART_CIVILIAN_MOVEMENT',						'MODIFIER_PLAYER_UNIT_ADJUST_MOVEMENT',	0),
	('COMMEMORATION_HD_RELIGIOUS_WAR_MILITARY_MOVEMENT',						'MODIFIER_PLAYER_UNIT_ADJUST_MOVEMENT',	0),
	('COMMEMORATION_HD_RELIGIOUS_WAR_RELIGIOUS_MOVEMENT',						'MODIFIER_PLAYER_UNIT_ADJUST_MOVEMENT',	0),
	('COMMEMORATION_HD_RELIGIOUS_WAR_RELIGIOUS_STRENGTH',						'MODIFIER_UNIT_ADJUST_COMBAT_STRENGTH',	0),
	('COMMEMORATION_EXPLORATION_CIVILIAN_MOVEMENT',						'MODIFIER_PLAYER_UNIT_ADJUST_MOVEMENT',	0),
	('COMMEMORATION_MILITARY_STRENGTH_MODIFIER',						'MODIFIER_UNIT_ADJUST_COMBAT_STRENGTH',	0),
	('COMMEMORATION_MILITARY_STRENGTH_MOVEMENT',						'MODIFIER_PLAYER_UNIT_ADJUST_MOVEMENT',	0),
	('HD_NAVAL_RAIDER_IGNORE_SEA_FEATURE_MODIFIER',						'MODIFIER_PLAYER_UNIT_ADJUST_IGNORE_TERRAIN_COST',	0),
	('HD_CITY_HAS_LUXURY_TRAIN_UNIT_MOVEMENT',						'MODIFIER_PLAYER_UNIT_ADJUST_MOVEMENT',	1),
	('HD_MAHABODHI_TEMPLE_IGNORE_FOREST_MODIFIER',						'MODIFIER_PLAYER_UNIT_ADJUST_IGNORE_TERRAIN_COST',	0),
	('HD_MONT_ST_MICHEL_IGNORE_RIVER_MODIFIER',						'MODIFIER_PLAYER_UNIT_ADJUST_IGNORE_RIVERS',	0),
	('HD_MONT_ST_MICHEL_IGNORE_SHORE_MODIFIER',						'MODIFIER_PLAYER_UNIT_ADJUST_IGNORE_SHORES',	0),
	('HD_CHINA_WUJUN_CAMP_STRENGTH',										'MODIFIER_UNIT_ADJUST_COMBAT_STRENGTH',	0),
	('HD_CHINA_SANQIAN_CAMP_STRENGTH',										'MODIFIER_UNIT_ADJUST_COMBAT_STRENGTH',	0),
	('HD_CHINA_SHENJI_CAMP_STRENGTH',										'MODIFIER_UNIT_ADJUST_COMBAT_STRENGTH',	0),
	('HD_CHINA_THREE_CAMPS_STRENGTH_IGNORE_DAMAGE',			'MODIFIER_PLAYER_UNIT_ADJUST_STRENGTH_REDUCTION_FOR_DAMAGE_MODIFIER',	0),
	('HD_ENKIDU_IGNORE_FOREST_MODIFIER',						'MODIFIER_PLAYER_UNIT_ADJUST_IGNORE_TERRAIN_COST',	0),
	('HD_ENKIDU_EXP_BONUS_MODIFIER',						'MODIFIER_PLAYER_UNIT_ADJUST_UNIT_EXPERIENCE_MODIFIER',	0),
	('HD_BATTLE_CHEER_STRENGTH',							'MODIFIER_UNIT_ADJUST_COMBAT_STRENGTH',	0),
	('HD_FIR_EXPEDITION_MOVEMENT',						'MODIFIER_PLAYER_UNIT_ADJUST_MOVEMENT',	0),
	('HD_FIR_EXPEDITION_HEAL',								'MODIFIER_PLAYER_UNIT_ADJUST_HEAL_PER_TURN',	0),
	('HD_LONGOX_TRIAL_IGNORE_DAMAGE',			'MODIFIER_PLAYER_UNIT_ADJUST_STRENGTH_REDUCTION_FOR_DAMAGE_MODIFIER',	0),
	('HD_QIN_ELITE_SOLDIER_STRENGTH',									'MODIFIER_UNIT_ADJUST_COMBAT_STRENGTH', 0),
	('HD_COMMEMORATION_HD_MILITARY_INDUSTRIAL_COMPLEX_STRENGTH',									'MODIFIER_UNIT_ADJUST_COMBAT_STRENGTH', 0),
	('HD_COMMEMORATION_HD_MILITARY_INDUSTRIAL_COMPLEX_KILL_SCIENCE',							'MODIFIER_UNIT_ADJUST_POST_COMBAT_YIELD', 0),
	('HD_COMMEMORATION_HD_MILITARY_INDUSTRIAL_COMPLEX_KILL_GOLD',									'MODIFIER_UNIT_ADJUST_POST_COMBAT_YIELD', 0);

insert or replace into Modifiers (ModifierId, ModifierType) select
	'ABILITY_HD_BOROBUDUR_MILITARY_ENGINEER_NEGA_CHARGE_' || Count || '_MODIFIER', 'MODIFIER_UNIT_ADJUST_BUILDER_CHARGES' from HDCounter where Count < 11;
insert or replace into Modifiers (ModifierId, ModifierType) select
	'ABILITY_HD_BUILDER_NEGA_CHARGE_' || Count || '_MODIFIER', 'MODIFIER_UNIT_ADJUST_BUILDER_CHARGES' from HDCounter where Count < 16;

insert or replace into ModifierArguments
	(ModifierId,									Name,		Value)
values
	('CATHERINE_BONUS_SIGHT_SPY',					'Amount',	3),
	('CATHERINE_BONUS_SIGHT_CIVILIAN_AND_RECON',	'Amount',	1),
	('HD_SPY_OBSERVER_ADJUST_SIGHT',				'Amount',	2),
	('INCA_IGNORE_HILLS',							'Ignore',	1),
	('INCA_IGNORE_HILLS',							'Type',		'HILLS'),
	('KONGO_IGNORE_WOODS',							'Ignore',	1),
	('KONGO_IGNORE_WOODS',							'Type',		'FOREST'),
	('BYPASS_WALLS_WARRIOR_MONK',					'PromotionClass','PROMOTION_CLASS_MONK'),
	('ENABLE_WALL_ATTACK_WARRIOR_MONK',				'PromotionClass','PROMOTION_CLASS_MONK'),
	('LIANG_EXTRA_MOVEMENT',						'Amount',	2),
	('ABILITY_GOV_MILITARY_MOVEMENT_MODIFIER',		'Amount',	1),
	('BISHOP_EXTRA_MOVEMENT',						'Amount',	1),
	('BISHOP_TRAINED_UNIT_STRENGTH',				'Amount',	5),
	('BISHOP_TRAINED_UNIT_EXP',						'Amount',	100),
	('VICTOR_TRAINED_UNIT_EXP',						'Amount',	25),
	('ABILITY_GOV_FAITH_COMBAT_STRENGTH_MODIFIER',	'Amount',	5),
	('VICTOR_COMMANDER_STRENGTH_BUFF',              'Amount',   5),
	('VICTOR_TRAINED_UNIT_STRENGTH',				'Amount',	2),
	('LIGHT_CAVALRY_WEAKER_ATTACKING_DISTRICT',		'Amount',	-3),
	('HEAVY_CAVALRY_WEAKER_ATTACKING_DISTRICT',		'Amount',	-3),
	('BARRACKS_TRAINED_UNIT_STRENGTH',				'Amount',	2),
	('BASILIKOI_TRAINED_UNIT_STRENGTH',				'Amount',	3),
	('STABLE_TRAINED_UNIT_STRENGTH',				'Amount',	2),
	('ORDU_TRAINED_UNIT_STRENGTH',					'Amount',	3),
	('MILITARY_ACADEMY_TRAINED_UNIT_STRENGTH',		'Amount',	3),
	('SEAPORT_TRAINED_UNIT_STRENGTH',				'Amount',	3),
	('MOSQUE_TRAINED_UNIT_STRENGTH',				'Amount',	3),
	('SCHOLASTICISM_COMBAT_STRENGTH_BUFF',			'Amount',	7),
	('FRANCIS_DRAKE_NAVAL_RAIDER_BONUS',			'Amount',	2),
	('TERRACOTTA_ARMY_IGNORE_HILLS',				'Ignore',	1),	
	('TERRACOTTA_ARMY_IGNORE_HILLS',				'Type',		'HILLS'),
	('TERRACOTTA_ARMY_IGNORE_FOREST',				'Ignore',	1),	
	('TERRACOTTA_ARMY_IGNORE_FOREST',				'Type',		'FOREST'),	
	('STARLIGHT_NAVIGATER_MOVEMENT',				'Amount',	1),
	('STARLIGHT_NAVIGATER_COMBAT',					'Amount',	5),
	('WAR_CART_COUNTER_ANTI_CAVALRY',				'Amount',	10),
	('COMMEMORATION_RELIGIOUS_UNIT_MOVEMENT',				'Amount',	1),
	('COMMEMORATION_RELIGIOUS_UNIT_SIGHT',				'Amount',	1),
	('COMMEMORATION_RELIGIOUS_UNIT_STRENGTH_MODIFIER',				'Amount',	2),
	('COMMEMORATION_HD_DOMESTIC_ASSART_CIVILIAN_MOVEMENT',				'Amount',	2),
	('COMMEMORATION_HD_RELIGIOUS_WAR_MILITARY_MOVEMENT',				'Amount',	1),
	('COMMEMORATION_HD_RELIGIOUS_WAR_MILITARY_STRENGTH',				'Amount',	5),
	('COMMEMORATION_HD_RELIGIOUS_WAR_RELIGIOUS_MOVEMENT',				'Amount',	2),
	('COMMEMORATION_HD_RELIGIOUS_WAR_RELIGIOUS_STRENGTH',				'Amount',	5),
	('COMMEMORATION_EXPLORATION_CIVILIAN_MOVEMENT',				'Amount',	2),
	('COMMEMORATION_MILITARY_STRENGTH_MODIFIER',				'Amount',	7),
	('COMMEMORATION_MILITARY_STRENGTH_MOVEMENT',				'Amount',	2),
	('HD_NAVAL_RAIDER_IGNORE_SEA_FEATURE_MODIFIER',				'Ignore',	1),
	('HD_NAVAL_RAIDER_IGNORE_SEA_FEATURE_MODIFIER',				'Type',	'ALL'),
	('HD_CITY_HAS_LUXURY_TRAIN_UNIT_MOVEMENT',				'Amount',	1),
	('HD_MAHABODHI_TEMPLE_IGNORE_FOREST_MODIFIER',				'Type',	'FOREST'),
	('HD_MAHABODHI_TEMPLE_IGNORE_FOREST_MODIFIER',				'Ignore',	1),
	('HD_MONT_ST_MICHEL_IGNORE_RIVER_MODIFIER',				'Ignore',	1),
	('HD_MONT_ST_MICHEL_IGNORE_SHORE_MODIFIER',				'Ignore',	1),
	('HD_MONT_ST_MICHEL_IGNORE_MOVEMENT_MODIFIER',				'Amount',	2),
	('HD_CHINA_WUJUN_CAMP_STRENGTH',				'Amount',	3),
	('HD_CHINA_SANQIAN_CAMP_STRENGTH',				'Amount',	3),
	('HD_CHINA_SHENJI_CAMP_STRENGTH',				'Amount',	3),
	('HD_CHINA_THREE_CAMPS_STRENGTH_IGNORE_DAMAGE',				'Amount',	100),
	('HD_ENKIDU_IGNORE_FOREST_MODIFIER',				'Type',	'FOREST'),
	('HD_ENKIDU_IGNORE_FOREST_MODIFIER',				'Ignore',	1),
	('HD_ENKIDU_3_TILES_EXP_BONUS_MODIFIER',				'AbilityType',	'ABILITY_HD_ENKIDU_EXP_BONUS'),
	('HD_ENKIDU_EXP_BONUS_MODIFIER',				'Amount',	100),
	('HD_BATTLE_CHEER_STRENGTH',				'Amount',	5),
	('HD_FIR_EXPEDITION_MOVEMENT',				'Amount',	1),
	('HD_FIR_EXPEDITION_HEAL',				'Amount',	20),
	('HD_FIR_EXPEDITION_HEAL',				'Type',	'ALL'),
	('HD_LONGOX_TRIAL_IGNORE_DAMAGE',				'Amount',	100),
	('HD_QIN_ELITE_SOLDIER_MOVEMENT',				'Amount',	1),
	('HD_QIN_ELITE_SOLDIER_STRENGTH', 			'Key',				'HD_QIN_ELITE_SOLDIER_STRENGTH'),
	('HD_COMMEMORATION_HD_MILITARY_INDUSTRIAL_COMPLEX_STRENGTH', 			'Key',				'HD_COMMEMORATION_HD_MILITARY_INDUSTRIAL_COMPLEX_TAG'),
	('HD_COMMEMORATION_HD_MILITARY_INDUSTRIAL_COMPLEX_KILL_SCIENCE', 			'YieldType',				'YIELD_SCIENCE'),
	('HD_COMMEMORATION_HD_MILITARY_INDUSTRIAL_COMPLEX_KILL_SCIENCE', 			'PercentDefeatedStrength',				200),
	('HD_COMMEMORATION_HD_MILITARY_INDUSTRIAL_COMPLEX_KILL_GOLD', 			'YieldType',				'YIELD_GOLD'),
	('HD_COMMEMORATION_HD_MILITARY_INDUSTRIAL_COMPLEX_KILL_GOLD', 			'PercentDefeatedStrength',				200);

insert or replace into ModifierArguments (ModifierId, Name, Value) select
	'ABILITY_HD_BOROBUDUR_MILITARY_ENGINEER_NEGA_CHARGE_' || Count || '_MODIFIER', 'Amount', -1 from HDCounter where Count < 11;
insert or replace into ModifierArguments (ModifierId, Name, Value) select
	'ABILITY_HD_BUILDER_NEGA_CHARGE_' || Count || '_MODIFIER', 'Amount', -1 from HDCounter where Count < 16;

insert or replace into ModifierStrings
	(ModifierId,										Context,	Text)
values
	-- ('INCA_IGNORE_HILLS',								'Preview',	'{LOC_ABILITY_INCA_IGNORE_HILLS_DESCRIPTION} {LOC_ABILITY_DESCRIPTOR_PREVIEW_TEXT}'),
	('BISHOP_TRAINED_UNIT_STRENGTH',					'Preview',	'+{1_Amount} {LOC_BISHOP_TRAINED_UNIT_STRENGTH_PREVIEW_TEXT}'),
	('BISHOP_TRAINED_UNIT_EXP',							'Preview',	'+{1_Amount} {LOC_BISHOP_TRAINED_UNIT_EXP_PREVIEW_TEXT}'),
	('VICTOR_TRAINED_UNIT_EXP',							'Preview',	'+{1_Amount} {LOC_VICTOR_TRAINED_UNIT_EXP_PREVIEW_TEXT}'),
	('ABILITY_GOV_FAITH_COMBAT_STRENGTH_MODIFIER',		'Preview',	'+{1_Amount} {LOC_ABILITY_GOV_FAITH_COMBAT_STRENGTH_MODIFIER_PREVIEW_TEXT}'),
	('VICTOR_COMMANDER_STRENGTH_BUFF',                  'Preview',  '+{1_Amount} {LOC_VICTOR_COMMANDER_STRENGTH_BUFF_PREVIEW_TEXT}'),
	('VICTOR_TRAINED_UNIT_STRENGTH',					'Preview',	'+{1_Amount} {LOC_VICTOR_TRAINED_UNIT_STRENGTH_PREVIEW_TEXT}'),
	('ABILITY_GOV_MILITARY_COMBAT_STRENGTH_MODIFIER',	'Preview',	'+{1_Amount} {LOC_ABILITY_GOV_MILITARY_COMBAT_STRENGTH_MODIFIER_PREVIEW_TEXT}'),
	('ABILITY_GOV_MILITARY_MOVEMENT_MODIFIER',			'Preview',	'+{1_Amount} {LOC_ABILITY_GOV_MILITARY_MOVEMENT_MODIFIER_PREVIEW_TEXT}'),
	('LIGHT_CAVALRY_WEAKER_ATTACKING_DISTRICT',			'Preview',	'{1_Amount} {LOC_CAVALRY_WEAKER_ATTACKING_DISTRICT_PREVIEW_TEXT}'),
	('HEAVY_CAVALRY_WEAKER_ATTACKING_DISTRICT',			'Preview',	'{1_Amount} {LOC_CAVALRY_WEAKER_ATTACKING_DISTRICT_PREVIEW_TEXT}'),
	('BARRACKS_TRAINED_UNIT_STRENGTH',					'Preview',	'+{1_Amount} {LOC_BARRACKS_TRAINED_UNIT_STRENGTH_PREVIEW_TEXT}'),
	('BASILIKOI_TRAINED_UNIT_STRENGTH',					'Preview',	'+{1_Amount} {LOC_BASILIKOI_TRAINED_UNIT_STRENGTH_PREVIEW_TEXT}'),
	('STABLE_TRAINED_UNIT_STRENGTH',					'Preview',	'+{1_Amount} {LOC_STABLE_TRAINED_UNIT_STRENGTH_PREVIEW_TEXT}'),
	('ORDU_TRAINED_UNIT_STRENGTH',						'Preview',	'+{1_Amount} {LOC_ORDU_TRAINED_UNIT_STRENGTH_PREVIEW_TEXT}'),
	('MOSQUE_TRAINED_UNIT_STRENGTH',					'Preview',	'+{1_Amount} {LOC_MOSQUE_TRAINED_UNIT_STRENGTH_PREVIEW_TEXT}'),
	('SEAPORT_TRAINED_UNIT_STRENGTH',					'Preview',	'+{1_Amount} {LOC_SEAPORT_TRAINED_UNIT_STRENGTH_PREVIEW_TEXT}'),
	('MILITARY_ACADEMY_TRAINED_UNIT_STRENGTH',			'Preview',	'+{1_Amount} {LOC_MILITARY_ACADEMY_TRAINED_UNIT_STRENGTH_PREVIEW_TEXT}'),
	('SCHOLASTICISM_COMBAT_STRENGTH_BUFF',				'Preview',	'+{1_Amount} {LOC_SCHOLASTICISM_COMBAT_STRENGTH_BUFF_PREVIEW_TEXT}'),
	('FRANCIS_DRAKE_NAVAL_RAIDER_BONUS',				'Preview',	'+{1_Amount} {LOC_GREAT_PERSON_INDIVIDUAL_FRANCIS_DRAKE_NAME}'),
	('WAR_CART_COUNTER_ANTI_CAVALRY',					'Preview',	'+{1_Amount} {LOC_WAR_CART_COUNTER_ANTI_CAVALRY}'),
	('COMMEMORATION_RELIGIOUS_UNIT_STRENGTH_MODIFIER',					'Preview',	'+{1_Amount} {LOC_ABILITY_COMMEMORATION_RELIGIOUS_UNIT_STRENGTH_MODIFIER_TEXT}'),
	('COMMEMORATION_HD_RELIGIOUS_WAR_MILITARY_STRENGTH',					'Preview',	'+{1_Amount} {LOC_ABILITY_COMMEMORATION_HD_RELIGIOUS_WAR_MILITARY_STRENGTH_TEXT}'),
	('COMMEMORATION_HD_RELIGIOUS_WAR_RELIGIOUS_STRENGTH',					'Preview',	'+{1_Amount} {LOC_ABILITY_COMMEMORATION_HD_RELIGIOUS_WAR_RELIGIOUS_STRENGTH_TEXT}'),
	('COMMEMORATION_MILITARY_STRENGTH_MODIFIER',					'Preview',	'+{1_Amount} {LOC_COMMEMORATION_MILITARY_STRENGTH_MODIFIER_TEXT}'),
	('HD_CHINA_WUJUN_CAMP_STRENGTH',					'Preview',	'+{1_Amount} {LOC_HD_CHINA_WUJUN_CAMP_STRENGTH_TEXT}'),
	('HD_CHINA_SANQIAN_CAMP_STRENGTH',					'Preview',	'+{1_Amount} {LOC_HD_CHINA_SANQIAN_CAMP_STRENGTH_TEXT}'),
	('HD_CHINA_SHENJI_CAMP_STRENGTH',					'Preview',	'+{1_Amount} {LOC_HD_CHINA_SHENJI_CAMP_STRENGTH_TEXT}'),
	('HD_BATTLE_CHEER_STRENGTH',					'Preview',	'+{1_Amount} {LOC_HD_BATTLE_CHEER_STRENGTH_TEXT}'),
	('HD_QIN_ELITE_SOLDIER_STRENGTH',	'Preview',	'LOC_HD_QIN_ELITE_SOLDIER_STRENGTH_TEXT'),
	('HD_COMMEMORATION_HD_MILITARY_INDUSTRIAL_COMPLEX_STRENGTH',	'Preview',	'LOC_HD_COMMEMORATION_HD_MILITARY_INDUSTRIAL_COMPLEX_STRENGTH_TEXT');

-- UnitAbilities for Unique Units
delete from UnitAbilityModifiers where UnitAbilityType = 'ABILITY_NAGAO' and ModifierId = 'NAGAO_FOREST_MOVEMENT';
insert or replace into UnitAbilityModifiers
	(UnitAbilityType,									ModifierId)
values
	('ABILITY_HD_BATTLECRY',							'HD_BATTLECRY_BONUS'),
	('ABILITY_HD_GAIN_SCIENCE_WHEN_KILLS',				'GAIN_SCIENCE_WHEN_KILLS'),
	('ABILITY_NAGAO',									'HD_FOREST_AND_JUNGLE_COMBAT_BONUS');

insert or replace into Modifiers
	(ModifierId,									ModifierType,								SubjectRequirementSetId)
values
	('HD_BATTLECRY_BONUS',							'MODIFIER_UNIT_ADJUST_COMBAT_STRENGTH',		'BATTLECRY_REQUIREMENTS'),
	('GAIN_SCIENCE_WHEN_KILLS',						'MODIFIER_UNIT_ADJUST_POST_COMBAT_YIELD',	NULL);

insert or replace into ModifierArguments
	(ModifierId,									Name,						Value)
values
	('HD_BATTLECRY_BONUS',							'Amount',					7),
	('GAIN_SCIENCE_WHEN_KILLS',						'YieldType',				'YIELD_SCIENCE'),
	('GAIN_SCIENCE_WHEN_KILLS',						'PercentDefeatedStrength',	50);

insert or replace into ModifierStrings
	(ModifierId,										Context,	Text)
values
	('HD_BATTLECRY_BONUS',								'Preview',	'+{1_Amount} {LOC_HD_BATTLECRY_BONUS_PREVIEW_TEXT}');
