-- Basic yield
insert or replace into Building_YieldChanges
	(BuildingType,				YieldType,			YieldChange)
values
	('BUILDING_CATHEDRAL',		'YIELD_FAITH',		8),
	('BUILDING_GURDWARA',		'YIELD_FAITH',		8),
	('BUILDING_GURDWARA',		'YIELD_FOOD',		4),
	('BUILDING_MEETING_HOUSE',	'YIELD_FAITH',		8),
	('BUILDING_MEETING_HOUSE',	'YIELD_PRODUCTION',	4),
	('BUILDING_MOSQUE',			'YIELD_FAITH',		14),
	('BUILDING_PAGODA',			'YIELD_FAITH',		8),
	('BUILDING_SYNAGOGUE',		'YIELD_FAITH',		14),
	('BUILDING_WAT',			'YIELD_FAITH',		8),
	('BUILDING_WAT',			'YIELD_SCIENCE',	4),
	('BUILDING_STUPA',			'YIELD_FAITH',		8),
	('BUILDING_STUPA',			'YIELD_FOOD',		4),
	('BUILDING_DAR_E_MEHR',		'YIELD_FAITH',		8),
	('BUILDING_DAR_E_MEHR',		'YIELD_CULTURE',		4);
update Buildings set Housing = 2 where BuildingType = 'BUILDING_GURDWARA';
update Buildings set Entertainment = 2 where BuildingType = 'BUILDING_STUPA';
update Building_YieldsPerEra set YieldChange = 2 where BuildingType = 'BUILDING_DAR_E_MEHR';
update Building_GreatWorks set GreatWorkSlotType = 'GREATWORKSLOT_ART', NumSlots = 2 where BuildingType = 'BUILDING_CATHEDRAL';
insert or replace into Building_GreatWorks
	(BuildingType,					GreatWorkSlotType,					NumSlots)
values
	('BUILDING_PAGODA',			'GREATWORKSLOT_WRITING',		2),
	('BUILDING_CATHEDRAL',	'GREATWORKSLOT_MUSIC',			1);
-- Modifiers
insert or replace into BuildingModifiers
	(BuildingType,					ModifierId)
values
	('BUILDING_GURDWARA',			'GURDWARA_FOOD_PERCENTAGE_BOOST'),
	('BUILDING_MEETING_HOUSE',		'MEETING_HOUSE_PRODUCTION_PERCENTAGE_BOOST'),
	('BUILDING_WAT',				'WAT_SCIENCE_PERCENTAGE_BOOST'),
	('BUILDING_PAGODA',				'HD_PAGODA_EXTRA_GREAT_WRITER_POINTS'),
	('BUILDING_PAGODA',				'HD_PAGODA_WRITING_FAITH'),
	('BUILDING_PAGODA',				'HD_PAGODA_WRITING_TOURISM'),
	('BUILDING_PAGODA',				'HD_PAGODA_WRITING_CULTURE'),
	('BUILDING_SYNAGOGUE',			'SYNAGOGUE_FAITH_PERCENTAGE_BOOST'),
	('BUILDING_STUPA',				'STUPA_AMENTITY_BONUS'),
	('BUILDING_MOSQUE',				'MOSQUE_TRAINED_STRENGTH_MODIFIER'),
	-- ('BUILDING_DAR_E_MEHR',			'DAR_E_MEHR_FREE_MISSIONARY'),
	('BUILDING_DAR_E_MEHR',			'DAR_E_MEHR_CULTURE_PERCENTAGE_BOOST'),
	('BUILDING_CATHEDRAL',			'CATHEDRAL_EXTRA_GREAT_ARTIST_POINTS'),
	('BUILDING_CATHEDRAL',			'CATHEDRAL_EXTRA_GREAT_MUSICIAN_POINTS'),
	('BUILDING_CATHEDRAL',			'CATHEDRAL_RELIGIOUS_ART_TOURISM_BONUS'),
	('BUILDING_CATHEDRAL',			'CATHEDRAL_SCULPTURE_TOURISM_BONUS'),
	('BUILDING_CATHEDRAL',			'CATHEDRAL_PORTRAIT_TOURISM_BONUS'),
	('BUILDING_CATHEDRAL',			'CATHEDRAL_LANDSCAPE_TOURISM_BONUS'),
	('BUILDING_CATHEDRAL',			'CATHEDRAL_MUSIC_TOURISM_BONUS'),
	('BUILDING_CATHEDRAL',			'CATHEDRAL_RELIGIOUS_ART_CULTURE_BONUS'),
	('BUILDING_CATHEDRAL',			'CATHEDRAL_SCULPTURE_CULTURE_BONUS'),
	('BUILDING_CATHEDRAL',			'CATHEDRAL_PORTRAIT_CULTURE_BONUS'),
	('BUILDING_CATHEDRAL',			'CATHEDRAL_LANDSCAPE_CULTURE_BONUS'),
	('BUILDING_CATHEDRAL',			'CATHEDRAL_MUSIC_CULTURE_BONUS');
insert or replace into Modifiers
	(ModifierId,									ModifierType)
values
	('GURDWARA_FOOD_PERCENTAGE_BOOST',				'MODIFIER_SINGLE_CITY_ADJUST_CITY_YIELD_MODIFIER'),
	('MEETING_HOUSE_PRODUCTION_PERCENTAGE_BOOST',	'MODIFIER_SINGLE_CITY_ADJUST_CITY_YIELD_MODIFIER'),
	('WAT_SCIENCE_PERCENTAGE_BOOST', 				'MODIFIER_SINGLE_CITY_ADJUST_CITY_YIELD_MODIFIER'),
	('HD_PAGODA_EXTRA_GREAT_WRITER_POINTS',	'MODIFIER_PLAYER_ADJUST_GREAT_PERSON_POINTS_PERCENT'),
	('HD_PAGODA_WRITING_FAITH',							'MODIFIER_SINGLE_CITY_ADJUST_GREATWORK_YIELD'),
	('HD_PAGODA_WRITING_TOURISM',						'MODIFIER_SINGLE_CITY_ADJUST_TOURISM'),
	('HD_PAGODA_WRITING_CULTURE',						'MODIFIER_SINGLE_CITY_ADJUST_GREATWORK_YIELD'),
	('DAR_E_MEHR_CULTURE_PERCENTAGE_BOOST', 				'MODIFIER_SINGLE_CITY_ADJUST_CITY_YIELD_MODIFIER'),
	('SYNAGOGUE_FAITH_PERCENTAGE_BOOST',			'MODIFIER_SINGLE_CITY_ADJUST_CITY_YIELD_MODIFIER'),
	('STUPA_AMENTITY_BONUS',						'MODIFIER_SINGLE_CITY_ADJUST_EXTRA_AMENITY_FOR_LUXURY_DIVERSITY'),
	('CATHEDRAL_EXTRA_GREAT_ARTIST_POINTS',		'MODIFIER_PLAYER_ADJUST_GREAT_PERSON_POINTS_PERCENT'),
	('CATHEDRAL_EXTRA_GREAT_MUSICIAN_POINTS',		'MODIFIER_PLAYER_ADJUST_GREAT_PERSON_POINTS_PERCENT'),
	('CATHEDRAL_RELIGIOUS_ART_TOURISM_BONUS',		'MODIFIER_SINGLE_CITY_ADJUST_TOURISM'),
	('CATHEDRAL_SCULPTURE_TOURISM_BONUS',			'MODIFIER_SINGLE_CITY_ADJUST_TOURISM'),
	('CATHEDRAL_PORTRAIT_TOURISM_BONUS',			'MODIFIER_SINGLE_CITY_ADJUST_TOURISM'),
	('CATHEDRAL_LANDSCAPE_TOURISM_BONUS',			'MODIFIER_SINGLE_CITY_ADJUST_TOURISM'),
	('CATHEDRAL_MUSIC_TOURISM_BONUS',			'MODIFIER_SINGLE_CITY_ADJUST_TOURISM'),
	('CATHEDRAL_RELIGIOUS_ART_CULTURE_BONUS',		'MODIFIER_SINGLE_CITY_ADJUST_GREATWORK_YIELD'),
	('CATHEDRAL_SCULPTURE_CULTURE_BONUS',			'MODIFIER_SINGLE_CITY_ADJUST_GREATWORK_YIELD'),
	('CATHEDRAL_PORTRAIT_CULTURE_BONUS',			'MODIFIER_SINGLE_CITY_ADJUST_GREATWORK_YIELD'),
	('CATHEDRAL_LANDSCAPE_CULTURE_BONUS',			'MODIFIER_SINGLE_CITY_ADJUST_GREATWORK_YIELD'),
	('CATHEDRAL_MUSIC_CULTURE_BONUS',			'MODIFIER_SINGLE_CITY_ADJUST_GREATWORK_YIELD');
insert or replace into Modifiers
	(ModifierId,									RunOnce,	Permanent,	ModifierType)
values
	-- ('DAR_E_MEHR_FREE_MISSIONARY',					1,			1,			'MODIFIER_SINGLE_CITY_GRANT_UNIT_IN_CITY'),
	('MOSQUE_TRAINED_STRENGTH_MODIFIER',			0,			1,			'MODIFIER_SINGLE_CITY_GRANT_ABILITY_FOR_TRAINED_UNITS');
insert or replace into ModifierArguments
	(ModifierId,												Name,						Value)
values
	('GURDWARA_FOOD_PERCENTAGE_BOOST',							'YieldType',				'YIELD_FOOD'),
	('GURDWARA_FOOD_PERCENTAGE_BOOST',							'Amount',					10),
	('MEETING_HOUSE_PRODUCTION_PERCENTAGE_BOOST',				'YieldType',				'YIELD_PRODUCTION'),
	('MEETING_HOUSE_PRODUCTION_PERCENTAGE_BOOST',				'Amount',					10),
	('WAT_SCIENCE_PERCENTAGE_BOOST',							'YieldType',				'YIELD_SCIENCE'),
	('WAT_SCIENCE_PERCENTAGE_BOOST',							'Amount',					10),
	('DAR_E_MEHR_CULTURE_PERCENTAGE_BOOST',							'YieldType',				'YIELD_CULTURE'),
	('DAR_E_MEHR_CULTURE_PERCENTAGE_BOOST',							'Amount',					10),
	
	('HD_PAGODA_EXTRA_GREAT_WRITER_POINTS',	'GreatPersonClassType',		'GREAT_PERSON_CLASS_WRITER'),
	('HD_PAGODA_EXTRA_GREAT_WRITER_POINTS',	'Amount',									20),
	('HD_PAGODA_WRITING_FAITH',							'GreatWorkObjectType',		'GREATWORKOBJECT_WRITING'),
	('HD_PAGODA_WRITING_FAITH',							'YieldType',							'YIELD_FAITH'),
	('HD_PAGODA_WRITING_FAITH',							'YieldChange',						4),
	('HD_PAGODA_WRITING_TOURISM',						'GreatWorkObjectType',		'GREATWORKOBJECT_WRITING'),
	('HD_PAGODA_WRITING_TOURISM',						'ScalingFactor',					150),
	('HD_PAGODA_WRITING_CULTURE',						'ScalingFactor',					125),
	('HD_PAGODA_WRITING_CULTURE',						'YieldType',							'YIELD_CULTURE'),
	('HD_PAGODA_WRITING_CULTURE',						'GreatWorkObjectType',		'GREATWORKOBJECT_WRITING'),

	('SYNAGOGUE_FAITH_PERCENTAGE_BOOST',						'YieldType',				'YIELD_FAITH'),
	('SYNAGOGUE_FAITH_PERCENTAGE_BOOST',						'Amount',					10),
	('STUPA_AMENTITY_BONUS',									'Amount',					1),
	('MOSQUE_TRAINED_STRENGTH_MODIFIER',						'AbilityType',				'ABILITY_MOSQUE_TRAINED_UNIT_STRENGTH'),
	-- ('DAR_E_MEHR_FREE_MISSIONARY',								'UnitType',					'UNIT_MISSIONARY'),
	-- ('DAR_E_MEHR_FREE_MISSIONARY',								'Amount',					1),
	('CATHEDRAL_EXTRA_GREAT_ARTIST_POINTS',			'GreatPersonClassType',				'GREAT_PERSON_CLASS_ARTIST'),
	('CATHEDRAL_EXTRA_GREAT_ARTIST_POINTS',			'Amount',					10),
	('CATHEDRAL_EXTRA_GREAT_MUSICIAN_POINTS',			'GreatPersonClassType',				'GREAT_PERSON_CLASS_MUSICIAN'),
	('CATHEDRAL_EXTRA_GREAT_MUSICIAN_POINTS',			'Amount',					10),
	('CATHEDRAL_RELIGIOUS_ART_TOURISM_BONUS',					'GreatWorkObjectType',		'GREATWORKOBJECT_RELIGIOUS'),
	('CATHEDRAL_RELIGIOUS_ART_TOURISM_BONUS',					'ScalingFactor',			200),
	('CATHEDRAL_SCULPTURE_TOURISM_BONUS',						'GreatWorkObjectType',		'GREATWORKOBJECT_SCULPTURE'),
	('CATHEDRAL_SCULPTURE_TOURISM_BONUS',						'ScalingFactor',			200),
	('CATHEDRAL_PORTRAIT_TOURISM_BONUS',						'GreatWorkObjectType',		'GREATWORKOBJECT_PORTRAIT'),
	('CATHEDRAL_PORTRAIT_TOURISM_BONUS',						'ScalingFactor',			200),
	('CATHEDRAL_LANDSCAPE_TOURISM_BONUS',						'GreatWorkObjectType',		'GREATWORKOBJECT_LANDSCAPE'),
	('CATHEDRAL_LANDSCAPE_TOURISM_BONUS',						'ScalingFactor',			200),
	('CATHEDRAL_MUSIC_TOURISM_BONUS',						'GreatWorkObjectType',		'GREATWORKOBJECT_MUSIC'),
	('CATHEDRAL_MUSIC_TOURISM_BONUS',						'ScalingFactor',			200),
	('CATHEDRAL_RELIGIOUS_ART_CULTURE_BONUS',					'GreatWorkObjectType',		'GREATWORKOBJECT_RELIGIOUS'),
	('CATHEDRAL_RELIGIOUS_ART_CULTURE_BONUS',					'YieldType',				'YIELD_CULTURE'),
	('CATHEDRAL_RELIGIOUS_ART_CULTURE_BONUS',					'ScalingFactor',			125),
	('CATHEDRAL_SCULPTURE_CULTURE_BONUS',						'GreatWorkObjectType',		'GREATWORKOBJECT_SCULPTURE'),
	('CATHEDRAL_SCULPTURE_CULTURE_BONUS',						'YieldType',				'YIELD_CULTURE'),
	('CATHEDRAL_SCULPTURE_CULTURE_BONUS',						'ScalingFactor',			125),
	('CATHEDRAL_PORTRAIT_CULTURE_BONUS',						'GreatWorkObjectType',		'GREATWORKOBJECT_PORTRAIT'),
	('CATHEDRAL_PORTRAIT_CULTURE_BONUS',						'YieldType',				'YIELD_CULTURE'),
	('CATHEDRAL_PORTRAIT_CULTURE_BONUS',						'ScalingFactor',			125),
	('CATHEDRAL_LANDSCAPE_CULTURE_BONUS',						'GreatWorkObjectType',		'GREATWORKOBJECT_LANDSCAPE'),
	('CATHEDRAL_LANDSCAPE_CULTURE_BONUS',						'YieldType',				'YIELD_CULTURE'),
	('CATHEDRAL_LANDSCAPE_CULTURE_BONUS',						'ScalingFactor',			125),
	('CATHEDRAL_MUSIC_CULTURE_BONUS',						'GreatWorkObjectType',		'GREATWORKOBJECT_MUSIC'),
	('CATHEDRAL_MUSIC_CULTURE_BONUS',						'YieldType',				'YIELD_CULTURE'),
	('CATHEDRAL_MUSIC_CULTURE_BONUS',						'ScalingFactor',			125);